seed,strategy,N,k0,chosen_template,E11_rotation,E12_rotation,qualified_pair,E11_time_per_source_s,E12_time_per_source_s,delta_time_per_source_s,delta_total_virtual_s,delta_movement_m,delta_measurements,delta_switches,delta_clear_attempts,delta_clear_failures,E11_movement_s,E12_movement_s,delta_movement_s,E11_measurement_s,E12_measurement_s,delta_measurement_s,E11_switch_s,E12_switch_s,delta_switch_s,E11_clear_success_s,E12_clear_success_s,delta_clear_success_s,E11_clear_failure_s,E12_clear_failure_s,delta_clear_failure_s
27182800,T2,11,5,7,0,25,True,301.1978931818182,323.74203118181816,22.544137999999975,247.98551799999996,1059.9275900657576,7,4,-1,-1,2480.176825410531,2692.1623434236826,211.9855180131517,650.0,685.0,35.0,122.0,126.0,4.0,55.0,55.0,0.0,6.0,3.0,-3.0
27182800,T4,11,5,7,0,25,True,301.1978931818182,323.74203118181816,22.544137999999975,247.98551799999996,1059.9275900657576,7,4,-1,-1,2480.176825410531,2692.1623434236826,211.9855180131517,650.0,685.0,35.0,122.0,126.0,4.0,55.0,55.0,0.0,6.0,3.0,-3.0
27182800,T6,11,5,6,0,0,True,301.1978931818182,301.1978931818182,0.0,0.0,0.0,0,0,0,0,2480.176825410531,2480.176825410531,0.0,650.0,650.0,0.0,122.0,122.0,0.0,55.0,55.0,0.0,6.0,6.0,0.0
27182801,T2,12,9,7,5,35,True,219.84283875000003,238.10353758333335,18.260698833333322,219.12838599999986,565.6419298747587,18,16,0,0,1943.1140652543907,2056.242451229342,113.12838597495124,540.0,630.0,90.0,95.0,111.0,16.0,60.0,60.0,0.0,0.0,0.0,0.0
27182801,T4,12,9,7,5,35,True,219.84283875000003,238.10353758333335,18.260698833333322,219.12838599999986,565.6419298747587,18,16,0,0,1943.1140652543907,2056.242451229342,113.12838597495124,540.0,630.0,90.0,95.0,111.0,16.0,60.0,60.0,0.0,0.0,0.0,0.0
27182801,T6,12,9,7,5,35,True,219.84283875000003,238.10353758333335,18.260698833333322,219.12838599999986,565.6419298747587,18,16,0,0,1943.1140652543907,2056.242451229342,113.12838597495124,540.0,630.0,90.0,95.0,111.0,16.0,60.0,60.0,0.0,0.0,0.0,0.0
27182802,T2,13,8,7,35,35,True,257.20493376923076,247.63582638461537,-9.569107384615393,-124.39839600000005,-651.9919817758,3,-3,-2,-2,2574.664139491425,2444.2657431362654,-130.39839635515955,585.0,600.0,15.0,110.0,107.0,-3.0,65.0,65.0,0.0,9.0,3.0,-6.0
27182802,T4,13,8,7,35,35,True,257.20493376923076,247.63582638461537,-9.569107384615393,-124.39839600000005,-651.9919817758,3,-3,-2,-2,2574.664139491425,2444.2657431362654,-130.39839635515955,585.0,600.0,15.0,110.0,107.0,-3.0,65.0,65.0,0.0,9.0,3.0,-6.0
27182802,T6,13,8,7,35,35,True,257.20493376923076,247.63582638461537,-9.569107384615393,-124.39839600000005,-651.9919817758,3,-3,-2,-2,2574.664139491425,2444.2657431362654,-130.39839635515955,585.0,600.0,15.0,110.0,107.0,-3.0,65.0,65.0,0.0,9.0,3.0,-6.0
27182803,T2,14,5,7,40,10,True,301.2950259285714,282.6462356428571,-18.648790285714313,-261.0830640000004,-1810.415321340557,17,16,0,0,3459.1303634073706,3097.0472991392558,-362.08306426811487,585.0,670.0,85.0,104.0,120.0,16.0,70.0,70.0,0.0,0.0,0.0,0.0
27182803,T4,14,5,7,40,10,True,301.2950259285714,282.6462356428571,-18.648790285714313,-261.0830640000004,-1810.415321340557,17,16,0,0,3459.1303634073706,3097.0472991392558,-362.08306426811487,585.0,670.0,85.0,104.0,120.0,16.0,70.0,70.0,0.0,0.0,0.0,0.0
27182803,T6,14,5,6,40,40,True,301.2950259285714,301.2950259285714,0.0,0.0,0.0,0,0,0,0,3459.1303634073706,3459.1303634073706,0.0,585.0,585.0,0.0,104.0,104.0,0.0,70.0,70.0,0.0,0.0,0.0,0.0
27182804,T2,15,9,7,45,40,True,240.9211144,235.8560118,-5.065102599999989,-75.97653899999978,-714.8826998250734,11,9,1,1,2916.816716471626,2773.8401765066114,-142.97653996501458,525.0,580.0,55.0,94.0,103.0,9.0,75.0,75.0,0.0,3.0,6.0,3.0
27182804,T4,15,9,7,45,40,True,240.9211144,235.8560118,-5.065102599999989,-75.97653899999978,-714.8826998250734,11,9,1,1,2916.816716471626,2773.8401765066114,-142.97653996501458,525.0,580.0,55.0,94.0,103.0,9.0,75.0,75.0,0.0,3.0,6.0,3.0
27182804,T6,15,9,7,45,40,True,240.9211144,235.8560118,-5.065102599999989,-75.97653899999978,-714.8826998250734,11,9,1,1,2916.816716471626,2773.8401765066114,-142.97653996501458,525.0,580.0,55.0,94.0,103.0,9.0,75.0,75.0,0.0,3.0,6.0,3.0
27182805,T2,16,12,7,25,35,True,184.8496455,186.0035324375,1.1538869375000047,18.462191000000075,267.3109547331078,-6,-8,1,1,2294.594328308372,2348.0565192549943,53.462190946622286,495.0,465.0,-30.0,88.0,80.0,-8.0,80.0,80.0,0.0,0.0,3.0,3.0
27182805,T4,16,12,7,25,35,True,184.8496455,186.0035324375,1.1538869375000047,18.462191000000075,267.3109547331078,-6,-8,1,1,2294.594328308372,2348.0565192549943,53.462190946622286,495.0,465.0,-30.0,88.0,80.0,-8.0,80.0,80.0,0.0,0.0,3.0,3.0
27182805,T6,16,12,7,25,35,True,184.8496455,186.0035324375,1.1538869375000047,18.462191000000075,267.3109547331078,-6,-8,1,1,2294.594328308372,2348.0565192549943,53.462190946622286,495.0,465.0,-30.0,88.0,80.0,-8.0,80.0,80.0,0.0,0.0,3.0,3.0
27182806,T2,10,4,7,10,5,True,337.45898320000003,335.74011,-1.7188732000000186,-17.188732000000073,-645.9436560303348,19,14,1,1,2646.589831689971,2517.4011004839044,-129.18873120606668,565.0,660.0,95.0,110.0,124.0,14.0,50.0,50.0,0.0,3.0,6.0,3.0
27182806,T4,10,4,7,10,5,True,337.45898320000003,335.74011,-1.7188732000000186,-17.188732000000073,-645.9436560303348,19,14,1,1,2646.589831689971,2517.4011004839044,-129.18873120606668,565.0,660.0,95.0,110.0,124.0,14.0,50.0,50.0,0.0,3.0,6.0,3.0
27182806,T6,10,4,6,10,10,True,337.45898320000003,337.45898320000003,0.0,0.0,0.0,0,0,0,0,2646.589831689971,2646.589831689971,0.0,565.0,565.0,0.0,110.0,110.0,0.0,50.0,50.0,0.0,3.0,3.0,0.0
27182807,T2,11,6,7,50,45,True,322.4818526363636,296.702721,-25.779131636363616,-283.57044799999994,-1552.8522428899578,5,5,-1,-1,2779.3003793961734,2468.7299308181823,-310.5704485779911,600.0,625.0,25.0,110.0,115.0,5.0,55.0,55.0,0.0,3.0,0.0,-3.0
27182807,T4,11,6,7,50,45,True,322.4818526363636,296.702721,-25.779131636363616,-283.57044799999994,-1552.8522428899578,5,5,-1,-1,2779.3003793961734,2468.7299308181823,-310.5704485779911,600.0,625.0,25.0,110.0,115.0,5.0,55.0,55.0,0.0,3.0,0.0,-3.0
27182807,T6,11,6,7,50,45,True,322.4818526363636,296.702721,-25.779131636363616,-283.57044799999994,-1552.8522428899578,5,5,-1,-1,2779.3003793961734,2468.7299308181823,-310.5704485779911,600.0,625.0,25.0,110.0,115.0,5.0,55.0,55.0,0.0,3.0,0.0,-3.0
27182808,T2,12,5,7,10,10,True,287.16964624999997,290.4986676666667,3.3290214166667056,39.94825700000001,-30.2587130566626,9,7,-2,-2,2643.0357549919277,2636.984012380596,-6.05174261133152,615.0,660.0,45.0,116.0,123.0,7.0,60.0,60.0,0.0,12.0,6.0,-6.0
27182808,T4,12,5,7,10,10,True,287.16964624999997,290.4986676666667,3.3290214166667056,39.94825700000001,-30.2587130566626,9,7,-2,-2,2643.0357549919277,2636.984012380596,-6.05174261133152,615.0,660.0,45.0,116.0,123.0,7.0,60.0,60.0,0.0,12.0,6.0,-6.0
27182808,T6,12,5,6,10,10,True,287.16964624999997,287.16964624999997,0.0,0.0,0.0,0,0,0,0,2643.0357549919277,2643.0357549919277,0.0,615.0,615.0,0.0,116.0,116.0,0.0,60.0,60.0,0.0,12.0,12.0,0.0
27182809,T2,13,2,7,55,20,True,294.6256567692308,292.7227164615384,-1.9029403076923472,-24.738224000000173,-548.6911188038957,14,12,1,1,3027.133537730499,2917.39531396972,-109.73822376077896,625.0,695.0,70.0,113.0,125.0,12.0,65.0,65.0,0.0,0.0,3.0,3.0
27182809,T4,13,2,6,55,55,True,294.6256567692308,294.6256567692308,0.0,0.0,0.0,0,0,0,0,3027.133537730499,3027.133537730499,0.0,625.0,625.0,0.0,113.0,113.0,0.0,65.0,65.0,0.0,0.0,0.0,0.0
27182809,T6,13,2,6,55,55,True,294.6256567692308,294.6256567692308,0.0,0.0,0.0,0,0,0,0,3027.133537730499,3027.133537730499,0.0,625.0,625.0,0.0,113.0,113.0,0.0,65.0,65.0,0.0,0.0,0.0,0.0
27182810,T2,14,8,7,10,20,True,258.05940864285714,264.80975914285716,6.750350500000025,94.504907,262.5245349552988,7,7,0,0,2911.8317208164467,2964.3366278075073,52.50490699106058,535.0,570.0,35.0,96.0,103.0,7.0,70.0,70.0,0.0,0.0,0.0,0.0
27182810,T4,14,8,7,10,20,True,258.05940864285714,264.80975914285716,6.750350500000025,94.504907,262.5245349552988,7,7,0,0,2911.8317208164467,2964.3366278075073,52.50490699106058,535.0,570.0,35.0,96.0,103.0,7.0,70.0,70.0,0.0,0.0,0.0,0.0
27182810,T6,14,8,7,10,20,True,258.05940864285714,264.80975914285716,6.750350500000025,94.504907,262.5245349552988,7,7,0,0,2911.8317208164467,2964.3366278075073,52.50490699106058,535.0,570.0,35.0,96.0,103.0,7.0,70.0,70.0,0.0,0.0,0.0,0.0
27182811,T2,15,9,7,10,30,True,240.09305033333334,247.14119346666666,7.048143133333326,105.72214699999995,63.610736038892355,15,15,1,1,2893.395754631908,2906.1179018396865,12.722147207778562,530.0,605.0,75.0,97.0,112.0,15.0,75.0,75.0,0.0,6.0,9.0,3.0
27182811,T4,15,9,7,10,30,True,240.09305033333334,247.14119346666666,7.048143133333326,105.72214699999995,63.610736038892355,15,15,1,1,2893.395754631908,2906.1179018396865,12.722147207778562,530.0,605.0,75.0,97.0,112.0,15.0,75.0,75.0,0.0,6.0,9.0,3.0
27182811,T6,15,9,7,10,30,True,240.09305033333334,247.14119346666666,7.048143133333326,105.72214699999995,63.610736038892355,15,15,1,1,2893.395754631908,2906.1179018396865,12.722147207778562,530.0,605.0,75.0,97.0,112.0,15.0,75.0,75.0,0.0,6.0,9.0,3.0
27182812,T2,16,12,7,25,10,True,197.8203590625,188.518014375,-9.302344687499982,-148.8375149999997,-1259.1875756556965,17,15,1,1,2536.125745092598,2284.2882299614607,-251.83751513113748,470.0,555.0,85.0,76.0,91.0,15.0,80.0,80.0,0.0,3.0,6.0,3.0
27182812,T4,16,12,7,25,10,True,197.8203590625,188.518014375,-9.302344687499982,-148.8375149999997,-1259.1875756556965,17,15,1,1,2536.125745092598,2284.2882299614607,-251.83751513113748,470.0,555.0,85.0,76.0,91.0,15.0,80.0,80.0,0.0,3.0,6.0,3.0
27182812,T6,16,12,7,25,10,True,197.8203590625,188.518014375,-9.302344687499982,-148.8375149999997,-1259.1875756556965,17,15,1,1,2536.125745092598,2284.2882299614607,-251.83751513113748,470.0,555.0,85.0,76.0,91.0,15.0,80.0,80.0,0.0,3.0,6.0,3.0
27182813,T2,10,7,7,25,20,True,295.2311232,294.2944127,-0.9367105000000038,-9.36710499999981,-271.8355245047842,9,6,-2,-2,2170.311231662912,2115.944126761956,-54.36710490095629,610.0,655.0,45.0,116.0,122.0,6.0,50.0,50.0,0.0,6.0,0.0,-6.0
27182813,T4,10,7,7,25,20,True,295.2311232,294.2944127,-0.9367105000000038,-9.36710499999981,-271.8355245047842,9,6,-2,-2,2170.311231662912,2115.944126761956,-54.36710490095629,610.0,655.0,45.0,116.0,122.0,6.0,50.0,50.0,0.0,6.0,0.0,-6.0
27182813,T6,10,7,7,25,20,True,295.2311232,294.2944127,-0.9367105000000038,-9.36710499999981,-271.8355245047842,9,6,-2,-2,2170.311231662912,2115.944126761956,-54.36710490095629,610.0,655.0,45.0,116.0,122.0,6.0,50.0,50.0,0.0,6.0,0.0,-6.0
27182814,T2,11,5,7,20,30,True,306.7372295454545,291.89218972727275,-14.84503981818176,-163.29543799999965,-1261.477191761638,17,16,-4,-4,2637.109525253116,2384.8140869007875,-252.29543835232835,565.0,650.0,85.0,102.0,118.0,16.0,55.0,55.0,0.0,15.0,3.0,-12.0
27182814,T4,11,5,7,20,30,True,306.7372295454545,291.89218972727275,-14.84503981818176,-163.29543799999965,-1261.477191761638,17,16,-4,-4,2637.109525253116,2384.8140869007875,-252.29543835232835,565.0,650.0,85.0,102.0,118.0,16.0,55.0,55.0,0.0,15.0,3.0,-12.0
27182814,T6,11,5,6,20,20,True,306.7372295454545,306.7372295454545,0.0,0.0,0.0,0,0,0,0,2637.109525253116,2637.109525253116,0.0,565.0,565.0,0.0,102.0,102.0,0.0,55.0,55.0,0.0,15.0,15.0,0.0
27182815,T2,12,10,7,10,35,True,243.490824,235.23820016666664,-8.25262383333336,-99.03148600000031,-220.15742730011152,-9,-10,0,0,2000.8898875986777,1956.8584021386548,-44.03148546002285,725.0,680.0,-45.0,136.0,126.0,-10.0,60.0,60.0,0.0,0.0,0.0,0.0
27182815,T4,12,10,7,10,35,True,243.490824,235.23820016666664,-8.25262383333336,-99.03148600000031,-220.15742730011152,-9,-10,0,0,2000.8898875986777,1956.8584021386548,-44.03148546002285,725.0,680.0,-45.0,136.0,126.0,-10.0,60.0,60.0,0.0,0.0,0.0,0.0
27182815,T6,12,10,7,10,35,True,243.490824,235.23820016666664,-8.25262383333336,-99.03148600000031,-220.15742730011152,-9,-10,0,0,2000.8898875986777,1956.8584021386548,-44.03148546002285,725.0,680.0,-45.0,136.0,126.0,-10.0,60.0,60.0,0.0,0.0,0.0,0.0
27182816,T2,13,5,7,20,0,True,263.8577963076923,280.09160715384616,16.233810846153858,211.0395410000001,-119.80229895127195,41,39,-3,-3,2745.151352292429,2721.190892502175,-23.960459790253935,510.0,715.0,205.0,95.0,134.0,39.0,65.0,65.0,0.0,15.0,6.0,-9.0
27182816,T4,13,5,7,20,0,True,263.8577963076923,280.09160715384616,16.233810846153858,211.0395410000001,-119.80229895127195,41,39,-3,-3,2745.151352292429,2721.190892502175,-23.960459790253935,510.0,715.0,205.0,95.0,134.0,39.0,65.0,65.0,0.0,15.0,6.0,-9.0
27182816,T6,13,5,6,20,20,True,263.8577963076923,263.8577963076923,0.0,0.0,0.0,0,0,0,0,2745.151352292429,2745.151352292429,0.0,510.0,510.0,0.0,95.0,95.0,0.0,65.0,65.0,0.0,15.0,15.0,0.0
27182817,T2,14,4,7,0,30,True,265.7348905714286,239.62724285714285,-26.107647714285747,-365.50706800000034,-2262.5353384713817,14,8,3,3,2941.2884677669417,2488.7814000726653,-452.50706769427643,600.0,670.0,70.0,109.0,117.0,8.0,70.0,70.0,0.0,0.0,9.0,9.0
27182817,T4,14,4,7,0,30,True,265.7348905714286,239.62724285714285,-26.107647714285747,-365.50706800000034,-2262.5353384713817,14,8,3,3,2941.2884677669417,2488.7814000726653,-452.50706769427643,600.0,670.0,70.0,109.0,117.0,8.0,70.0,70.0,0.0,0.0,9.0,9.0
27182817,T6,14,4,6,0,0,True,265.7348905714286,265.7348905714286,0.0,0.0,0.0,0,0,0,0,2941.2884677669417,2941.2884677669417,0.0,600.0,600.0,0.0,109.0,109.0,0.0,70.0,70.0,0.0,0.0,0.0,0.0
27182818,T2,15,8,7,0,5,True,231.55529620000002,228.4551936,-3.100102600000014,-46.501538999999866,-882.507696252811,25,20,-5,-5,2745.3294430330716,2568.8279037825087,-176.50153925056293,535.0,660.0,125.0,100.0,120.0,20.0,75.0,75.0,0.0,18.0,3.0,-15.0
27182818,T4,15,8,7,0,5,True,231.55529620000002,228.4551936,-3.100102600000014,-46.501538999999866,-882.507696252811,25,20,-5,-5,2745.3294430330716,2568.8279037825087,-176.50153925056293,535.0,660.0,125.0,100.0,120.0,20.0,75.0,75.0,0.0,18.0,3.0,-15.0
27182818,T6,15,8,7,0,5,True,231.55529620000002,228.4551936,-3.100102600000014,-46.501538999999866,-882.507696252811,25,20,-5,-5,2745.3294430330716,2568.8279037825087,-176.50153925056293,535.0,660.0,125.0,100.0,120.0,20.0,75.0,75.0,0.0,18.0,3.0,-15.0
27182819,T2,16,10,7,20,40,True,240.826886125,225.6025204375,-15.224365687499983,-243.58985099999973,-857.9492514713747,-12,-15,1,1,3127.2301775599335,2955.640327265658,-171.5898502942755,550.0,490.0,-60.0,96.0,81.0,-15.0,80.0,80.0,0.0,0.0,3.0,3.0
27182819,T4,16,10,7,20,40,True,240.826886125,225.6025204375,-15.224365687499983,-243.58985099999973,-857.9492514713747,-12,-15,1,1,3127.2301775599335,2955.640327265658,-171.5898502942755,550.0,490.0,-60.0,96.0,81.0,-15.0,80.0,80.0,0.0,0.0,3.0,3.0
27182819,T6,16,10,7,20,40,True,240.826886125,225.6025204375,-15.224365687499983,-243.58985099999973,-857.9492514713747,-12,-15,1,1,3127.2301775599335,2955.640327265658,-171.5898502942755,550.0,490.0,-60.0,96.0,81.0,-15.0,80.0,80.0,0.0,0.0,3.0,3.0
27182820,T2,10,5,7,25,10,True,283.679714,292.87752209999996,9.197808099999975,91.97808099999975,209.89040570545694,9,5,0,0,2068.7971399526723,2110.7752210937642,41.978081141091934,605.0,650.0,45.0,113.0,118.0,5.0,50.0,50.0,0.0,0.0,0.0,0.0
27182820,T4,10,5,7,25,10,True,283.679714,292.87752209999996,9.197808099999975,91.97808099999975,209.89040570545694,9,5,0,0,2068.7971399526723,2110.7752210937642,41.978081141091934,605.0,650.0,45.0,113.0,118.0,5.0,50.0,50.0,0.0,0.0,0.0,0.0
27182820,T6,10,5,6,25,25,True,283.679714,283.679714,0.0,0.0,0.0,0,0,0,0,2068.7971399526723,2068.7971399526723,0.0,605.0,605.0,0.0,113.0,113.0,0.0,50.0,50.0,0.0,0.0,0.0,0.0
27182821,T2,11,4,7,45,15,True,324.3432598181818,306.90148436363637,-17.44177545454545,-191.85953000000018,-994.2976481070691,1,-1,1,1,2754.775857802554,2555.9163281811407,-198.85952962141346,640.0,645.0,5.0,115.0,114.0,-1.0,55.0,55.0,0.0,3.0,6.0,3.0
27182821,T4,11,4,7,45,15,True,324.3432598181818,306.90148436363637,-17.44177545454545,-191.85953000000018,-994.2976481070691,1,-1,1,1,2754.775857802554,2555.9163281811407,-198.85952962141346,640.0,645.0,5.0,115.0,114.0,-1.0,55.0,55.0,0.0,3.0,6.0,3.0
27182821,T6,11,4,6,45,45,True,324.3432598181818,324.3432598181818,0.0,0.0,0.0,0,0,0,0,2754.775857802554,2754.775857802554,0.0,640.0,640.0,0.0,115.0,115.0,0.0,55.0,55.0,0.0,3.0,3.0,0.0
27182822,T2,12,4,7,55,45,True,317.0584323333333,281.0479715,-36.0104608333333,-432.1255299999998,-2675.6276468324086,18,13,0,0,3034.701187514537,2499.5756581480546,-535.1255293664826,595.0,685.0,90.0,112.0,125.0,13.0,60.0,60.0,0.0,3.0,3.0,0.0
27182822,T4,12,4,7,55,45,True,317.0584323333333,281.0479715,-36.0104608333333,-432.1255299999998,-2675.6276468324086,18,13,0,0,3034.701187514537,2499.5756581480546,-535.1255293664826,595.0,685.0,90.0,112.0,125.0,13.0,60.0,60.0,0.0,3.0,3.0,0.0
27182822,T6,12,4,6,55,55,True,317.0584323333333,317.0584323333333,0.0,0.0,0.0,0,0,0,0,3034.701187514537,3034.701187514537,0.0,595.0,595.0,0.0,112.0,112.0,0.0,60.0,60.0,0.0,3.0,3.0,0.0
27182823,T2,13,10,7,55,20,True,225.2881826153846,253.2075192307692,27.919336615384594,362.951376,1499.7568787932905,10,10,1,1,2238.7463743468666,2538.6977501055253,299.95137575865874,530.0,580.0,50.0,95.0,105.0,10.0,65.0,65.0,0.0,0.0,3.0,3.0
27182823,T4,13,10,7,55,20,True,225.2881826153846,253.2075192307692,27.919336615384594,362.951376,1499.7568787932905,10,10,1,1,2238.7463743468666,2538.6977501055253,299.95137575865874,530.0,580.0,50.0,95.0,105.0,10.0,65.0,65.0,0.0,0.0,3.0,3.0
27182823,T6,13,10,7,55,20,True,225.2881826153846,253.2075192307692,27.919336615384594,362.951376,1499.7568787932905,10,10,1,1,2238.7463743468666,2538.6977501055253,299.95137575865874,530.0,580.0,50.0,95.0,105.0,10.0,65.0,65.0,0.0,0.0,3.0,3.0
27182824,T2,14,8,7,40,10,True,249.0801695,239.08153314285713,-9.998636357142885,-139.98090900000034,-439.9045473405822,-8,-9,-1,-1,2678.1223733301913,2590.1414638620727,-87.98090946811863,620.0,580.0,-40.0,113.0,104.0,-9.0,70.0,70.0,0.0,6.0,3.0,-3.0
27182824,T4,14,8,7,40,10,True,249.0801695,239.08153314285713,-9.998636357142885,-139.98090900000034,-439.9045473405822,-8,-9,-1,-1,2678.1223733301913,2590.1414638620727,-87.98090946811863,620.0,580.0,-40.0,113.0,104.0,-9.0,70.0,70.0,0.0,6.0,3.0,-3.0
27182824,T6,14,8,7,40,10,True,249.0801695,239.08153314285713,-9.998636357142885,-139.98090900000034,-439.9045473405822,-8,-9,-1,-1,2678.1223733301913,2590.1414638620727,-87.98090946811863,620.0,580.0,-40.0,113.0,104.0,-9.0,70.0,70.0,0.0,6.0,3.0,-3.0
27182825,T2,15,8,7,40,25,True,246.8948606,234.36367786666668,-12.53118273333331,-187.96774099999993,-1304.8387084817896,12,10,1,1,2946.4229093094027,2685.4551676130445,-260.9677416963582,575.0,635.0,60.0,101.0,111.0,10.0,75.0,75.0,0.0,6.0,9.0,3.0
27182825,T4,15,8,7,40,25,True,246.8948606,234.36367786666668,-12.53118273333331,-187.96774099999993,-1304.8387084817896,12,10,1,1,2946.4229093094027,2685.4551676130445,-260.9677416963582,575.0,635.0,60.0,101.0,111.0,10.0,75.0,75.0,0.0,6.0,9.0,3.0
27182825,T6,15,8,7,40,25,True,246.8948606,234.36367786666668,-12.53118273333331,-187.96774099999993,-1304.8387084817896,12,10,1,1,2946.4229093094027,2685.4551676130445,-260.9677416963582,575.0,635.0,60.0,101.0,111.0,10.0,75.0,75.0,0.0,6.0,9.0,3.0
27182826,T2,16,7,7,25,20,True,225.5681108125,247.202603125,21.634492312499987,346.1518769999998,1675.7593875253715,0,5,2,2,2816.0897727458537,3151.2416502509286,335.15187750507494,610.0,610.0,0.0,103.0,108.0,5.0,80.0,80.0,0.0,0.0,6.0,6.0
27182826,T4,16,7,7,25,20,True,225.5681108125,247.202603125,21.634492312499987,346.1518769999998,1675.7593875253715,0,5,2,2,2816.0897727458537,3151.2416502509286,335.15187750507494,610.0,610.0,0.0,103.0,108.0,5.0,80.0,80.0,0.0,0.0,6.0,6.0
27182826,T6,16,7,7,25,20,True,225.5681108125,247.202603125,21.634492312499987,346.1518769999998,1675.7593875253715,0,5,2,2,2816.0897727458537,3151.2416502509286,335.15187750507494,610.0,610.0,0.0,103.0,108.0,5.0,80.0,80.0,0.0,0.0,6.0,6.0
27182827,T2,10,6,7,25,25,True,323.16934299999997,328.48456649999997,5.315223500000002,53.15223500000002,-404.23882582060287,25,15,-2,-2,2483.6934303602075,2402.845665196087,-80.84776516412057,580.0,705.0,125.0,112.0,127.0,15.0,50.0,50.0,0.0,6.0,0.0,-6.0
27182827,T4,10,6,7,25,25,True,323.16934299999997,328.48456649999997,5.315223500000002,53.15223500000002,-404.23882582060287,25,15,-2,-2,2483.6934303602075,2402.845665196087,-80.84776516412057,580.0,705.0,125.0,112.0,127.0,15.0,50.0,50.0,0.0,6.0,0.0,-6.0
27182827,T6,10,6,7,25,25,True,323.16934299999997,328.48456649999997,5.315223500000002,53.15223500000002,-404.23882582060287,25,15,-2,-2,2483.6934303602075,2402.845665196087,-80.84776516412057,580.0,705.0,125.0,112.0,127.0,15.0,50.0,50.0,0.0,6.0,0.0,-6.0
27182828,T2,11,6,7,35,40,True,291.78257981818183,291.6878619090909,-0.0947179090909458,-1.0418970000000627,-70.20948334930654,3,4,-2,-2,2442.60837801885,2428.5664813489875,-14.041896669862581,595.0,610.0,15.0,111.0,115.0,4.0,55.0,55.0,0.0,6.0,0.0,-6.0
27182828,T4,11,6,7,35,40,True,291.78257981818183,291.6878619090909,-0.0947179090909458,-1.0418970000000627,-70.20948334930654,3,4,-2,-2,2442.60837801885,2428.5664813489875,-14.041896669862581,595.0,610.0,15.0,111.0,115.0,4.0,55.0,55.0,0.0,6.0,0.0,-6.0
27182828,T6,11,6,7,35,40,True,291.78257981818183,291.6878619090909,-0.0947179090909458,-1.0418970000000627,-70.20948334930654,3,4,-2,-2,2442.60837801885,2428.5664813489875,-14.041896669862581,595.0,610.0,15.0,111.0,115.0,4.0,55.0,55.0,0.0,6.0,0.0,-6.0
27182829,T2,12,8,7,55,25,True,249.09020575,235.11551725,-13.974688499999985,-167.69626199999993,-1438.481309878527,22,19,-3,-3,2300.0824686422475,2012.3862066665422,-287.6962619757053,525.0,635.0,110.0,95.0,114.0,19.0,60.0,60.0,0.0,9.0,0.0,-9.0
27182829,T4,12,8,7,55,25,True,249.09020575,235.11551725,-13.974688499999985,-167.69626199999993,-1438.481309878527,22,19,-3,-3,2300.0824686422475,2012.3862066665422,-287.6962619757053,525.0,635.0,110.0,95.0,114.0,19.0,60.0,60.0,0.0,9.0,0.0,-9.0
27182829,T6,12,8,7,55,25,True,249.09020575,235.11551725,-13.974688499999985,-167.69626199999993,-1438.481309878527,22,19,-3,-3,2300.0824686422475,2012.3862066665422,-287.6962619757053,525.0,635.0,110.0,95.0,114.0,19.0,60.0,60.0,0.0,9.0,0.0,-9.0
27182830,T2,13,7,7,5,0,True,267.34343184615386,251.63292792307692,-15.710503923076942,-204.23655099999996,-1556.1827526889574,20,16,-3,-3,2781.4646137581353,2470.228063220343,-311.2365505377925,525.0,625.0,100.0,95.0,111.0,16.0,65.0,65.0,0.0,9.0,0.0,-9.0
27182830,T4,13,7,7,5,0,True,267.34343184615386,251.63292792307692,-15.710503923076942,-204.23655099999996,-1556.1827526889574,20,16,-3,-3,2781.4646137581353,2470.228063220343,-311.2365505377925,525.0,625.0,100.0,95.0,111.0,16.0,65.0,65.0,0.0,9.0,0.0,-9.0
27182830,T6,13,7,7,5,0,True,267.34343184615386,251.63292792307692,-15.710503923076942,-204.23655099999996,-1556.1827526889574,20,16,-3,-3,2781.4646137581353,2470.228063220343,-311.2365505377925,525.0,625.0,100.0,95.0,111.0,16.0,65.0,65.0,0.0,9.0,0.0,-9.0
27182831,T2,14,7,7,40,20,True,268.4209763571429,255.2230964285714,-13.197879928571467,-184.7703190000002,-1263.8515952435682,12,14,-2,-2,3045.8936688835015,2793.1233498347874,-252.7703190487141,535.0,595.0,60.0,98.0,112.0,14.0,70.0,70.0,0.0,9.0,3.0,-6.0
27182831,T4,14,7,7,40,20,True,268.4209763571429,255.2230964285714,-13.197879928571467,-184.7703190000002,-1263.8515952435682,12,14,-2,-2,3045.8936688835015,2793.1233498347874,-252.7703190487141,535.0,595.0,60.0,98.0,112.0,14.0,70.0,70.0,0.0,9.0,3.0,-6.0
27182831,T6,14,7,7,40,20,True,268.4209763571429,255.2230964285714,-13.197879928571467,-184.7703190000002,-1263.8515952435682,12,14,-2,-2,3045.8936688835015,2793.1233498347874,-252.7703190487141,535.0,595.0,60.0,98.0,112.0,14.0,70.0,70.0,0.0,9.0,3.0,-6.0
27182832,T2,15,8,7,30,20,True,227.5973088,227.92643420000002,0.32912540000000945,4.936881000000085,-135.3155936767871,6,5,-1,-1,2592.959631802024,2565.896513066666,-27.063118735357875,630.0,660.0,30.0,113.0,118.0,5.0,75.0,75.0,0.0,3.0,0.0,-3.0
27182832,T4,15,8,7,30,20,True,227.5973088,227.92643420000002,0.32912540000000945,4.936881000000085,-135.3155936767871,6,5,-1,-1,2592.959631802024,2565.896513066666,-27.063118735357875,630.0,660.0,30.0,113.0,118.0,5.0,75.0,75.0,0.0,3.0,0.0,-3.0
27182832,T6,15,8,7,30,20,True,227.5973088,227.92643420000002,0.32912540000000945,4.936881000000085,-135.3155936767871,6,5,-1,-1,2592.959631802024,2565.896513066666,-27.063118735357875,630.0,660.0,30.0,113.0,118.0,5.0,75.0,75.0,0.0,3.0,0.0,-3.0
27182833,T2,16,7,7,10,5,True,256.2743508125,258.0189794375,1.7446286249999616,27.914057999999386,-110.42971396252324,9,2,1,1,3417.389613385983,3395.303670593478,-22.085942792505193,510.0,555.0,45.0,93.0,95.0,2.0,80.0,80.0,0.0,0.0,3.0,3.0
27182833,T4,16,7,7,10,5,True,256.2743508125,258.0189794375,1.7446286249999616,27.914057999999386,-110.42971396252324,9,2,1,1,3417.389613385983,3395.303670593478,-22.085942792505193,510.0,555.0,45.0,93.0,95.0,2.0,80.0,80.0,0.0,0.0,3.0,3.0
27182833,T6,16,7,7,10,5,True,256.2743508125,258.0189794375,1.7446286249999616,27.914057999999386,-110.42971396252324,9,2,1,1,3417.389613385983,3395.303670593478,-22.085942792505193,510.0,555.0,45.0,93.0,95.0,2.0,80.0,80.0,0.0,0.0,3.0,3.0
27182834,T2,10,4,7,45,45,True,354.2189918,339.49673939999997,-14.722252400000059,-147.22252400000025,-856.1126200866038,5,-1,0,0,2727.1899184785784,2555.967394461257,-171.22252401732158,640.0,665.0,25.0,122.0,121.0,-1.0,50.0,50.0,0.0,3.0,3.0,0.0
27182834,T4,10,4,7,45,45,True,354.2189918,339.49673939999997,-14.722252400000059,-147.22252400000025,-856.1126200866038,5,-1,0,0,2727.1899184785784,2555.967394461257,-171.22252401732158,640.0,665.0,25.0,122.0,121.0,-1.0,50.0,50.0,0.0,3.0,3.0,0.0
27182834,T6,10,4,6,45,45,True,354.2189918,354.2189918,0.0,0.0,0.0,0,0,0,0,2727.1899184785784,2727.1899184785784,0.0,640.0,640.0,0.0,122.0,122.0,0.0,50.0,50.0,0.0,3.0,3.0,0.0
27182835,T2,11,4,7,10,30,True,317.27892245454547,308.7582561818182,-8.520666272727283,-93.72732899999983,-923.6366441563532,14,21,0,0,2714.068147326142,2529.3408184948703,-184.72732883127173,605.0,675.0,70.0,110.0,131.0,21.0,55.0,55.0,0.0,6.0,6.0,0.0
27182835,T4,11,4,7,10,30,True,317.27892245454547,308.7582561818182,-8.520666272727283,-93.72732899999983,-923.6366441563532,14,21,0,0,2714.068147326142,2529.3408184948703,-184.72732883127173,605.0,675.0,70.0,110.0,131.0,21.0,55.0,55.0,0.0,6.0,6.0,0.0
27182835,T6,11,4,6,10,10,True,317.27892245454547,317.27892245454547,0.0,0.0,0.0,0,0,0,0,2714.068147326142,2714.068147326142,0.0,605.0,605.0,0.0,110.0,110.0,0.0,55.0,55.0,0.0,6.0,6.0,0.0
27182836,T2,12,9,7,0,40,True,249.18926825000003,245.52703908333334,-3.662229166666691,-43.946750000000065,-449.73374722685367,7,14,-1,-1,2237.2712188566948,2147.3244694113246,-89.94674944537019,585.0,620.0,35.0,102.0,116.0,14.0,60.0,60.0,0.0,6.0,3.0,-3.0
27182836,T4,12,9,7,0,40,True,249.18926825000003,245.52703908333334,-3.662229166666691,-43.946750000000065,-449.73374722685367,7,14,-1,-1,2237.2712188566948,2147.3244694113246,-89.94674944537019,585.0,620.0,35.0,102.0,116.0,14.0,60.0,60.0,0.0,6.0,3.0,-3.0
27182836,T6,12,9,7,0,40,True,249.18926825000003,245.52703908333334,-3.662229166666691,-43.946750000000065,-449.73374722685367,7,14,-1,-1,2237.2712188566948,2147.3244694113246,-89.94674944537019,585.0,620.0,35.0,102.0,116.0,14.0,60.0,60.0,0.0,6.0,3.0,-3.0
27182837,T2,13,7,7,50,15,True,261.7853286923077,260.2230846153846,-1.5622440769230934,-20.3091730000001,-856.5458676536582,26,18,1,1,2665.2092734618027,2493.900099931071,-171.30917353073164,565.0,695.0,130.0,102.0,120.0,18.0,65.0,65.0,0.0,6.0,9.0,3.0
27182837,T4,13,7,7,50,15,True,261.7853286923077,260.2230846153846,-1.5622440769230934,-20.3091730000001,-856.5458676536582,26,18,1,1,2665.2092734618027,2493.900099931071,-171.30917353073164,565.0,695.0,130.0,102.0,120.0,18.0,65.0,65.0,0.0,6.0,9.0,3.0
27182837,T6,13,7,7,50,15,True,261.7853286923077,260.2230846153846,-1.5622440769230934,-20.3091730000001,-856.5458676536582,26,18,1,1,2665.2092734618027,2493.900099931071,-171.30917353073164,565.0,695.0,130.0,102.0,120.0,18.0,65.0,65.0,0.0,6.0,9.0,3.0
27182838,T2,14,7,7,50,15,True,290.2305042142857,254.23583542857142,-35.99466878571428,-503.92536299999983,-2489.6268155305643,-1,-4,1,1,3309.22705872766,2811.301695621548,-497.92536310611194,585.0,580.0,-5.0,99.0,95.0,-4.0,70.0,70.0,0.0,0.0,3.0,3.0
27182838,T4,14,7,7,50,15,True,290.2305042142857,254.23583542857142,-35.99466878571428,-503.92536299999983,-2489.6268155305643,-1,-4,1,1,3309.22705872766,2811.301695621548,-497.92536310611194,585.0,580.0,-5.0,99.0,95.0,-4.0,70.0,70.0,0.0,0.0,3.0,3.0
27182838,T6,14,7,7,50,15,True,290.2305042142857,254.23583542857142,-35.99466878571428,-503.92536299999983,-2489.6268155305643,-1,-4,1,1,3309.22705872766,2811.301695621548,-497.92536310611194,585.0,580.0,-5.0,99.0,95.0,-4.0,70.0,70.0,0.0,0.0,3.0,3.0
27182839,T2,15,8,7,50,45,True,221.99903913333335,222.75564626666667,0.7566071333333184,11.349107000000004,71.74553508896315,-1,8,-2,-2,2585.9855866551534,2600.334693672946,14.349107017792448,565.0,560.0,-5.0,95.0,103.0,8.0,75.0,75.0,0.0,9.0,3.0,-6.0
27182839,T4,15,8,7,50,45,True,221.99903913333335,222.75564626666667,0.7566071333333184,11.349107000000004,71.74553508896315,-1,8,-2,-2,2585.9855866551534,2600.334693672946,14.349107017792448,565.0,560.0,-5.0,95.0,103.0,8.0,75.0,75.0,0.0,9.0,3.0,-6.0
27182839,T6,15,8,7,50,45,True,221.99903913333335,222.75564626666667,0.7566071333333184,11.349107000000004,71.74553508896315,-1,8,-2,-2,2585.9855866551534,2600.334693672946,14.349107017792448,565.0,560.0,-5.0,95.0,103.0,8.0,75.0,75.0,0.0,9.0,3.0,-6.0
27182840,T2,16,12,7,5,30,True,175.6063470625,183.3390356875,7.732688625000009,123.72301800000014,-436.3849113521701,34,35,2,2,2203.7015533186577,2116.4245710482237,-87.27698227043402,440.0,610.0,170.0,77.0,112.0,35.0,80.0,80.0,0.0,9.0,15.0,6.0
27182840,T4,16,12,7,5,30,True,175.6063470625,183.3390356875,7.732688625000009,123.72301800000014,-436.3849113521701,34,35,2,2,2203.7015533186577,2116.4245710482237,-87.27698227043402,440.0,610.0,170.0,77.0,112.0,35.0,80.0,80.0,0.0,9.0,15.0,6.0
27182840,T6,16,12,7,5,30,True,175.6063470625,183.3390356875,7.732688625000009,123.72301800000014,-436.3849113521701,34,35,2,2,2203.7015533186577,2116.4245710482237,-87.27698227043402,440.0,610.0,170.0,77.0,112.0,35.0,80.0,80.0,0.0,9.0,15.0,6.0
27182841,T2,10,8,7,50,45,True,290.2321047,274.5297301,-15.702374599999985,-157.02374599999985,-1575.1187315310417,26,25,1,1,2207.321047095601,1892.2973007893925,-315.0237463062085,545.0,675.0,130.0,100.0,125.0,25.0,50.0,50.0,0.0,0.0,3.0,3.0
27182841,T4,10,8,7,50,45,True,290.2321047,274.5297301,-15.702374599999985,-157.02374599999985,-1575.1187315310417,26,25,1,1,2207.321047095601,1892.2973007893925,-315.0237463062085,545.0,675.0,130.0,100.0,125.0,25.0,50.0,50.0,0.0,0.0,3.0,3.0
27182841,T6,10,8,7,50,45,True,290.2321047,274.5297301,-15.702374599999985,-157.02374599999985,-1575.1187315310417,26,25,1,1,2207.321047095601,1892.2973007893925,-315.0237463062085,545.0,675.0,130.0,100.0,125.0,25.0,50.0,50.0,0.0,0.0,3.0,3.0
27182842,T2,11,6,7,5,40,True,320.26592472727276,292.5274169090909,-27.73850781818186,-305.12358600000016,-2085.617928646705,21,13,-2,-2,2801.925171740762,2384.801586011421,-417.1235857293409,550.0,655.0,105.0,107.0,120.0,13.0,55.0,55.0,0.0,9.0,3.0,-6.0
27182842,T4,11,6,7,5,40,True,320.26592472727276,292.5274169090909,-27.73850781818186,-305.12358600000016,-2085.617928646705,21,13,-2,-2,2801.925171740762,2384.801586011421,-417.1235857293409,550.0,655.0,105.0,107.0,120.0,13.0,55.0,55.0,0.0,9.0,3.0,-6.0
27182842,T6,11,6,7,5,40,True,320.26592472727276,292.5274169090909,-27.73850781818186,-305.12358600000016,-2085.617928646705,21,13,-2,-2,2801.925171740762,2384.801586011421,-417.1235857293409,550.0,655.0,105.0,107.0,120.0,13.0,55.0,55.0,0.0,9.0,3.0,-6.0
27182843,T2,12,6,7,5,40,True,264.7111935,278.83947608333335,14.128282583333373,169.53939100000025,867.6969563079529,-2,-3,3,3,2411.534321627109,2585.0737128886994,173.53939126159048,595.0,585.0,-10.0,107.0,104.0,-3.0,60.0,60.0,0.0,3.0,12.0,9.0
27182843,T4,12,6,7,5,40,True,264.7111935,278.83947608333335,14.128282583333373,169.53939100000025,867.6969563079529,-2,-3,3,3,2411.534321627109,2585.0737128886994,173.53939126159048,595.0,585.0,-10.0,107.0,104.0,-3.0,60.0,60.0,0.0,3.0,12.0,9.0
27182843,T6,12,6,7,5,40,True,264.7111935,278.83947608333335,14.128282583333373,169.53939100000025,867.6969563079529,-2,-3,3,3,2411.534321627109,2585.0737128886994,173.53939126159048,595.0,585.0,-10.0,107.0,104.0,-3.0,60.0,60.0,0.0,3.0,12.0,9.0
27182844,T2,13,4,7,10,35,True,325.4840998461538,294.4666683846154,-31.017431461538422,-403.22660899999937,-2406.1330432003106,12,3,5,5,3404.2932976967095,2923.066689056647,-481.2266086400623,640.0,700.0,60.0,122.0,125.0,3.0,65.0,65.0,0.0,0.0,15.0,15.0
27182844,T4,13,4,7,10,35,True,325.4840998461538,294.4666683846154,-31.017431461538422,-403.22660899999937,-2406.1330432003106,12,3,5,5,3404.2932976967095,2923.066689056647,-481.2266086400623,640.0,700.0,60.0,122.0,125.0,3.0,65.0,65.0,0.0,0.0,15.0,15.0
27182844,T6,13,4,6,10,10,True,325.4840998461538,325.4840998461538,0.0,0.0,0.0,0,0,0,0,3404.2932976967095,3404.2932976967095,0.0,640.0,640.0,0.0,122.0,122.0,0.0,65.0,65.0,0.0,0.0,0.0,0.0
27182845,T2,14,10,7,25,0,True,195.82910807142858,206.72391457142857,10.894806499999987,152.52729099999988,1002.6364520527823,-9,-6,1,1,1988.6075134835148,2189.134803894071,200.52729041055613,575.0,530.0,-45.0,105.0,99.0,-6.0,70.0,70.0,0.0,3.0,6.0,3.0
27182845,T4,14,10,7,25,0,True,195.82910807142858,206.72391457142857,10.894806499999987,152.52729099999988,1002.6364520527823,-9,-6,1,1,1988.6075134835148,2189.134803894071,200.52729041055613,575.0,530.0,-45.0,105.0,99.0,-6.0,70.0,70.0,0.0,3.0,6.0,3.0
27182845,T6,14,10,7,25,0,True,195.82910807142858,206.72391457142857,10.894806499999987,152.52729099999988,1002.6364520527823,-9,-6,1,1,1988.6075134835148,2189.134803894071,200.52729041055613,575.0,530.0,-45.0,105.0,99.0,-6.0,70.0,70.0,0.0,3.0,6.0,3.0
27182846,T2,15,9,7,20,40,True,224.53248326666665,243.91926606666667,19.38678280000002,290.8017420000001,979.0087111581706,16,6,3,3,2598.9872487107705,2794.788990942403,195.8017422316325,585.0,665.0,80.0,109.0,115.0,6.0,75.0,75.0,0.0,0.0,9.0,9.0
27182846,T4,15,9,7,20,40,True,224.53248326666665,243.91926606666667,19.38678280000002,290.8017420000001,979.0087111581706,16,6,3,3,2598.9872487107705,2794.788990942403,195.8017422316325,585.0,665.0,80.0,109.0,115.0,6.0,75.0,75.0,0.0,0.0,9.0,9.0
27182846,T6,15,9,7,20,40,True,224.53248326666665,243.91926606666667,19.38678280000002,290.8017420000001,979.0087111581706,16,6,3,3,2598.9872487107705,2794.788990942403,195.8017422316325,585.0,665.0,80.0,109.0,115.0,6.0,75.0,75.0,0.0,0.0,9.0,9.0
27182847,T2,16,5,7,10,20,True,232.485686875,228.0014375625,-4.484249312499998,-71.74798899999996,-268.7399446528907,-4,-10,4,4,2967.770990304192,2914.023001373614,-53.747988930577776,570.0,550.0,-20.0,102.0,92.0,-10.0,80.0,80.0,0.0,0.0,12.0,12.0
27182847,T4,16,5,7,10,20,True,232.485686875,228.0014375625,-4.484249312499998,-71.74798899999996,-268.7399446528907,-4,-10,4,4,2967.770990304192,2914.023001373614,-53.747988930577776,570.0,550.0,-20.0,102.0,92.0,-10.0,80.0,80.0,0.0,0.0,12.0,12.0
27182847,T6,16,5,6,10,10,True,232.485686875,232.485686875,0.0,0.0,0.0,0,0,0,0,2967.770990304192,2967.770990304192,0.0,570.0,570.0,0.0,102.0,102.0,0.0,80.0,80.0,0.0,0.0,0.0,0.0
27182848,T2,10,2,7,45,45,True,294.73800489999996,338.1860598,43.448054900000045,434.48054900000034,1712.4027447818971,13,18,3,3,2146.3800492325167,2488.8605981888954,342.4805489563787,635.0,700.0,65.0,113.0,131.0,18.0,50.0,50.0,0.0,3.0,12.0,9.0
27182848,T4,10,2,6,45,45,True,294.73800489999996,294.73800489999996,0.0,0.0,0.0,0,0,0,0,2146.3800492325167,2146.3800492325167,0.0,635.0,635.0,0.0,113.0,113.0,0.0,50.0,50.0,0.0,3.0,3.0,0.0
27182848,T6,10,2,6,45,45,True,294.73800489999996,294.73800489999996,0.0,0.0,0.0,0,0,0,0,2146.3800492325167,2146.3800492325167,0.0,635.0,635.0,0.0,113.0,113.0,0.0,50.0,50.0,0.0,3.0,3.0,0.0
27182849,T2,11,8,7,45,40,True,243.37885854545456,252.9454150909091,9.566556545454546,105.23212199999989,161.16060917425602,13,14,-2,-2,1938.1674438001455,1970.3995656349966,32.232121834851114,575.0,640.0,65.0,103.0,117.0,14.0,55.0,55.0,0.0,6.0,0.0,-6.0
27182849,T4,11,8,7,45,40,True,243.37885854545456,252.9454150909091,9.566556545454546,105.23212199999989,161.16060917425602,13,14,-2,-2,1938.1674438001455,1970.3995656349966,32.232121834851114,575.0,640.0,65.0,103.0,117.0,14.0,55.0,55.0,0.0,6.0,0.0,-6.0
27182849,T6,11,8,7,45,40,True,243.37885854545456,252.9454150909091,9.566556545454546,105.23212199999989,161.16060917425602,13,14,-2,-2,1938.1674438001455,1970.3995656349966,32.232121834851114,575.0,640.0,65.0,103.0,117.0,14.0,55.0,55.0,0.0,6.0,0.0,-6.0
27182850,T2,12,3,7,5,30,True,289.31717483333335,272.91563275,-16.401542083333368,-196.8185050000002,-1139.0925238414184,5,6,0,0,2658.8060977352015,2430.987592966917,-227.81850476828458,630.0,655.0,25.0,117.0,123.0,6.0,60.0,60.0,0.0,6.0,6.0,0.0
27182850,T4,12,3,6,5,5,True,289.31717483333335,289.31717483333335,0.0,0.0,0.0,0,0,0,0,2658.8060977352015,2658.8060977352015,0.0,630.0,630.0,0.0,117.0,117.0,0.0,60.0,60.0,0.0,6.0,6.0,0.0
27182850,T6,12,3,6,5,5,True,289.31717483333335,289.31717483333335,0.0,0.0,0.0,0,0,0,0,2658.8060977352015,2658.8060977352015,0.0,630.0,630.0,0.0,117.0,117.0,0.0,60.0,60.0,0.0,6.0,6.0,0.0
27182851,T2,13,6,7,20,10,True,277.0194715384615,253.30195646153848,-23.717515076923036,-308.32769599999983,-1451.638482430748,-2,-8,0,0,2739.2531300920396,2448.92543360589,-290.32769648614976,665.0,655.0,-10.0,126.0,118.0,-8.0,65.0,65.0,0.0,6.0,6.0,0.0
27182851,T4,13,6,7,20,10,True,277.0194715384615,253.30195646153848,-23.717515076923036,-308.32769599999983,-1451.638482430748,-2,-8,0,0,2739.2531300920396,2448.92543360589,-290.32769648614976,665.0,655.0,-10.0,126.0,118.0,-8.0,65.0,65.0,0.0,6.0,6.0,0.0
27182851,T6,13,6,7,20,10,True,277.0194715384615,253.30195646153848,-23.717515076923036,-308.32769599999983,-1451.638482430748,-2,-8,0,0,2739.2531300920396,2448.92543360589,-290.32769648614976,665.0,655.0,-10.0,126.0,118.0,-8.0,65.0,65.0,0.0,6.0,6.0,0.0
27182852,T2,14,6,7,55,25,True,255.73694821428572,236.16026057142858,-19.576687642857138,-274.07362699999976,-1630.3681331357166,8,15,-1,-1,2794.3172745404945,2468.243647913351,-326.0736266271433,605.0,645.0,40.0,105.0,120.0,15.0,70.0,70.0,0.0,6.0,3.0,-3.0
27182852,T4,14,6,7,55,25,True,255.73694821428572,236.16026057142858,-19.576687642857138,-274.07362699999976,-1630.3681331357166,8,15,-1,-1,2794.3172745404945,2468.243647913351,-326.0736266271433,605.0,645.0,40.0,105.0,120.0,15.0,70.0,70.0,0.0,6.0,3.0,-3.0
27182852,T6,14,6,7,55,25,True,255.73694821428572,236.16026057142858,-19.576687642857138,-274.07362699999976,-1630.3681331357166,8,15,-1,-1,2794.3172745404945,2468.243647913351,-326.0736266271433,605.0,645.0,40.0,105.0,120.0,15.0,70.0,70.0,0.0,6.0,3.0,-3.0
27182853,T2,15,3,7,20,50,True,272.30326713333335,283.48726446666666,11.18399733333331,167.75995999999986,773.7997995503829,3,-2,0,0,3281.5490069866173,3436.3089668966936,154.7599599100763,610.0,625.0,15.0,112.0,110.0,-2.0,75.0,75.0,0.0,6.0,6.0,0.0
27182853,T4,15,3,6,20,20,True,272.30326713333335,272.30326713333335,0.0,0.0,0.0,0,0,0,0,3281.5490069866173,3281.5490069866173,0.0,610.0,610.0,0.0,112.0,112.0,0.0,75.0,75.0,0.0,6.0,6.0,0.0
27182853,T6,15,3,6,20,20,True,272.30326713333335,272.30326713333335,0.0,0.0,0.0,0,0,0,0,3281.5490069866173,3281.5490069866173,0.0,610.0,610.0,0.0,112.0,112.0,0.0,75.0,75.0,0.0,6.0,6.0,0.0
27182854,T2,16,7,7,10,45,True,224.152156625,234.892049125,10.739892499999996,171.83827999999994,409.19139875793917,14,11,3,3,2785.4345062036145,2867.272785955203,81.83827975158829,615.0,685.0,70.0,106.0,117.0,11.0,80.0,80.0,0.0,0.0,9.0,9.0
27182854,T4,16,7,7,10,45,True,224.152156625,234.892049125,10.739892499999996,171.83827999999994,409.19139875793917,14,11,3,3,2785.4345062036145,2867.272785955203,81.83827975158829,615.0,685.0,70.0,106.0,117.0,11.0,80.0,80.0,0.0,0.0,9.0,9.0
27182854,T6,16,7,7,10,45,True,224.152156625,234.892049125,10.739892499999996,171.83827999999994,409.19139875793917,14,11,3,3,2785.4345062036145,2867.272785955203,81.83827975158829,615.0,685.0,70.0,106.0,117.0,11.0,80.0,80.0,0.0,0.0,9.0,9.0
27182855,T2,10,6,7,10,20,True,297.9287475,299.00785,1.0791025000000332,10.79102499999999,-226.0448746569582,10,6,0,0,2218.2874751796207,2173.0785002482294,-45.20897493139137,595.0,645.0,50.0,113.0,119.0,6.0,50.0,50.0,0.0,3.0,3.0,0.0
27182855,T4,10,6,7,10,20,True,297.9287475,299.00785,1.0791025000000332,10.79102499999999,-226.0448746569582,10,6,0,0,2218.2874751796207,2173.0785002482294,-45.20897493139137,595.0,645.0,50.0,113.0,119.0,6.0,50.0,50.0,0.0,3.0,3.0,0.0
27182855,T6,10,6,7,10,20,True,297.9287475,299.00785,1.0791025000000332,10.79102499999999,-226.0448746569582,10,6,0,0,2218.2874751796207,2173.0785002482294,-45.20897493139137,595.0,645.0,50.0,113.0,119.0,6.0,50.0,50.0,0.0,3.0,3.0,0.0
27182856,T2,11,5,7,25,15,True,321.94003299999997,310.38717236363635,-11.552860636363619,-127.08146699999998,-1025.4073334446293,13,13,0,0,2852.3403627513453,2647.2588960624203,-205.08146668892505,535.0,600.0,65.0,96.0,109.0,13.0,55.0,55.0,0.0,3.0,3.0,0.0
27182856,T4,11,5,7,25,15,True,321.94003299999997,310.38717236363635,-11.552860636363619,-127.08146699999998,-1025.4073334446293,13,13,0,0,2852.3403627513453,2647.2588960624203,-205.08146668892505,535.0,600.0,65.0,96.0,109.0,13.0,55.0,55.0,0.0,3.0,3.0,0.0
27182856,T6,11,5,6,25,25,True,321.94003299999997,321.94003299999997,0.0,0.0,0.0,0,0,0,0,2852.3403627513453,2852.3403627513453,0.0,535.0,535.0,0.0,96.0,96.0,0.0,55.0,55.0,0.0,3.0,3.0,0.0
27182857,T2,12,7,7,40,40,True,264.9452923333333,267.0010536666667,2.0557613333333506,24.66913599999998,-11.654317192196686,4,10,-1,-1,2399.3435077083973,2397.0126442699566,-2.3308634384407014,610.0,630.0,20.0,107.0,117.0,10.0,60.0,60.0,0.0,3.0,0.0,-3.0
27182857,T4,12,7,7,40,40,True,264.9452923333333,267.0010536666667,2.0557613333333506,24.66913599999998,-11.654317192196686,4,10,-1,-1,2399.3435077083973,2397.0126442699566,-2.3308634384407014,610.0,630.0,20.0,107.0,117.0,10.0,60.0,60.0,0.0,3.0,0.0,-3.0
27182857,T6,12,7,7,40,40,True,264.9452923333333,267.0010536666667,2.0557613333333506,24.66913599999998,-11.654317192196686,4,10,-1,-1,2399.3435077083973,2397.0126442699566,-2.3308634384407014,610.0,630.0,20.0,107.0,117.0,10.0,60.0,60.0,0.0,3.0,0.0,-3.0
27182858,T2,13,6,7,30,40,True,246.26935261538463,274.4539347692308,28.18458215384615,366.3995679999998,1496.997840430593,10,20,-1,-1,2456.501583770823,2755.901151856942,299.39956808611896,575.0,625.0,50.0,90.0,110.0,20.0,65.0,65.0,0.0,15.0,12.0,-3.0
27182858,T4,13,6,7,30,40,True,246.26935261538463,274.4539347692308,28.18458215384615,366.3995679999998,1496.997840430593,10,20,-1,-1,2456.501583770823,2755.901151856942,299.39956808611896,575.0,625.0,50.0,90.0,110.0,20.0,65.0,65.0,0.0,15.0,12.0,-3.0
27182858,T6,13,6,7,30,40,True,246.26935261538463,274.4539347692308,28.18458215384615,366.3995679999998,1496.997840430593,10,20,-1,-1,2456.501583770823,2755.901151856942,299.39956808611896,575.0,625.0,50.0,90.0,110.0,20.0,65.0,65.0,0.0,15.0,12.0,-3.0
27182859,T2,14,8,7,30,50,True,271.14434314285717,243.19411371428572,-27.950229428571447,-391.30321200000026,-2366.5160606152986,14,6,2,2,3019.0208041475353,2545.717592024477,-473.3032121230581,590.0,660.0,70.0,114.0,120.0,6.0,70.0,70.0,0.0,3.0,9.0,6.0
27182859,T4,14,8,7,30,50,True,271.14434314285717,243.19411371428572,-27.950229428571447,-391.30321200000026,-2366.5160606152986,14,6,2,2,3019.0208041475353,2545.717592024477,-473.3032121230581,590.0,660.0,70.0,114.0,120.0,6.0,70.0,70.0,0.0,3.0,9.0,6.0
27182859,T6,14,8,7,30,50,True,271.14434314285717,243.19411371428572,-27.950229428571447,-391.30321200000026,-2366.5160606152986,14,6,2,2,3019.0208041475353,2545.717592024477,-473.3032121230581,590.0,660.0,70.0,114.0,120.0,6.0,70.0,70.0,0.0,3.0,9.0,6.0
27182860,T2,15,8,7,20,35,True,228.17559626666667,244.2889291333333,16.11333286666664,241.69999299999972,708.4999683099068,17,15,0,0,2685.633943678781,2827.3339373407603,141.69999366197908,545.0,630.0,85.0,96.0,111.0,15.0,75.0,75.0,0.0,21.0,21.0,0.0
27182860,T4,15,8,7,20,35,True,228.17559626666667,244.2889291333333,16.11333286666664,241.69999299999972,708.4999683099068,17,15,0,0,2685.633943678781,2827.3339373407603,141.69999366197908,545.0,630.0,85.0,96.0,111.0,15.0,75.0,75.0,0.0,21.0,21.0,0.0
27182860,T6,15,8,7,20,35,True,228.17559626666667,244.2889291333333,16.11333286666664,241.69999299999972,708.4999683099068,17,15,0,0,2685.633943678781,2827.3339373407603,141.69999366197908,545.0,630.0,85.0,96.0,111.0,15.0,75.0,75.0,0.0,21.0,21.0,0.0
27182861,T2,16,11,7,25,30,True,213.8582843125,205.4286425,-8.429641812499995,-134.8742689999999,-1189.3713443926608,13,8,10,10,2763.732549106991,2525.8582802284577,-237.87426887853326,490.0,555.0,65.0,88.0,96.0,8.0,80.0,80.0,0.0,0.0,30.0,30.0
27182861,T4,16,11,7,25,30,True,213.8582843125,205.4286425,-8.429641812499995,-134.8742689999999,-1189.3713443926608,13,8,10,10,2763.732549106991,2525.8582802284577,-237.87426887853326,490.0,555.0,65.0,88.0,96.0,8.0,80.0,80.0,0.0,0.0,30.0,30.0
27182861,T6,16,11,7,25,30,True,213.8582843125,205.4286425,-8.429641812499995,-134.8742689999999,-1189.3713443926608,13,8,10,10,2763.732549106991,2525.8582802284577,-237.87426887853326,490.0,555.0,65.0,88.0,96.0,8.0,80.0,80.0,0.0,0.0,30.0,30.0
27182862,T2,10,3,7,55,35,True,314.4215433,314.13108109999996,-0.29046220000003586,-2.9046220000000176,-559.5231130624688,20,18,-3,-3,2350.215433234111,2238.3108106216177,-111.90462261249331,620.0,720.0,100.0,115.0,133.0,18.0,50.0,50.0,0.0,9.0,0.0,-9.0
27182862,T4,10,3,6,55,55,True,314.4215433,314.4215433,0.0,0.0,0.0,0,0,0,0,2350.215433234111,2350.215433234111,0.0,620.0,620.0,0.0,115.0,115.0,0.0,50.0,50.0,0.0,9.0,9.0,0.0
27182862,T6,10,3,6,55,55,True,314.4215433,314.4215433,0.0,0.0,0.0,0,0,0,0,2350.215433234111,2350.215433234111,0.0,620.0,620.0,0.0,115.0,115.0,0.0,50.0,50.0,0.0,9.0,9.0,0.0
27182863,T2,11,4,7,35,20,True,323.0810280909091,312.8996437272727,-10.181384363636425,-111.99522800000022,-754.97613933504,7,7,-1,-1,2751.8913091243194,2600.8960812573105,-150.9952278670089,625.0,660.0,35.0,116.0,123.0,7.0,55.0,55.0,0.0,6.0,3.0,-3.0
27182863,T4,11,4,7,35,20,True,323.0810280909091,312.8996437272727,-10.181384363636425,-111.99522800000022,-754.97613933504,7,7,-1,-1,2751.8913091243194,2600.8960812573105,-150.9952278670089,625.0,660.0,35.0,116.0,123.0,7.0,55.0,55.0,0.0,6.0,3.0,-3.0
27182863,T6,11,4,6,35,35,True,323.0810280909091,323.0810280909091,0.0,0.0,0.0,0,0,0,0,2751.8913091243194,2751.8913091243194,0.0,625.0,625.0,0.0,116.0,116.0,0.0,55.0,55.0,0.0,6.0,6.0,0.0
27182864,T2,12,5,7,45,35,True,323.4738845,293.663989,-29.809895499999982,-357.718746,-2188.5937320617104,13,15,0,0,3121.686613973831,2683.9678675614887,-437.71874641234217,590.0,655.0,65.0,104.0,119.0,15.0,60.0,60.0,0.0,6.0,6.0,0.0
27182864,T4,12,5,7,45,35,True,323.4738845,293.663989,-29.809895499999982,-357.718746,-2188.5937320617104,13,15,0,0,3121.686613973831,2683.9678675614887,-437.71874641234217,590.0,655.0,65.0,104.0,119.0,15.0,60.0,60.0,0.0,6.0,6.0,0.0
27182864,T6,12,5,6,45,45,True,323.4738845,323.4738845,0.0,0.0,0.0,0,0,0,0,3121.686613973831,3121.686613973831,0.0,590.0,590.0,0.0,104.0,104.0,0.0,60.0,60.0,0.0,6.0,6.0,0.0
27182865,T2,13,5,7,5,20,True,293.7960568461539,259.6340188461538,-34.16203800000005,-444.1064940000001,-2190.5324722574114,-1,-1,0,0,2949.3487390551977,2511.2422446037162,-438.10649445148147,675.0,670.0,-5.0,124.0,123.0,-1.0,65.0,65.0,0.0,6.0,6.0,0.0
27182865,T4,13,5,7,5,20,True,293.7960568461539,259.6340188461538,-34.16203800000005,-444.1064940000001,-2190.5324722574114,-1,-1,0,0,2949.3487390551977,2511.2422446037162,-438.10649445148147,675.0,670.0,-5.0,124.0,123.0,-1.0,65.0,65.0,0.0,6.0,6.0,0.0
27182865,T6,13,5,6,5,5,True,293.7960568461539,293.7960568461539,0.0,0.0,0.0,0,0,0,0,2949.3487390551977,2949.3487390551977,0.0,675.0,675.0,0.0,124.0,124.0,0.0,65.0,65.0,0.0,6.0,6.0,0.0
27182866,T2,14,5,7,30,25,True,259.0926739285714,276.6499277857143,17.557253857142882,245.80155400000012,599.0077686733475,21,24,-1,-1,2951.2974350247523,3071.098988759424,119.80155373467187,515.0,620.0,105.0,88.0,112.0,24.0,70.0,70.0,0.0,3.0,0.0,-3.0
27182866,T4,14,5,7,30,25,True,259.0926739285714,276.6499277857143,17.557253857142882,245.80155400000012,599.0077686733475,21,24,-1,-1,2951.2974350247523,3071.098988759424,119.80155373467187,515.0,620.0,105.0,88.0,112.0,24.0,70.0,70.0,0.0,3.0,0.0,-3.0
27182866,T6,14,5,6,30,30,True,259.0926739285714,259.0926739285714,0.0,0.0,0.0,0,0,0,0,2951.2974350247523,2951.2974350247523,0.0,515.0,515.0,0.0,88.0,88.0,0.0,70.0,70.0,0.0,3.0,3.0,0.0
27182867,T2,15,7,7,15,40,True,237.8156164,246.27361546666668,8.457999066666673,126.86998600000015,464.3499336729201,6,4,0,0,2709.2342455286916,2802.104232263276,92.86998673458447,660.0,690.0,30.0,123.0,127.0,4.0,75.0,75.0,0.0,0.0,0.0,0.0
27182867,T4,15,7,7,15,40,True,237.8156164,246.27361546666668,8.457999066666673,126.86998600000015,464.3499336729201,6,4,0,0,2709.2342455286916,2802.104232263276,92.86998673458447,660.0,690.0,30.0,123.0,127.0,4.0,75.0,75.0,0.0,0.0,0.0,0.0
27182867,T6,15,7,7,15,40,True,237.8156164,246.27361546666668,8.457999066666673,126.86998600000015,464.3499336729201,6,4,0,0,2709.2342455286916,2802.104232263276,92.86998673458447,660.0,690.0,30.0,123.0,127.0,4.0,75.0,75.0,0.0,0.0,0.0,0.0
27182868,T2,16,6,7,0,0,True,241.4132118125,242.423391875,1.010180062499984,16.162880999999743,335.8144012626253,-10,2,-1,-1,3088.6113892581493,3155.774269510672,67.16288025252288,595.0,545.0,-50.0,96.0,98.0,2.0,80.0,80.0,0.0,3.0,0.0,-3.0
27182868,T4,16,6,7,0,0,True,241.4132118125,242.423391875,1.010180062499984,16.162880999999743,335.8144012626253,-10,2,-1,-1,3088.6113892581493,3155.774269510672,67.16288025252288,595.0,545.0,-50.0,96.0,98.0,2.0,80.0,80.0,0.0,3.0,0.0,-3.0
27182868,T6,16,6,7,0,0,True,241.4132118125,242.423391875,1.010180062499984,16.162880999999743,335.8144012626253,-10,2,-1,-1,3088.6113892581493,3155.774269510672,67.16288025252288,595.0,545.0,-50.0,96.0,98.0,2.0,80.0,80.0,0.0,3.0,0.0,-3.0
27182869,T2,10,4,7,5,50,True,326.6299008,341.3186535,14.688752700000009,146.88752699999986,49.4376351199644,24,17,0,0,2533.299008386553,2543.186535410545,9.887527023991879,575.0,695.0,120.0,108.0,125.0,17.0,50.0,50.0,0.0,0.0,0.0,0.0
27182869,T4,10,4,7,5,50,True,326.6299008,341.3186535,14.688752700000009,146.88752699999986,49.4376351199644,24,17,0,0,2533.299008386553,2543.186535410545,9.887527023991879,575.0,695.0,120.0,108.0,125.0,17.0,50.0,50.0,0.0,0.0,0.0,0.0
27182869,T6,10,4,6,5,5,True,326.6299008,326.6299008,0.0,0.0,0.0,0,0,0,0,2533.299008386553,2533.299008386553,0.0,575.0,575.0,0.0,108.0,108.0,0.0,50.0,50.0,0.0,0.0,0.0,0.0
27182870,T2,11,8,7,10,25,True,262.6890721818182,265.4791811818182,2.7901090000000295,30.69119899999987,-171.54400676679325,11,10,0,0,2114.579794289407,2080.2709929360485,-34.308801353358376,605.0,660.0,55.0,112.0,122.0,10.0,55.0,55.0,0.0,3.0,3.0,0.0
27182870,T4,11,8,7,10,25,True,262.6890721818182,265.4791811818182,2.7901090000000295,30.69119899999987,-171.54400676679325,11,10,0,0,2114.579794289407,2080.2709929360485,-34.308801353358376,605.0,660.0,55.0,112.0,122.0,10.0,55.0,55.0,0.0,3.0,3.0,0.0
27182870,T6,11,8,7,10,25,True,262.6890721818182,265.4791811818182,2.7901090000000295,30.69119899999987,-171.54400676679325,11,10,0,0,2114.579794289407,2080.2709929360485,-34.308801353358376,605.0,660.0,55.0,112.0,122.0,10.0,55.0,55.0,0.0,3.0,3.0,0.0
27182871,T2,12,3,7,40,10,True,280.9712346666667,296.0241633333333,15.052928666666617,180.63514399999985,778.175717404476,4,2,1,1,2567.6548164189044,2723.2899598997997,155.6351434808953,630.0,650.0,20.0,114.0,116.0,2.0,60.0,60.0,0.0,0.0,3.0,3.0
27182871,T4,12,3,6,40,40,True,280.9712346666667,280.9712346666667,0.0,0.0,0.0,0,0,0,0,2567.6548164189044,2567.6548164189044,0.0,630.0,630.0,0.0,114.0,114.0,0.0,60.0,60.0,0.0,0.0,0.0,0.0
27182871,T6,12,3,6,40,40,True,280.9712346666667,280.9712346666667,0.0,0.0,0.0,0,0,0,0,2567.6548164189044,2567.6548164189044,0.0,630.0,630.0,0.0,114.0,114.0,0.0,60.0,60.0,0.0,0.0,0.0,0.0
27182872,T2,13,8,7,40,35,True,241.2093086153846,238.50245353846154,-2.7068550769230626,-35.18911600000001,-435.9455774638336,9,7,0,0,2368.721011616963,2281.5318961241965,-87.18911549276663,590.0,635.0,45.0,106.0,113.0,7.0,65.0,65.0,0.0,6.0,6.0,0.0
27182872,T4,13,8,7,40,35,True,241.2093086153846,238.50245353846154,-2.7068550769230626,-35.18911600000001,-435.9455774638336,9,7,0,0,2368.721011616963,2281.5318961241965,-87.18911549276663,590.0,635.0,45.0,106.0,113.0,7.0,65.0,65.0,0.0,6.0,6.0,0.0
27182872,T6,13,8,7,40,35,True,241.2093086153846,238.50245353846154,-2.7068550769230626,-35.18911600000001,-435.9455774638336,9,7,0,0,2368.721011616963,2281.5318961241965,-87.18911549276663,590.0,635.0,45.0,106.0,113.0,7.0,65.0,65.0,0.0,6.0,6.0,0.0
27182873,T2,14,8,7,5,20,True,251.78239607142856,237.53069985714288,-14.251696214285687,-199.52374699999973,-1187.6187340218203,6,14,-2,-2,2755.9535450467824,2518.4297982424205,-237.52374680436196,595.0,625.0,30.0,98.0,112.0,14.0,70.0,70.0,0.0,6.0,0.0,-6.0
27182873,T4,14,8,7,5,20,True,251.78239607142856,237.53069985714288,-14.251696214285687,-199.52374699999973,-1187.6187340218203,6,14,-2,-2,2755.9535450467824,2518.4297982424205,-237.52374680436196,595.0,625.0,30.0,98.0,112.0,14.0,70.0,70.0,0.0,6.0,0.0,-6.0
27182873,T6,14,8,7,5,20,True,251.78239607142856,237.53069985714288,-14.251696214285687,-199.52374699999973,-1187.6187340218203,6,14,-2,-2,2755.9535450467824,2518.4297982424205,-237.52374680436196,595.0,625.0,30.0,98.0,112.0,14.0,70.0,70.0,0.0,6.0,0.0,-6.0
27182874,T2,15,4,7,40,10,True,253.1420672666667,277.5310662666667,24.388999000000013,365.83498499999996,1524.1749215570362,8,12,3,3,3037.1310092566387,3341.9659935680447,304.83498431140606,585.0,625.0,40.0,100.0,112.0,12.0,75.0,75.0,0.0,0.0,9.0,9.0
27182874,T4,15,4,7,40,10,True,253.1420672666667,277.5310662666667,24.388999000000013,365.83498499999996,1524.1749215570362,8,12,3,3,3037.1310092566387,3341.9659935680447,304.83498431140606,585.0,625.0,40.0,100.0,112.0,12.0,75.0,75.0,0.0,0.0,9.0,9.0
27182874,T6,15,4,6,40,40,True,253.1420672666667,253.1420672666667,0.0,0.0,0.0,0,0,0,0,3037.1310092566387,3037.1310092566387,0.0,585.0,585.0,0.0,100.0,100.0,0.0,75.0,75.0,0.0,0.0,0.0,0.0
27182875,T2,16,9,7,15,15,True,220.74237825,201.9603623125,-18.782015937500006,-300.5122550000001,-2182.5612763867684,25,20,-3,-3,2917.8780522173142,2481.3657969399633,-436.51225527735096,445.0,570.0,125.0,80.0,100.0,20.0,80.0,80.0,0.0,9.0,0.0,-9.0
27182875,T4,16,9,7,15,15,True,220.74237825,201.9603623125,-18.782015937500006,-300.5122550000001,-2182.5612763867684,25,20,-3,-3,2917.8780522173142,2481.3657969399633,-436.51225527735096,445.0,570.0,125.0,80.0,100.0,20.0,80.0,80.0,0.0,9.0,0.0,-9.0
27182875,T6,16,9,7,15,15,True,220.74237825,201.9603623125,-18.782015937500006,-300.5122550000001,-2182.5612763867684,25,20,-3,-3,2917.8780522173142,2481.3657969399633,-436.51225527735096,445.0,570.0,125.0,80.0,100.0,20.0,80.0,80.0,0.0,9.0,0.0,-9.0
27182876,T2,10,5,7,5,5,True,319.26880270000004,334.2182254,14.949422699999957,149.49422699999968,122.47113376051311,19,18,4,4,2427.688027146262,2452.182253898364,24.494226752101895,605.0,700.0,95.0,110.0,128.0,18.0,50.0,50.0,0.0,0.0,12.0,12.0
27182876,T4,10,5,7,5,5,True,319.26880270000004,334.2182254,14.949422699999957,149.49422699999968,122.47113376051311,19,18,4,4,2427.688027146262,2452.182253898364,24.494226752101895,605.0,700.0,95.0,110.0,128.0,18.0,50.0,50.0,0.0,0.0,12.0,12.0
27182876,T6,10,5,6,5,5,True,319.26880270000004,319.26880270000004,0.0,0.0,0.0,0,0,0,0,2427.688027146262,2427.688027146262,0.0,605.0,605.0,0.0,110.0,110.0,0.0,50.0,50.0,0.0,0.0,0.0,0.0
27182877,T2,11,5,7,35,15,True,315.6266984545454,352.86266627272727,37.23596781818185,409.5956460000002,1652.9782279391256,13,11,1,1,2662.8936834610486,2993.489329048875,330.5956455878263,635.0,700.0,65.0,116.0,127.0,11.0,55.0,55.0,0.0,3.0,6.0,3.0
27182877,T4,11,5,7,35,15,True,315.6266984545454,352.86266627272727,37.23596781818185,409.5956460000002,1652.9782279391256,13,11,1,1,2662.8936834610486,2993.489329048875,330.5956455878263,635.0,700.0,65.0,116.0,127.0,11.0,55.0,55.0,0.0,3.0,6.0,3.0
27182877,T6,11,5,6,35,35,True,315.6266984545454,315.6266984545454,0.0,0.0,0.0,0,0,0,0,2662.8936834610486,2662.8936834610486,0.0,635.0,635.0,0.0,116.0,116.0,0.0,55.0,55.0,0.0,3.0,3.0,0.0
27182878,T2,12,5,7,15,5,True,344.37258775000004,297.53715625,-46.83543150000003,-562.0251780000003,-3015.1258909352327,7,3,1,1,3390.4710529371914,2787.4458747501444,-603.025178187047,570.0,605.0,35.0,109.0,112.0,3.0,60.0,60.0,0.0,3.0,6.0,3.0
27182878,T4,12,5,7,15,5,True,344.37258775000004,297.53715625,-46.83543150000003,-562.0251780000003,-3015.1258909352327,7,3,1,1,3390.4710529371914,2787.4458747501444,-603.025178187047,570.0,605.0,35.0,109.0,112.0,3.0,60.0,60.0,0.0,3.0,6.0,3.0
27182878,T6,12,5,6,15,15,True,344.37258775000004,344.37258775000004,0.0,0.0,0.0,0,0,0,0,3390.4710529371914,3390.4710529371914,0.0,570.0,570.0,0.0,109.0,109.0,0.0,60.0,60.0,0.0,3.0,3.0,0.0
27182879,T2,13,6,7,35,40,True,268.24391976923073,275.94514207692305,7.701222307692319,100.11589000000004,-79.42055105652253,19,21,0,0,2730.170956787778,2714.286846576473,-15.884110211304687,590.0,685.0,95.0,99.0,120.0,21.0,65.0,65.0,0.0,3.0,3.0,0.0
27182879,T4,13,6,7,35,40,True,268.24391976923073,275.94514207692305,7.701222307692319,100.11589000000004,-79.42055105652253,19,21,0,0,2730.170956787778,2714.286846576473,-15.884110211304687,590.0,685.0,95.0,99.0,120.0,21.0,65.0,65.0,0.0,3.0,3.0,0.0
27182879,T6,13,6,7,35,40,True,268.24391976923073,275.94514207692305,7.701222307692319,100.11589000000004,-79.42055105652253,19,21,0,0,2730.170956787778,2714.286846576473,-15.884110211304687,590.0,685.0,95.0,99.0,120.0,21.0,65.0,65.0,0.0,3.0,3.0,0.0
27182880,T2,14,6,7,55,15,True,254.3956212142857,269.4696237142857,15.074002500000006,211.03603500000008,1080.1801771813261,1,11,-7,-7,2762.538696610404,2978.5747320466694,216.0360354362656,600.0,605.0,5.0,105.0,116.0,11.0,70.0,70.0,0.0,24.0,3.0,-21.0
27182880,T4,14,6,7,55,15,True,254.3956212142857,269.4696237142857,15.074002500000006,211.03603500000008,1080.1801771813261,1,11,-7,-7,2762.538696610404,2978.5747320466694,216.0360354362656,600.0,605.0,5.0,105.0,116.0,11.0,70.0,70.0,0.0,24.0,3.0,-21.0
27182880,T6,14,6,7,55,15,True,254.3956212142857,269.4696237142857,15.074002500000006,211.03603500000008,1080.1801771813261,1,11,-7,-7,2762.538696610404,2978.5747320466694,216.0360354362656,600.0,605.0,5.0,105.0,116.0,11.0,70.0,70.0,0.0,24.0,3.0,-21.0
27182881,T2,15,9,7,10,45,True,223.2222096,205.92860280000002,-17.293606799999992,-259.40410199999997,-1852.0205053410627,20,20,-3,-3,2614.3331435404803,2243.9290424722662,-370.404101068214,550.0,650.0,100.0,100.0,120.0,20.0,75.0,75.0,0.0,9.0,0.0,-9.0
27182881,T4,15,9,7,10,45,True,223.2222096,205.92860280000002,-17.293606799999992,-259.40410199999997,-1852.0205053410627,20,20,-3,-3,2614.3331435404803,2243.9290424722662,-370.404101068214,550.0,650.0,100.0,100.0,120.0,20.0,75.0,75.0,0.0,9.0,0.0,-9.0
27182881,T6,15,9,7,10,45,True,223.2222096,205.92860280000002,-17.293606799999992,-259.40410199999997,-1852.0205053410627,20,20,-3,-3,2614.3331435404803,2243.9290424722662,-370.404101068214,550.0,650.0,100.0,100.0,120.0,20.0,75.0,75.0,0.0,9.0,0.0,-9.0
27182882,T2,16,6,7,5,0,True,228.086247625,232.6342748125,4.548027187499997,72.76843499999995,38.84217641284522,9,8,4,4,2918.3799617576833,2926.1483970402505,7.768435282567225,545.0,590.0,45.0,100.0,108.0,8.0,80.0,80.0,0.0,6.0,18.0,12.0
27182882,T4,16,6,7,5,0,True,228.086247625,232.6342748125,4.548027187499997,72.76843499999995,38.84217641284522,9,8,4,4,2918.3799617576833,2926.1483970402505,7.768435282567225,545.0,590.0,45.0,100.0,108.0,8.0,80.0,80.0,0.0,6.0,18.0,12.0
27182882,T6,16,6,7,5,0,True,228.086247625,232.6342748125,4.548027187499997,72.76843499999995,38.84217641284522,9,8,4,4,2918.3799617576833,2926.1483970402505,7.768435282567225,545.0,590.0,45.0,100.0,108.0,8.0,80.0,80.0,0.0,6.0,18.0,12.0
27182883,T2,10,8,7,40,15,True,292.6027785,289.59402220000004,-3.008756299999959,-30.087563000000046,-510.4378138039665,13,7,0,0,2206.0277851514593,2103.9402223906663,-102.08756276079293,565.0,630.0,65.0,105.0,112.0,7.0,50.0,50.0,0.0,0.0,0.0,0.0
27182883,T4,10,8,7,40,15,True,292.6027785,289.59402220000004,-3.008756299999959,-30.087563000000046,-510.4378138039665,13,7,0,0,2206.0277851514593,2103.9402223906663,-102.08756276079293,565.0,630.0,65.0,105.0,112.0,7.0,50.0,50.0,0.0,0.0,0.0,0.0
27182883,T6,10,8,7,40,15,True,292.6027785,289.59402220000004,-3.008756299999959,-30.087563000000046,-510.4378138039665,13,7,0,0,2206.0277851514593,2103.9402223906663,-102.08756276079293,565.0,630.0,65.0,105.0,112.0,7.0,50.0,50.0,0.0,0.0,0.0,0.0
27182884,T2,11,4,7,45,50,True,314.1229622727273,305.92517609090913,-8.197786181818174,-90.17564799999991,-980.8782405523125,19,20,-3,-3,2717.3525852536045,2521.176937143141,-196.1756481104635,565.0,660.0,95.0,106.0,126.0,20.0,55.0,55.0,0.0,12.0,3.0,-9.0
27182884,T4,11,4,7,45,50,True,314.1229622727273,305.92517609090913,-8.197786181818174,-90.17564799999991,-980.8782405523125,19,20,-3,-3,2717.3525852536045,2521.176937143141,-196.1756481104635,565.0,660.0,95.0,106.0,126.0,20.0,55.0,55.0,0.0,12.0,3.0,-9.0
27182884,T6,11,4,6,45,45,True,314.1229622727273,314.1229622727273,0.0,0.0,0.0,0,0,0,0,2717.3525852536045,2717.3525852536045,0.0,565.0,565.0,0.0,106.0,106.0,0.0,55.0,55.0,0.0,12.0,12.0,0.0
27182885,T2,12,5,7,35,40,True,277.64484608333333,321.50832833333334,43.863482250000004,526.3617870000003,2066.8089362030187,16,18,5,5,2587.7381525144224,3001.0999397550263,413.3617872406039,580.0,660.0,80.0,104.0,122.0,18.0,60.0,60.0,0.0,0.0,15.0,15.0
27182885,T4,12,5,7,35,40,True,277.64484608333333,321.50832833333334,43.863482250000004,526.3617870000003,2066.8089362030187,16,18,5,5,2587.7381525144224,3001.0999397550263,413.3617872406039,580.0,660.0,80.0,104.0,122.0,18.0,60.0,60.0,0.0,0.0,15.0,15.0
27182885,T6,12,5,6,35,35,True,277.64484608333333,277.64484608333333,0.0,0.0,0.0,0,0,0,0,2587.7381525144224,2587.7381525144224,0.0,580.0,580.0,0.0,104.0,104.0,0.0,60.0,60.0,0.0,0.0,0.0,0.0
27182886,T2,13,5,7,25,30,True,272.34380699999997,297.9364655384615,25.592658538461535,332.704561,1318.522806857387,10,10,3,3,2773.469490607795,3037.1740519792706,263.70456137147585,590.0,640.0,50.0,106.0,116.0,10.0,65.0,65.0,0.0,6.0,15.0,9.0
27182886,T4,13,5,7,25,30,True,272.34380699999997,297.9364655384615,25.592658538461535,332.704561,1318.522806857387,10,10,3,3,2773.469490607795,3037.1740519792706,263.70456137147585,590.0,640.0,50.0,106.0,116.0,10.0,65.0,65.0,0.0,6.0,15.0,9.0
27182886,T6,13,5,6,25,25,True,272.34380699999997,272.34380699999997,0.0,0.0,0.0,0,0,0,0,2773.469490607795,2773.469490607795,0.0,590.0,590.0,0.0,106.0,106.0,0.0,65.0,65.0,0.0,6.0,6.0,0.0
27182887,T2,14,6,7,20,25,True,283.0903137857143,257.7516925,-25.338621285714282,-354.74069800000007,-2553.703489118834,26,23,1,1,3292.26439279407,2781.523694970302,-510.74069782376773,510.0,640.0,130.0,91.0,114.0,23.0,70.0,70.0,0.0,0.0,3.0,3.0
27182887,T4,14,6,7,20,25,True,283.0903137857143,257.7516925,-25.338621285714282,-354.74069800000007,-2553.703489118834,26,23,1,1,3292.26439279407,2781.523694970302,-510.74069782376773,510.0,640.0,130.0,91.0,114.0,23.0,70.0,70.0,0.0,0.0,3.0,3.0
27182887,T6,14,6,7,20,25,True,283.0903137857143,257.7516925,-25.338621285714282,-354.74069800000007,-2553.703489118834,26,23,1,1,3292.26439279407,2781.523694970302,-510.74069782376773,510.0,640.0,130.0,91.0,114.0,23.0,70.0,70.0,0.0,0.0,3.0,3.0
27182888,T2,15,9,7,0,20,True,251.4329536666667,255.01541033333334,3.582456666666644,53.73684999999978,-16.31574784735494,9,9,1,1,3048.494304595748,3045.231155026278,-3.263149569469988,550.0,595.0,45.0,95.0,104.0,9.0,75.0,75.0,0.0,3.0,6.0,3.0
27182888,T4,15,9,7,0,20,True,251.4329536666667,255.01541033333334,3.582456666666644,53.73684999999978,-16.31574784735494,9,9,1,1,3048.494304595748,3045.231155026278,-3.263149569469988,550.0,595.0,45.0,95.0,104.0,9.0,75.0,75.0,0.0,3.0,6.0,3.0
27182888,T6,15,9,7,0,20,True,251.4329536666667,255.01541033333334,3.582456666666644,53.73684999999978,-16.31574784735494,9,9,1,1,3048.494304595748,3045.231155026278,-3.263149569469988,550.0,595.0,45.0,95.0,104.0,9.0,75.0,75.0,0.0,3.0,6.0,3.0
27182889,T2,16,4,7,35,20,True,224.7177503125,211.1947339375,-13.523016374999997,-216.36826199999996,-1021.8413098775563,-1,-4,-1,-1,2760.484004672123,2556.115742696611,-204.3682619755118,640.0,635.0,-5.0,112.0,108.0,-4.0,80.0,80.0,0.0,3.0,0.0,-3.0
27182889,T4,16,4,7,35,20,True,224.7177503125,211.1947339375,-13.523016374999997,-216.36826199999996,-1021.8413098775563,-1,-4,-1,-1,2760.484004672123,2556.115742696611,-204.3682619755118,640.0,635.0,-5.0,112.0,108.0,-4.0,80.0,80.0,0.0,3.0,0.0,-3.0
27182889,T6,16,4,6,35,35,True,224.7177503125,224.7177503125,0.0,0.0,0.0,0,0,0,0,2760.484004672123,2760.484004672123,0.0,640.0,640.0,0.0,112.0,112.0,0.0,80.0,80.0,0.0,3.0,3.0,0.0
27182890,T2,10,5,7,45,15,True,337.2234844,303.8318135,-33.39167090000001,-333.9167090000001,-2584.5835455659344,32,26,-1,-1,2693.2348436513876,2176.3181345382,-516.9167091131876,525.0,685.0,160.0,101.0,127.0,26.0,50.0,50.0,0.0,3.0,0.0,-3.0
27182890,T4,10,5,7,45,15,True,337.2234844,303.8318135,-33.39167090000001,-333.9167090000001,-2584.5835455659344,32,26,-1,-1,2693.2348436513876,2176.3181345382,-516.9167091131876,525.0,685.0,160.0,101.0,127.0,26.0,50.0,50.0,0.0,3.0,0.0,-3.0
27182890,T6,10,5,6,45,45,True,337.2234844,337.2234844,0.0,0.0,0.0,0,0,0,0,2693.2348436513876,2693.2348436513876,0.0,525.0,525.0,0.0,101.0,101.0,0.0,50.0,50.0,0.0,3.0,3.0,0.0
27182891,T2,11,1,6,45,45,True,345.7918191818182,345.7918191818182,0.0,0.0,0.0,0,0,0,0,3063.710010692957,3063.710010692957,0.0,575.0,575.0,0.0,110.0,110.0,0.0,55.0,55.0,0.0,0.0,0.0,0.0
27182891,T4,11,1,6,45,45,True,345.7918191818182,345.7918191818182,0.0,0.0,0.0,0,0,0,0,3063.710010692957,3063.710010692957,0.0,575.0,575.0,0.0,110.0,110.0,0.0,55.0,55.0,0.0,0.0,0.0,0.0
27182891,T6,11,1,6,45,45,True,345.7918191818182,345.7918191818182,0.0,0.0,0.0,0,0,0,0,3063.710010692957,3063.710010692957,0.0,575.0,575.0,0.0,110.0,110.0,0.0,55.0,55.0,0.0,0.0,0.0,0.0
27182892,T2,12,9,7,45,45,True,229.59118908333335,239.87060891666667,10.279419833333321,123.35303799999974,171.76518907040554,15,17,-1,-1,2025.094269283909,2059.44730709799,34.353037814080835,560.0,635.0,75.0,104.0,121.0,17.0,60.0,60.0,0.0,6.0,3.0,-3.0
27182892,T4,12,9,7,45,45,True,229.59118908333335,239.87060891666667,10.279419833333321,123.35303799999974,171.76518907040554,15,17,-1,-1,2025.094269283909,2059.44730709799,34.353037814080835,560.0,635.0,75.0,104.0,121.0,17.0,60.0,60.0,0.0,6.0,3.0,-3.0
27182892,T6,12,9,7,45,45,True,229.59118908333335,239.87060891666667,10.279419833333321,123.35303799999974,171.76518907040554,15,17,-1,-1,2025.094269283909,2059.44730709799,34.353037814080835,560.0,635.0,75.0,104.0,121.0,17.0,60.0,60.0,0.0,6.0,3.0,-3.0
27182893,T2,13,5,7,55,5,True,282.16986323076924,306.0045759230769,23.834712692307676,309.8512649999998,1194.2563234263525,16,18,-9,-9,2845.2082220784596,3084.0594867637315,238.85126468527187,610.0,690.0,80.0,112.0,130.0,18.0,65.0,65.0,0.0,36.0,9.0,-27.0
27182893,T4,13,5,7,55,5,True,282.16986323076924,306.0045759230769,23.834712692307676,309.8512649999998,1194.2563234263525,16,18,-9,-9,2845.2082220784596,3084.0594867637315,238.85126468527187,610.0,690.0,80.0,112.0,130.0,18.0,65.0,65.0,0.0,36.0,9.0,-27.0
27182893,T6,13,5,6,55,55,True,282.16986323076924,282.16986323076924,0.0,0.0,0.0,0,0,0,0,2845.2082220784596,2845.2082220784596,0.0,610.0,610.0,0.0,112.0,112.0,0.0,65.0,65.0,0.0,36.0,36.0,0.0
27182894,T2,14,9,7,40,35,True,229.4971287142857,234.27240071428574,4.7752720000000295,66.8538080000003,14.269037797404962,10,14,0,0,2505.9598020606136,2508.8136096200933,2.853807559479719,545.0,595.0,50.0,92.0,106.0,14.0,70.0,70.0,0.0,0.0,0.0,0.0
27182894,T4,14,9,7,40,35,True,229.4971287142857,234.27240071428574,4.7752720000000295,66.8538080000003,14.269037797404962,10,14,0,0,2505.9598020606136,2508.8136096200933,2.853807559479719,545.0,595.0,50.0,92.0,106.0,14.0,70.0,70.0,0.0,0.0,0.0,0.0
27182894,T6,14,9,7,40,35,True,229.4971287142857,234.27240071428574,4.7752720000000295,66.8538080000003,14.269037797404962,10,14,0,0,2505.9598020606136,2508.8136096200933,2.853807559479719,545.0,595.0,50.0,92.0,106.0,14.0,70.0,70.0,0.0,0.0,0.0,0.0
27182895,T2,15,7,7,45,15,True,227.13862346666667,218.1512968,-8.987326666666661,-134.8099000000002,-1514.049496956457,27,27,2,2,2698.0793517505267,2395.2694523592354,-302.8098993912913,535.0,670.0,135.0,99.0,126.0,27.0,75.0,75.0,0.0,0.0,6.0,6.0
27182895,T4,15,7,7,45,15,True,227.13862346666667,218.1512968,-8.987326666666661,-134.8099000000002,-1514.049496956457,27,27,2,2,2698.0793517505267,2395.2694523592354,-302.8098993912913,535.0,670.0,135.0,99.0,126.0,27.0,75.0,75.0,0.0,0.0,6.0,6.0
27182895,T6,15,7,7,45,15,True,227.13862346666667,218.1512968,-8.987326666666661,-134.8099000000002,-1514.049496956457,27,27,2,2,2698.0793517505267,2395.2694523592354,-302.8098993912913,535.0,670.0,135.0,99.0,126.0,27.0,75.0,75.0,0.0,0.0,6.0,6.0
27182896,T2,16,7,7,5,35,True,231.8621869375,250.0376956875,18.175508749999977,290.80813999999964,614.0407013839103,29,26,-1,-1,3076.794990802351,3199.6031310791327,122.80814027678161,465.0,610.0,145.0,82.0,108.0,26.0,80.0,80.0,0.0,6.0,3.0,-3.0
27182896,T4,16,7,7,5,35,True,231.8621869375,250.0376956875,18.175508749999977,290.80813999999964,614.0407013839103,29,26,-1,-1,3076.794990802351,3199.6031310791327,122.80814027678161,465.0,610.0,145.0,82.0,108.0,26.0,80.0,80.0,0.0,6.0,3.0,-3.0
27182896,T6,16,7,7,5,35,True,231.8621869375,250.0376956875,18.175508749999977,290.80813999999964,614.0407013839103,29,26,-1,-1,3076.794990802351,3199.6031310791327,122.80814027678161,465.0,610.0,145.0,82.0,108.0,26.0,80.0,80.0,0.0,6.0,3.0,-3.0
27182897,T2,10,3,7,20,35,True,319.0925388,325.8291391,6.7366003000000205,67.36600300000009,16.830011651301902,11,9,0,0,2406.9253884919735,2410.291390822235,3.366002330261381,620.0,675.0,55.0,114.0,123.0,9.0,50.0,50.0,0.0,0.0,0.0,0.0
27182897,T4,10,3,6,20,20,True,319.0925388,319.0925388,0.0,0.0,0.0,0,0,0,0,2406.9253884919735,2406.9253884919735,0.0,620.0,620.0,0.0,114.0,114.0,0.0,50.0,50.0,0.0,0.0,0.0,0.0
27182897,T6,10,3,6,20,20,True,319.0925388,319.0925388,0.0,0.0,0.0,0,0,0,0,2406.9253884919735,2406.9253884919735,0.0,620.0,620.0,0.0,114.0,114.0,0.0,50.0,50.0,0.0,0.0,0.0,0.0
27182898,T2,11,8,7,25,45,True,250.91331445454546,255.74438590909088,4.831071454545423,53.141785999999684,-284.29107098633176,19,18,-1,-1,2032.046459188709,1975.1882449914424,-56.858214197266534,560.0,655.0,95.0,104.0,122.0,18.0,55.0,55.0,0.0,9.0,6.0,-3.0
27182898,T4,11,8,7,25,45,True,250.91331445454546,255.74438590909088,4.831071454545423,53.141785999999684,-284.29107098633176,19,18,-1,-1,2032.046459188709,1975.1882449914424,-56.858214197266534,560.0,655.0,95.0,104.0,122.0,18.0,55.0,55.0,0.0,9.0,6.0,-3.0
27182898,T6,11,8,7,25,45,True,250.91331445454546,255.74438590909088,4.831071454545423,53.141785999999684,-284.29107098633176,19,18,-1,-1,2032.046459188709,1975.1882449914424,-56.858214197266534,560.0,655.0,95.0,104.0,122.0,18.0,55.0,55.0,0.0,9.0,6.0,-3.0
27182899,T2,12,10,7,10,30,True,229.07563491666667,242.0449391666667,12.969304250000022,155.63165100000015,468.15825578103613,10,9,1,1,2007.9076192385978,2101.5392703948046,93.63165115620677,570.0,620.0,50.0,105.0,114.0,9.0,60.0,60.0,0.0,6.0,9.0,3.0
27182899,T4,12,10,7,10,30,True,229.07563491666667,242.0449391666667,12.969304250000022,155.63165100000015,468.15825578103613,10,9,1,1,2007.9076192385978,2101.5392703948046,93.63165115620677,570.0,620.0,50.0,105.0,114.0,9.0,60.0,60.0,0.0,6.0,9.0,3.0
27182899,T6,12,10,7,10,30,True,229.07563491666667,242.0449391666667,12.969304250000022,155.63165100000015,468.15825578103613,10,9,1,1,2007.9076192385978,2101.5392703948046,93.63165115620677,570.0,620.0,50.0,105.0,114.0,9.0,60.0,60.0,0.0,6.0,9.0,3.0
27182900,T2,13,4,7,15,10,True,271.09214576923074,256.2760473076923,-14.816098461538445,-192.60927999999967,-1368.04640373849,15,15,-3,-3,2693.1978953399675,2419.588614592269,-273.60928074769845,640.0,715.0,75.0,117.0,132.0,15.0,65.0,65.0,0.0,9.0,0.0,-9.0
27182900,T4,13,4,7,15,10,True,271.09214576923074,256.2760473076923,-14.816098461538445,-192.60927999999967,-1368.04640373849,15,15,-3,-3,2693.1978953399675,2419.588614592269,-273.60928074769845,640.0,715.0,75.0,117.0,132.0,15.0,65.0,65.0,0.0,9.0,0.0,-9.0
27182900,T6,13,4,6,15,15,True,271.09214576923074,271.09214576923074,0.0,0.0,0.0,0,0,0,0,2693.1978953399675,2693.1978953399675,0.0,640.0,640.0,0.0,117.0,117.0,0.0,65.0,65.0,0.0,9.0,9.0,0.0
27182901,T2,14,7,7,40,15,True,271.37028492857144,241.93466307142856,-29.435621857142877,-412.0987060000002,-2275.493526984803,7,5,1,1,3046.1839888330787,2591.0852834361176,-455.0987053969611,580.0,615.0,35.0,103.0,108.0,5.0,70.0,70.0,0.0,0.0,3.0,3.0
27182901,T4,14,7,7,40,15,True,271.37028492857144,241.93466307142856,-29.435621857142877,-412.0987060000002,-2275.493526984803,7,5,1,1,3046.1839888330787,2591.0852834361176,-455.0987053969611,580.0,615.0,35.0,103.0,108.0,5.0,70.0,70.0,0.0,0.0,3.0,3.0
27182901,T6,14,7,7,40,15,True,271.37028492857144,241.93466307142856,-29.435621857142877,-412.0987060000002,-2275.493526984803,7,5,1,1,3046.1839888330787,2591.0852834361176,-455.0987053969611,580.0,615.0,35.0,103.0,108.0,5.0,70.0,70.0,0.0,0.0,3.0,3.0
27182902,T2,15,7,7,15,10,True,231.58928546666667,239.83640366666665,8.247118199999989,123.70677299999988,453.5338656501626,2,2,7,7,2680.839282337923,2771.5460554679553,90.70677313003216,610.0,620.0,10.0,108.0,110.0,2.0,75.0,75.0,0.0,0.0,21.0,21.0
27182902,T4,15,7,7,15,10,True,231.58928546666667,239.83640366666665,8.247118199999989,123.70677299999988,453.5338656501626,2,2,7,7,2680.839282337923,2771.5460554679553,90.70677313003216,610.0,620.0,10.0,108.0,110.0,2.0,75.0,75.0,0.0,0.0,21.0,21.0
27182902,T6,15,7,7,15,10,True,231.58928546666667,239.83640366666665,8.247118199999989,123.70677299999988,453.5338656501626,2,2,7,7,2680.839282337923,2771.5460554679553,90.70677313003216,610.0,620.0,10.0,108.0,110.0,2.0,75.0,75.0,0.0,0.0,21.0,21.0
27182903,T2,16,7,7,30,10,True,243.7795965625,224.6296133125,-19.14998324999999,-306.39973199999986,-1861.9986602764475,13,1,0,0,3191.4735454078495,2819.0738133525583,-372.3997320552912,525.0,590.0,65.0,98.0,99.0,1.0,80.0,80.0,0.0,6.0,6.0,0.0
27182903,T4,16,7,7,30,10,True,243.7795965625,224.6296133125,-19.14998324999999,-306.39973199999986,-1861.9986602764475,13,1,0,0,3191.4735454078495,2819.0738133525583,-372.3997320552912,525.0,590.0,65.0,98.0,99.0,1.0,80.0,80.0,0.0,6.0,6.0,0.0
27182903,T6,16,7,7,30,10,True,243.7795965625,224.6296133125,-19.14998324999999,-306.39973199999986,-1861.9986602764475,13,1,0,0,3191.4735454078495,2819.0738133525583,-372.3997320552912,525.0,590.0,65.0,98.0,99.0,1.0,80.0,80.0,0.0,6.0,6.0,0.0
27182904,T2,10,7,7,20,5,True,326.2848348,328.7334325,2.4485976999999934,24.48597699999982,-382.57011585250984,17,19,-1,-1,2529.8483481693083,2453.334324998805,-76.51402317050315,575.0,660.0,85.0,105.0,124.0,19.0,50.0,50.0,0.0,3.0,0.0,-3.0
27182904,T4,10,7,7,20,5,True,326.2848348,328.7334325,2.4485976999999934,24.48597699999982,-382.57011585250984,17,19,-1,-1,2529.8483481693083,2453.334324998805,-76.51402317050315,575.0,660.0,85.0,105.0,124.0,19.0,50.0,50.0,0.0,3.0,0.0,-3.0
27182904,T6,10,7,7,20,5,True,326.2848348,328.7334325,2.4485976999999934,24.48597699999982,-382.57011585250984,17,19,-1,-1,2529.8483481693083,2453.334324998805,-76.51402317050315,575.0,660.0,85.0,105.0,124.0,19.0,50.0,50.0,0.0,3.0,0.0,-3.0
27182905,T2,11,5,7,15,20,True,283.1296223636364,271.85609654545453,-11.273525818181838,-124.0087840000001,-665.0439205317598,2,5,-2,-2,2312.4258461234267,2179.4170620170744,-133.00878410635232,625.0,635.0,10.0,116.0,121.0,5.0,55.0,55.0,0.0,6.0,0.0,-6.0
27182905,T4,11,5,7,15,20,True,283.1296223636364,271.85609654545453,-11.273525818181838,-124.0087840000001,-665.0439205317598,2,5,-2,-2,2312.4258461234267,2179.4170620170744,-133.00878410635232,625.0,635.0,10.0,116.0,121.0,5.0,55.0,55.0,0.0,6.0,0.0,-6.0
27182905,T6,11,5,6,15,15,True,283.1296223636364,283.1296223636364,0.0,0.0,0.0,0,0,0,0,2312.4258461234267,2312.4258461234267,0.0,625.0,625.0,0.0,116.0,116.0,0.0,55.0,55.0,0.0,6.0,6.0,0.0
27182906,T2,12,3,7,35,50,True,312.720376,326.9401185,14.219742499999995,170.63691000000017,-126.81545336126874,34,32,-2,-2,2977.64451226108,2952.2814215888257,-25.363090672254202,600.0,770.0,170.0,109.0,141.0,32.0,60.0,60.0,0.0,6.0,0.0,-6.0
27182906,T4,12,3,6,35,35,True,312.720376,312.720376,0.0,0.0,0.0,0,0,0,0,2977.64451226108,2977.64451226108,0.0,600.0,600.0,0.0,109.0,109.0,0.0,60.0,60.0,0.0,6.0,6.0,0.0
27182906,T6,12,3,6,35,35,True,312.720376,312.720376,0.0,0.0,0.0,0,0,0,0,2977.64451226108,2977.64451226108,0.0,600.0,600.0,0.0,109.0,109.0,0.0,60.0,60.0,0.0,6.0,6.0,0.0
27182907,T2,13,4,7,25,35,True,318.2362223846154,304.77446323076924,-13.461759153846174,-175.00286900000037,-1180.0143479872186,10,11,0,0,3380.0708914535026,3144.0680218560574,-236.00286959744517,585.0,635.0,50.0,107.0,118.0,11.0,65.0,65.0,0.0,0.0,0.0,0.0
27182907,T4,13,4,7,25,35,True,318.2362223846154,304.77446323076924,-13.461759153846174,-175.00286900000037,-1180.0143479872186,10,11,0,0,3380.0708914535026,3144.0680218560574,-236.00286959744517,585.0,635.0,50.0,107.0,118.0,11.0,65.0,65.0,0.0,0.0,0.0,0.0
27182907,T6,13,4,6,25,25,True,318.2362223846154,318.2362223846154,0.0,0.0,0.0,0,0,0,0,3380.0708914535026,3380.0708914535026,0.0,585.0,585.0,0.0,107.0,107.0,0.0,65.0,65.0,0.0,0.0,0.0,0.0
27182908,T2,14,5,7,15,0,True,291.34333192857144,252.71640592857145,-38.626926,-540.7769639999997,-3348.884822771335,21,24,0,0,3330.806647260487,2661.0296827062193,-669.7769645542676,570.0,675.0,105.0,105.0,129.0,24.0,70.0,70.0,0.0,3.0,3.0,0.0
27182908,T4,14,5,7,15,0,True,291.34333192857144,252.71640592857145,-38.626926,-540.7769639999997,-3348.884822771335,21,24,0,0,3330.806647260487,2661.0296827062193,-669.7769645542676,570.0,675.0,105.0,105.0,129.0,24.0,70.0,70.0,0.0,3.0,3.0,0.0
27182908,T6,14,5,6,15,15,True,291.34333192857144,291.34333192857144,0.0,0.0,0.0,0,0,0,0,3330.806647260487,3330.806647260487,0.0,570.0,570.0,0.0,105.0,105.0,0.0,70.0,70.0,0.0,3.0,3.0,0.0
27182909,T2,15,7,7,35,35,True,251.95115326666667,233.83053993333334,-18.120613333333324,-271.80920000000015,-2094.04600170083,25,22,0,0,3079.2672990526034,2660.4580987124364,-418.8092003401671,525.0,650.0,125.0,94.0,116.0,22.0,75.0,75.0,0.0,6.0,6.0,0.0
27182909,T4,15,7,7,35,35,True,251.95115326666667,233.83053993333334,-18.120613333333324,-271.80920000000015,-2094.04600170083,25,22,0,0,3079.2672990526034,2660.4580987124364,-418.8092003401671,525.0,650.0,125.0,94.0,116.0,22.0,75.0,75.0,0.0,6.0,6.0,0.0
27182909,T6,15,7,7,35,35,True,251.95115326666667,233.83053993333334,-18.120613333333324,-271.80920000000015,-2094.04600170083,25,22,0,0,3079.2672990526034,2660.4580987124364,-418.8092003401671,525.0,650.0,125.0,94.0,116.0,22.0,75.0,75.0,0.0,6.0,6.0,0.0
27182910,T2,16,5,7,30,50,True,241.207687625,236.0359553125,-5.171732312500012,-82.7477170000002,-1058.7385818796647,19,25,3,3,3128.3230016784037,2916.5752853024724,-211.7477163759313,550.0,645.0,95.0,92.0,117.0,25.0,80.0,80.0,0.0,9.0,18.0,9.0
27182910,T4,16,5,7,30,50,True,241.207687625,236.0359553125,-5.171732312500012,-82.7477170000002,-1058.7385818796647,19,25,3,3,3128.3230016784037,2916.5752853024724,-211.7477163759313,550.0,645.0,95.0,92.0,117.0,25.0,80.0,80.0,0.0,9.0,18.0,9.0
27182910,T6,16,5,6,30,30,True,241.207687625,241.207687625,0.0,0.0,0.0,0,0,0,0,3128.3230016784037,3128.3230016784037,0.0,550.0,550.0,0.0,92.0,92.0,0.0,80.0,80.0,0.0,9.0,9.0,0.0
27182911,T2,10,9,7,30,50,True,265.31009290000003,276.8003382,11.49024529999997,114.9024529999997,134.5122660649904,16,11,-1,-1,1901.1009286630485,1928.0033818760464,26.902453212997898,585.0,665.0,80.0,111.0,122.0,11.0,50.0,50.0,0.0,6.0,3.0,-3.0
27182911,T4,10,9,7,30,50,True,265.31009290000003,276.8003382,11.49024529999997,114.9024529999997,134.5122660649904,16,11,-1,-1,1901.1009286630485,1928.0033818760464,26.902453212997898,585.0,665.0,80.0,111.0,122.0,11.0,50.0,50.0,0.0,6.0,3.0,-3.0
27182911,T6,10,9,7,30,50,True,265.31009290000003,276.8003382,11.49024529999997,114.9024529999997,134.5122660649904,16,11,-1,-1,1901.1009286630485,1928.0033818760464,26.902453212997898,585.0,665.0,80.0,111.0,122.0,11.0,50.0,50.0,0.0,6.0,3.0,-3.0
27182912,T2,11,3,7,10,5,True,338.33934663636364,327.43590163636367,-10.903444999999977,-119.93789500000003,-774.6894722747056,5,7,1,1,2920.7328127656588,2765.7949183107185,-154.9378944549403,630.0,655.0,25.0,116.0,123.0,7.0,55.0,55.0,0.0,0.0,3.0,3.0
27182912,T4,11,3,6,10,10,True,338.33934663636364,338.33934663636364,0.0,0.0,0.0,0,0,0,0,2920.7328127656588,2920.7328127656588,0.0,630.0,630.0,0.0,116.0,116.0,0.0,55.0,55.0,0.0,0.0,0.0,0.0
27182912,T6,11,3,6,10,10,True,338.33934663636364,338.33934663636364,0.0,0.0,0.0,0,0,0,0,2920.7328127656588,2920.7328127656588,0.0,630.0,630.0,0.0,116.0,116.0,0.0,55.0,55.0,0.0,0.0,0.0,0.0
27182913,T2,12,5,7,0,5,True,264.29664983333333,261.83027,-2.466379833333349,-29.59655799999973,-607.9827911736502,16,12,0,0,2442.5597981095357,2320.963239874807,-121.59655823472849,565.0,645.0,80.0,104.0,116.0,12.0,60.0,60.0,0.0,0.0,0.0,0.0
27182913,T4,12,5,7,0,5,True,264.29664983333333,261.83027,-2.466379833333349,-29.59655799999973,-607.9827911736502,16,12,0,0,2442.5597981095357,2320.963239874807,-121.59655823472849,565.0,645.0,80.0,104.0,116.0,12.0,60.0,60.0,0.0,0.0,0.0,0.0
27182913,T6,12,5,6,0,0,True,264.29664983333333,264.29664983333333,0.0,0.0,0.0,0,0,0,0,2442.5597981095357,2442.5597981095357,0.0,565.0,565.0,0.0,104.0,104.0,0.0,60.0,60.0,0.0,0.0,0.0,0.0
27182914,T2,13,4,7,10,0,True,262.44793623076924,295.36373515384616,32.91579892307692,427.9053859999999,1814.5269300898162,11,10,0,0,2663.8231714095014,3026.728557427463,362.9053860179615,575.0,630.0,55.0,102.0,112.0,10.0,65.0,65.0,0.0,6.0,6.0,0.0
27182914,T4,13,4,7,10,0,True,262.44793623076924,295.36373515384616,32.91579892307692,427.9053859999999,1814.5269300898162,11,10,0,0,2663.8231714095014,3026.728557427463,362.9053860179615,575.0,630.0,55.0,102.0,112.0,10.0,65.0,65.0,0.0,6.0,6.0,0.0
27182914,T6,13,4,6,10,10,True,262.44793623076924,262.44793623076924,0.0,0.0,0.0,0,0,0,0,2663.8231714095014,2663.8231714095014,0.0,575.0,575.0,0.0,102.0,102.0,0.0,65.0,65.0,0.0,6.0,6.0,0.0
27182915,T2,14,8,7,55,5,True,268.0274524285714,258.3802897857143,-9.647162642857097,-135.06027700000004,-1280.3013850361858,21,19,-1,-1,3077.384334204842,2821.324057197604,-256.06027700723826,510.0,615.0,105.0,89.0,108.0,19.0,70.0,70.0,0.0,6.0,3.0,-3.0
27182915,T4,14,8,7,55,5,True,268.0274524285714,258.3802897857143,-9.647162642857097,-135.06027700000004,-1280.3013850361858,21,19,-1,-1,3077.384334204842,2821.324057197604,-256.06027700723826,510.0,615.0,105.0,89.0,108.0,19.0,70.0,70.0,0.0,6.0,3.0,-3.0
27182915,T6,14,8,7,55,5,True,268.0274524285714,258.3802897857143,-9.647162642857097,-135.06027700000004,-1280.3013850361858,21,19,-1,-1,3077.384334204842,2821.324057197604,-256.06027700723826,510.0,615.0,105.0,89.0,108.0,19.0,70.0,70.0,0.0,6.0,3.0,-3.0
27182916,T2,15,8,7,50,20,True,250.8555516,231.52602446666666,-19.329527133333357,-289.9429070000001,-1659.7145320835425,7,4,1,1,3029.8332737534797,2697.8903673367713,-331.9429064167084,550.0,585.0,35.0,105.0,109.0,4.0,75.0,75.0,0.0,3.0,6.0,3.0
27182916,T4,15,8,7,50,20,True,250.8555516,231.52602446666666,-19.329527133333357,-289.9429070000001,-1659.7145320835425,7,4,1,1,3029.8332737534797,2697.8903673367713,-331.9429064167084,550.0,585.0,35.0,105.0,109.0,4.0,75.0,75.0,0.0,3.0,6.0,3.0
27182916,T6,15,8,7,50,20,True,250.8555516,231.52602446666666,-19.329527133333357,-289.9429070000001,-1659.7145320835425,7,4,1,1,3029.8332737534797,2697.8903673367713,-331.9429064167084,550.0,585.0,35.0,105.0,109.0,4.0,75.0,75.0,0.0,3.0,6.0,3.0
27182917,T2,16,11,7,0,10,True,241.854225875,230.113811125,-11.740414749999985,-187.84663599999976,-1354.233183840659,14,10,1,1,3124.667614441526,2853.8209776733956,-270.84663676813034,565.0,635.0,70.0,100.0,110.0,10.0,80.0,80.0,0.0,0.0,3.0,3.0
27182917,T4,16,11,7,0,10,True,241.854225875,230.113811125,-11.740414749999985,-187.84663599999976,-1354.233183840659,14,10,1,1,3124.667614441526,2853.8209776733956,-270.84663676813034,565.0,635.0,70.0,100.0,110.0,10.0,80.0,80.0,0.0,0.0,3.0,3.0
27182917,T6,16,11,7,0,10,True,241.854225875,230.113811125,-11.740414749999985,-187.84663599999976,-1354.233183840659,14,10,1,1,3124.667614441526,2853.8209776733956,-270.84663676813034,565.0,635.0,70.0,100.0,110.0,10.0,80.0,80.0,0.0,0.0,3.0,3.0
27182918,T2,10,5,7,0,40,True,290.8323149,310.05363769999997,19.221322799999996,192.21322800000007,516.0661404475413,13,18,2,2,2150.3231492456666,2253.536377335175,103.21322808950845,595.0,660.0,65.0,107.0,125.0,18.0,50.0,50.0,0.0,6.0,12.0,6.0
27182918,T4,10,5,7,0,40,True,290.8323149,310.05363769999997,19.221322799999996,192.21322800000007,516.0661404475413,13,18,2,2,2150.3231492456666,2253.536377335175,103.21322808950845,595.0,660.0,65.0,107.0,125.0,18.0,50.0,50.0,0.0,6.0,12.0,6.0
27182918,T6,10,5,6,0,0,True,290.8323149,290.8323149,0.0,0.0,0.0,0,0,0,0,2150.3231492456666,2150.3231492456666,0.0,595.0,595.0,0.0,107.0,107.0,0.0,50.0,50.0,0.0,6.0,6.0,0.0
27182919,T2,11,8,7,30,45,True,270.0137587272727,304.534834,34.52107527272727,379.73182799999995,1608.6591400509078,9,13,0,0,2207.1513464256577,2528.883174435841,321.7318280101831,595.0,640.0,45.0,110.0,123.0,13.0,55.0,55.0,0.0,3.0,3.0,0.0
27182919,T4,11,8,7,30,45,True,270.0137587272727,304.534834,34.52107527272727,379.73182799999995,1608.6591400509078,9,13,0,0,2207.1513464256577,2528.883174435841,321.7318280101831,595.0,640.0,45.0,110.0,123.0,13.0,55.0,55.0,0.0,3.0,3.0,0.0
27182919,T6,11,8,7,30,45,True,270.0137587272727,304.534834,34.52107527272727,379.73182799999995,1608.6591400509078,9,13,0,0,2207.1513464256577,2528.883174435841,321.7318280101831,595.0,640.0,45.0,110.0,123.0,13.0,55.0,55.0,0.0,3.0,3.0,0.0
27182920,T2,12,5,7,20,5,True,280.47820575,327.04401633333333,46.56581058333336,558.7897270000003,2623.948634453269,5,9,0,0,2573.7384689962114,3098.528195886866,524.7897268906545,620.0,645.0,25.0,112.0,121.0,9.0,60.0,60.0,0.0,0.0,0.0,0.0
27182920,T4,12,5,7,20,5,True,280.47820575,327.04401633333333,46.56581058333336,558.7897270000003,2623.948634453269,5,9,0,0,2573.7384689962114,3098.528195886866,524.7897268906545,620.0,645.0,25.0,112.0,121.0,9.0,60.0,60.0,0.0,0.0,0.0,0.0
27182920,T6,12,5,6,20,20,True,280.47820575,280.47820575,0.0,0.0,0.0,0,0,0,0,2573.7384689962114,2573.7384689962114,0.0,620.0,620.0,0.0,112.0,112.0,0.0,60.0,60.0,0.0,0.0,0.0,0.0
27182921,T2,13,5,7,35,30,True,252.77530184615384,242.80879361538462,-9.966508230769222,-129.5646069999998,-1067.8230331794457,14,8,2,2,2447.078923697643,2233.514317061754,-213.56460663588905,650.0,720.0,70.0,121.0,129.0,8.0,65.0,65.0,0.0,3.0,9.0,6.0
27182921,T4,13,5,7,35,30,True,252.77530184615384,242.80879361538462,-9.966508230769222,-129.5646069999998,-1067.8230331794457,14,8,2,2,2447.078923697643,2233.514317061754,-213.56460663588905,650.0,720.0,70.0,121.0,129.0,8.0,65.0,65.0,0.0,3.0,9.0,6.0
27182921,T6,13,5,6,35,35,True,252.77530184615384,252.77530184615384,0.0,0.0,0.0,0,0,0,0,2447.078923697643,2447.078923697643,0.0,650.0,650.0,0.0,121.0,121.0,0.0,65.0,65.0,0.0,3.0,3.0,0.0
27182922,T2,14,4,7,40,40,True,250.54998521428573,252.87772035714286,2.3277351428571365,32.58829199999991,517.9414599206502,-12,-14,1,1,2652.6997925609176,2756.2880845450463,103.58829198412877,665.0,605.0,-60.0,120.0,106.0,-14.0,70.0,70.0,0.0,0.0,3.0,3.0
27182922,T4,14,4,7,40,40,True,250.54998521428573,252.87772035714286,2.3277351428571365,32.58829199999991,517.9414599206502,-12,-14,1,1,2652.6997925609176,2756.2880845450463,103.58829198412877,665.0,605.0,-60.0,120.0,106.0,-14.0,70.0,70.0,0.0,0.0,3.0,3.0
27182922,T6,14,4,6,40,40,True,250.54998521428573,250.54998521428573,0.0,0.0,0.0,0,0,0,0,2652.6997925609176,2652.6997925609176,0.0,665.0,665.0,0.0,120.0,120.0,0.0,70.0,70.0,0.0,0.0,0.0,0.0
27182923,T2,15,5,7,0,15,True,247.41579166666668,245.04672280000003,-2.3690688666666517,-35.53603299999986,-402.68016767035624,9,9,-3,-3,2962.2368753163955,2881.700841782324,-80.53603353407152,565.0,610.0,45.0,100.0,109.0,9.0,75.0,75.0,0.0,9.0,0.0,-9.0
27182923,T4,15,5,7,0,15,True,247.41579166666668,245.04672280000003,-2.3690688666666517,-35.53603299999986,-402.68016767035624,9,9,-3,-3,2962.2368753163955,2881.700841782324,-80.53603353407152,565.0,610.0,45.0,100.0,109.0,9.0,75.0,75.0,0.0,9.0,0.0,-9.0
27182923,T6,15,5,6,0,0,True,247.41579166666668,247.41579166666668,0.0,0.0,0.0,0,0,0,0,2962.2368753163955,2962.2368753163955,0.0,565.0,565.0,0.0,100.0,100.0,0.0,75.0,75.0,0.0,9.0,9.0,0.0
27182924,T2,16,11,7,5,50,True,235.5947500625,216.9596954375,-18.63505462500001,-298.16087400000015,-1475.8043712105646,0,0,-1,-1,3045.5160007905174,2750.3551265484057,-295.16087424211173,540.0,540.0,0.0,98.0,98.0,0.0,80.0,80.0,0.0,6.0,3.0,-3.0
27182924,T4,16,11,7,5,50,True,235.5947500625,216.9596954375,-18.63505462500001,-298.16087400000015,-1475.8043712105646,0,0,-1,-1,3045.5160007905174,2750.3551265484057,-295.16087424211173,540.0,540.0,0.0,98.0,98.0,0.0,80.0,80.0,0.0,6.0,3.0,-3.0
27182924,T6,16,11,7,5,50,True,235.5947500625,216.9596954375,-18.63505462500001,-298.16087400000015,-1475.8043712105646,0,0,-1,-1,3045.5160007905174,2750.3551265484057,-295.16087424211173,540.0,540.0,0.0,98.0,98.0,0.0,80.0,80.0,0.0,6.0,3.0,-3.0
27182925,T2,10,5,7,45,40,True,335.2658568,337.8680268,2.602170000000001,26.021700000000237,-289.8915035160662,15,15,-2,-2,2593.658568227061,2535.6802675238473,-57.97830070321379,595.0,670.0,75.0,108.0,123.0,15.0,50.0,50.0,0.0,6.0,0.0,-6.0
27182925,T4,10,5,7,45,40,True,335.2658568,337.8680268,2.602170000000001,26.021700000000237,-289.8915035160662,15,15,-2,-2,2593.658568227061,2535.6802675238473,-57.97830070321379,595.0,670.0,75.0,108.0,123.0,15.0,50.0,50.0,0.0,6.0,0.0,-6.0
27182925,T6,10,5,6,45,45,True,335.2658568,335.2658568,0.0,0.0,0.0,0,0,0,0,2593.658568227061,2593.658568227061,0.0,595.0,595.0,0.0,108.0,108.0,0.0,50.0,50.0,0.0,6.0,6.0,0.0
27182926,T2,11,7,7,55,10,True,261.33006890909087,279.21664736363635,17.886578454545486,196.75236300000006,8.76181240421829,32,32,1,1,2127.630758458786,2129.383120939631,1.7523624808450222,585.0,745.0,160.0,107.0,139.0,32.0,55.0,55.0,0.0,0.0,3.0,3.0
27182926,T4,11,7,7,55,10,True,261.33006890909087,279.21664736363635,17.886578454545486,196.75236300000006,8.76181240421829,32,32,1,1,2127.630758458786,2129.383120939631,1.7523624808450222,585.0,745.0,160.0,107.0,139.0,32.0,55.0,55.0,0.0,0.0,3.0,3.0
27182926,T6,11,7,7,55,10,True,261.33006890909087,279.21664736363635,17.886578454545486,196.75236300000006,8.76181240421829,32,32,1,1,2127.630758458786,2129.383120939631,1.7523624808450222,585.0,745.0,160.0,107.0,139.0,32.0,55.0,55.0,0.0,0.0,3.0,3.0
27182927,T2,12,10,7,30,15,True,246.36757775,235.88078741666666,-10.486790333333346,-125.84148400000004,-609.2074198225037,-2,0,2,2,2229.4109325351715,2107.5694485706713,-121.84148396450018,560.0,550.0,-10.0,104.0,104.0,0.0,60.0,60.0,0.0,3.0,9.0,6.0
27182927,T4,12,10,7,30,15,True,246.36757775,235.88078741666666,-10.486790333333346,-125.84148400000004,-609.2074198225037,-2,0,2,2,2229.4109325351715,2107.5694485706713,-121.84148396450018,560.0,550.0,-10.0,104.0,104.0,0.0,60.0,60.0,0.0,3.0,9.0,6.0
27182927,T6,12,10,7,30,15,True,246.36757775,235.88078741666666,-10.486790333333346,-125.84148400000004,-609.2074198225037,-2,0,2,2,2229.4109325351715,2107.5694485706713,-121.84148396450018,560.0,550.0,-10.0,104.0,104.0,0.0,60.0,60.0,0.0,3.0,9.0,6.0
27182928,T2,13,7,7,40,5,True,249.96004523076923,224.421484,-25.538561230769233,-332.0012959999999,-1730.0064789619428,3,-7,2,2,2461.4805875025063,2115.4792917101176,-346.00129579238865,610.0,625.0,15.0,110.0,103.0,-7.0,65.0,65.0,0.0,3.0,9.0,6.0
27182928,T4,13,7,7,40,5,True,249.96004523076923,224.421484,-25.538561230769233,-332.0012959999999,-1730.0064789619428,3,-7,2,2,2461.4805875025063,2115.4792917101176,-346.00129579238865,610.0,625.0,15.0,110.0,103.0,-7.0,65.0,65.0,0.0,3.0,9.0,6.0
27182928,T6,13,7,7,40,5,True,249.96004523076923,224.421484,-25.538561230769233,-332.0012959999999,-1730.0064789619428,3,-7,2,2,2461.4805875025063,2115.4792917101176,-346.00129579238865,610.0,625.0,15.0,110.0,103.0,-7.0,65.0,65.0,0.0,3.0,9.0,6.0
27182929,T2,14,10,7,0,45,True,236.15025635714284,226.5744862857143,-9.575770071428536,-134.06078099999968,-1115.3039035926795,18,8,-3,-3,2585.1035888844576,2362.042808165921,-223.06078071853653,540.0,630.0,90.0,102.0,110.0,8.0,70.0,70.0,0.0,9.0,0.0,-9.0
27182929,T4,14,10,7,0,45,True,236.15025635714284,226.5744862857143,-9.575770071428536,-134.06078099999968,-1115.3039035926795,18,8,-3,-3,2585.1035888844576,2362.042808165921,-223.06078071853653,540.0,630.0,90.0,102.0,110.0,8.0,70.0,70.0,0.0,9.0,0.0,-9.0
27182929,T6,14,10,7,0,45,True,236.15025635714284,226.5744862857143,-9.575770071428536,-134.06078099999968,-1115.3039035926795,18,8,-3,-3,2585.1035888844576,2362.042808165921,-223.06078071853653,540.0,630.0,90.0,102.0,110.0,8.0,70.0,70.0,0.0,9.0,0.0,-9.0
27182930,T2,15,6,7,45,35,True,263.7197924,246.9328682,-16.786924200000016,-251.8038630000001,-1224.019312709901,0,-7,0,0,3170.7968856941384,2925.9930231521585,-244.80386254197992,600.0,600.0,0.0,107.0,100.0,-7.0,75.0,75.0,0.0,3.0,3.0,0.0
27182930,T4,15,6,7,45,35,True,263.7197924,246.9328682,-16.786924200000016,-251.8038630000001,-1224.019312709901,0,-7,0,0,3170.7968856941384,2925.9930231521585,-244.80386254197992,600.0,600.0,0.0,107.0,100.0,-7.0,75.0,75.0,0.0,3.0,3.0,0.0
27182930,T6,15,6,7,45,35,True,263.7197924,246.9328682,-16.786924200000016,-251.8038630000001,-1224.019312709901,0,-7,0,0,3170.7968856941384,2925.9930231521585,-244.80386254197992,600.0,600.0,0.0,107.0,100.0,-7.0,75.0,75.0,0.0,3.0,3.0,0.0
27182931,T2,16,9,7,35,15,True,205.503441,174.4878524375,-31.0155885625,-496.249417,-1836.2470854109615,-21,-21,-1,-1,2496.0550556800454,2128.805638597853,-367.2494170821924,600.0,495.0,-105.0,106.0,85.0,-21.0,80.0,80.0,0.0,6.0,3.0,-3.0
27182931,T4,16,9,7,35,15,True,205.503441,174.4878524375,-31.0155885625,-496.249417,-1836.2470854109615,-21,-21,-1,-1,2496.0550556800454,2128.805638597853,-367.2494170821924,600.0,495.0,-105.0,106.0,85.0,-21.0,80.0,80.0,0.0,6.0,3.0,-3.0
27182931,T6,16,9,7,35,15,True,205.503441,174.4878524375,-31.0155885625,-496.249417,-1836.2470854109615,-21,-21,-1,-1,2496.0550556800454,2128.805638597853,-367.2494170821924,600.0,495.0,-105.0,106.0,85.0,-21.0,80.0,80.0,0.0,6.0,3.0,-3.0
27182932,T2,10,7,7,40,45,True,323.5517049,298.06912320000004,-25.48258169999997,-254.82581699999992,-1729.1290823714917,16,14,-1,-1,2488.5170488341205,2142.691232359822,-345.82581647429834,585.0,665.0,80.0,109.0,123.0,14.0,50.0,50.0,0.0,3.0,0.0,-3.0
27182932,T4,10,7,7,40,45,True,323.5517049,298.06912320000004,-25.48258169999997,-254.82581699999992,-1729.1290823714917,16,14,-1,-1,2488.5170488341205,2142.691232359822,-345.82581647429834,585.0,665.0,80.0,109.0,123.0,14.0,50.0,50.0,0.0,3.0,0.0,-3.0
27182932,T6,10,7,7,40,45,True,323.5517049,298.06912320000004,-25.48258169999997,-254.82581699999992,-1729.1290823714917,16,14,-1,-1,2488.5170488341205,2142.691232359822,-345.82581647429834,585.0,665.0,80.0,109.0,123.0,14.0,50.0,50.0,0.0,3.0,0.0,-3.0
27182933,T2,11,5,7,35,20,True,292.00695,300.896017,8.889066999999955,97.77973699999984,-41.10131356754937,19,11,0,0,2422.0764500530345,2413.8561873395242,-8.220262713510238,620.0,715.0,95.0,115.0,126.0,11.0,55.0,55.0,0.0,0.0,0.0,0.0
27182933,T4,11,5,7,35,20,True,292.00695,300.896017,8.889066999999955,97.77973699999984,-41.10131356754937,19,11,0,0,2422.0764500530345,2413.8561873395242,-8.220262713510238,620.0,715.0,95.0,115.0,126.0,11.0,55.0,55.0,0.0,0.0,0.0,0.0
27182933,T6,11,5,6,35,35,True,292.00695,292.00695,0.0,0.0,0.0,0,0,0,0,2422.0764500530345,2422.0764500530345,0.0,620.0,620.0,0.0,115.0,115.0,0.0,55.0,55.0,0.0,0.0,0.0,0.0
27182934,T2,12,4,7,30,30,True,297.101992,288.88748825,-8.214503750000006,-98.57404499999984,-1037.8702284494884,20,12,-1,-1,2816.223904411955,2608.649858722058,-207.57404568989705,580.0,680.0,100.0,106.0,118.0,12.0,60.0,60.0,0.0,3.0,0.0,-3.0
27182934,T4,12,4,7,30,30,True,297.101992,288.88748825,-8.214503750000006,-98.57404499999984,-1037.8702284494884,20,12,-1,-1,2816.223904411955,2608.649858722058,-207.57404568989705,580.0,680.0,100.0,106.0,118.0,12.0,60.0,60.0,0.0,3.0,0.0,-3.0
27182934,T6,12,4,6,30,30,True,297.101992,297.101992,0.0,0.0,0.0,0,0,0,0,2816.223904411955,2816.223904411955,0.0,580.0,580.0,0.0,106.0,106.0,0.0,60.0,60.0,0.0,3.0,3.0,0.0
27182935,T2,13,6,7,10,35,True,267.9876093846154,246.16864484615385,-21.81896453846153,-283.64653899999985,-1928.2326981417646,17,14,1,1,2729.8389224565612,2344.192382828208,-385.64653962835337,580.0,665.0,85.0,106.0,120.0,14.0,65.0,65.0,0.0,3.0,6.0,3.0
27182935,T4,13,6,7,10,35,True,267.9876093846154,246.16864484615385,-21.81896453846153,-283.64653899999985,-1928.2326981417646,17,14,1,1,2729.8389224565612,2344.192382828208,-385.64653962835337,580.0,665.0,85.0,106.0,120.0,14.0,65.0,65.0,0.0,3.0,6.0,3.0
27182935,T6,13,6,7,10,35,True,267.9876093846154,246.16864484615385,-21.81896453846153,-283.64653899999985,-1928.2326981417646,17,14,1,1,2729.8389224565612,2344.192382828208,-385.64653962835337,580.0,665.0,85.0,106.0,120.0,14.0,65.0,65.0,0.0,3.0,6.0,3.0
27182936,T2,14,9,7,40,40,True,222.66158857142858,222.6056627857143,-0.05592578571429385,-0.7829609999998866,-128.91480352911458,5,3,-1,-1,2398.262239532139,2372.479278826316,-25.782960705822916,545.0,570.0,25.0,101.0,104.0,3.0,70.0,70.0,0.0,3.0,0.0,-3.0
27182936,T4,14,9,7,40,40,True,222.66158857142858,222.6056627857143,-0.05592578571429385,-0.7829609999998866,-128.91480352911458,5,3,-1,-1,2398.262239532139,2372.479278826316,-25.782960705822916,545.0,570.0,25.0,101.0,104.0,3.0,70.0,70.0,0.0,3.0,0.0,-3.0
27182936,T6,14,9,7,40,40,True,222.66158857142858,222.6056627857143,-0.05592578571429385,-0.7829609999998866,-128.91480352911458,5,3,-1,-1,2398.262239532139,2372.479278826316,-25.782960705822916,545.0,570.0,25.0,101.0,104.0,3.0,70.0,70.0,0.0,3.0,0.0,-3.0
27182937,T2,15,6,7,0,15,True,230.5861888,259.7581092,29.171920399999976,437.578806,1842.8940313143303,11,11,1,1,2726.792832028374,3095.3716382912407,368.5788062628667,555.0,610.0,55.0,99.0,110.0,11.0,75.0,75.0,0.0,3.0,6.0,3.0
27182937,T4,15,6,7,0,15,True,230.5861888,259.7581092,29.171920399999976,437.578806,1842.8940313143303,11,11,1,1,2726.792832028374,3095.3716382912407,368.5788062628667,555.0,610.0,55.0,99.0,110.0,11.0,75.0,75.0,0.0,3.0,6.0,3.0
27182937,T6,15,6,7,0,15,True,230.5861888,259.7581092,29.171920399999976,437.578806,1842.8940313143303,11,11,1,1,2726.792832028374,3095.3716382912407,368.5788062628667,555.0,610.0,55.0,99.0,110.0,11.0,75.0,75.0,0.0,3.0,6.0,3.0
27182938,T2,16,10,7,40,20,True,211.540337625,214.1830189375,2.6426813125000024,42.28290100000004,-298.5854956720941,17,20,-1,-1,2749.6454017896176,2689.9283026551993,-59.71709913441828,460.0,545.0,85.0,80.0,100.0,20.0,80.0,80.0,0.0,15.0,12.0,-3.0
27182938,T4,16,10,7,40,20,True,211.540337625,214.1830189375,2.6426813125000024,42.28290100000004,-298.5854956720941,17,20,-1,-1,2749.6454017896176,2689.9283026551993,-59.71709913441828,460.0,545.0,85.0,80.0,100.0,20.0,80.0,80.0,0.0,15.0,12.0,-3.0
27182938,T6,16,10,7,40,20,True,211.540337625,214.1830189375,2.6426813125000024,42.28290100000004,-298.5854956720941,17,20,-1,-1,2749.6454017896176,2689.9283026551993,-59.71709913441828,460.0,545.0,85.0,80.0,100.0,20.0,80.0,80.0,0.0,15.0,12.0,-3.0
27182939,T2,10,7,7,10,40,True,288.4760624,281.9520241,-6.524038299999972,-65.24038299999984,-921.2019143362049,20,19,0,0,2174.760623879135,1990.5202410118948,-184.2403828672402,555.0,655.0,100.0,102.0,121.0,19.0,50.0,50.0,0.0,3.0,3.0,0.0
27182939,T4,10,7,7,10,40,True,288.4760624,281.9520241,-6.524038299999972,-65.24038299999984,-921.2019143362049,20,19,0,0,2174.760623879135,1990.5202410118948,-184.2403828672402,555.0,655.0,100.0,102.0,121.0,19.0,50.0,50.0,0.0,3.0,3.0,0.0
27182939,T6,10,7,7,10,40,True,288.4760624,281.9520241,-6.524038299999972,-65.24038299999984,-921.2019143362049,20,19,0,0,2174.760623879135,1990.5202410118948,-184.2403828672402,555.0,655.0,100.0,102.0,121.0,19.0,50.0,50.0,0.0,3.0,3.0,0.0
27182940,T2,11,7,7,25,10,True,287.4114804545454,299.97562527272726,12.56414481818183,138.20559300000014,321.02796351834877,14,13,-3,-3,2415.526285334839,2479.731878038509,64.20559270366994,575.0,645.0,70.0,107.0,120.0,13.0,55.0,55.0,0.0,9.0,0.0,-9.0
27182940,T4,11,7,7,25,10,True,287.4114804545454,299.97562527272726,12.56414481818183,138.20559300000014,321.02796351834877,14,13,-3,-3,2415.526285334839,2479.731878038509,64.20559270366994,575.0,645.0,70.0,107.0,120.0,13.0,55.0,55.0,0.0,9.0,0.0,-9.0
27182940,T6,11,7,7,25,10,True,287.4114804545454,299.97562527272726,12.56414481818183,138.20559300000014,321.02796351834877,14,13,-3,-3,2415.526285334839,2479.731878038509,64.20559270366994,575.0,645.0,70.0,107.0,120.0,13.0,55.0,55.0,0.0,9.0,0.0,-9.0
27182941,T2,12,6,7,30,50,True,312.59264533333334,322.42764041666663,9.834995083333297,118.01994100000002,245.09970556890585,13,7,-1,-1,2992.111744247381,3041.1316853611615,49.01994111378053,580.0,645.0,65.0,113.0,120.0,7.0,60.0,60.0,0.0,6.0,3.0,-3.0
27182941,T4,12,6,7,30,50,True,312.59264533333334,322.42764041666663,9.834995083333297,118.01994100000002,245.09970556890585,13,7,-1,-1,2992.111744247381,3041.1316853611615,49.01994111378053,580.0,645.0,65.0,113.0,120.0,7.0,60.0,60.0,0.0,6.0,3.0,-3.0
27182941,T6,12,6,7,30,50,True,312.59264533333334,322.42764041666663,9.834995083333297,118.01994100000002,245.09970556890585,13,7,-1,-1,2992.111744247381,3041.1316853611615,49.01994111378053,580.0,645.0,65.0,113.0,120.0,7.0,60.0,60.0,0.0,6.0,3.0,-3.0
27182942,T2,13,5,7,20,40,True,258.5174205384615,277.441517,18.924096461538454,246.01325399999996,870.0662705244577,11,17,0,0,2620.726467017829,2794.739721122719,174.01325410489017,575.0,630.0,55.0,100.0,117.0,17.0,65.0,65.0,0.0,0.0,0.0,0.0
27182942,T4,13,5,7,20,40,True,258.5174205384615,277.441517,18.924096461538454,246.01325399999996,870.0662705244577,11,17,0,0,2620.726467017829,2794.739721122719,174.01325410489017,575.0,630.0,55.0,100.0,117.0,17.0,65.0,65.0,0.0,0.0,0.0,0.0
27182942,T6,13,5,6,20,20,True,258.5174205384615,258.5174205384615,0.0,0.0,0.0,0,0,0,0,2620.726467017829,2620.726467017829,0.0,575.0,575.0,0.0,100.0,100.0,0.0,65.0,65.0,0.0,0.0,0.0,0.0
27182943,T2,14,5,7,20,40,True,266.23186235714286,268.9036360714286,2.6717737142857345,37.40483200000017,432.0241633676069,-8,-9,0,0,2907.246072574508,2993.6509052480274,86.4048326735192,635.0,595.0,-40.0,115.0,106.0,-9.0,70.0,70.0,0.0,0.0,0.0,0.0
27182943,T4,14,5,7,20,40,True,266.23186235714286,268.9036360714286,2.6717737142857345,37.40483200000017,432.0241633676069,-8,-9,0,0,2907.246072574508,2993.6509052480274,86.4048326735192,635.0,595.0,-40.0,115.0,106.0,-9.0,70.0,70.0,0.0,0.0,0.0,0.0
27182943,T6,14,5,6,20,20,True,266.23186235714286,266.23186235714286,0.0,0.0,0.0,0,0,0,0,2907.246072574508,2907.246072574508,0.0,635.0,635.0,0.0,115.0,115.0,0.0,70.0,70.0,0.0,0.0,0.0,0.0
27182944,T2,15,6,7,15,5,True,267.37454206666666,262.11397186666665,-5.260570200000018,-78.90855300000021,-774.5427627252575,14,9,-1,-1,3225.618130609646,3070.7095780645964,-154.9085525450496,595.0,665.0,70.0,109.0,118.0,9.0,75.0,75.0,0.0,6.0,3.0,-3.0
27182944,T4,15,6,7,15,5,True,267.37454206666666,262.11397186666665,-5.260570200000018,-78.90855300000021,-774.5427627252575,14,9,-1,-1,3225.618130609646,3070.7095780645964,-154.9085525450496,595.0,665.0,70.0,109.0,118.0,9.0,75.0,75.0,0.0,6.0,3.0,-3.0
27182944,T6,15,6,7,15,5,True,267.37454206666666,262.11397186666665,-5.260570200000018,-78.90855300000021,-774.5427627252575,14,9,-1,-1,3225.618130609646,3070.7095780645964,-154.9085525450496,595.0,665.0,70.0,109.0,118.0,9.0,75.0,75.0,0.0,6.0,3.0,-3.0
27182945,T2,16,5,7,50,25,True,225.40609,243.5226485625,18.11655856249999,289.8649369999998,1574.324684157269,-4,-11,2,2,2750.4974400627216,3065.362376894177,314.86493683145545,655.0,635.0,-20.0,121.0,110.0,-11.0,80.0,80.0,0.0,0.0,6.0,6.0
27182945,T4,16,5,7,50,25,True,225.40609,243.5226485625,18.11655856249999,289.8649369999998,1574.324684157269,-4,-11,2,2,2750.4974400627216,3065.362376894177,314.86493683145545,655.0,635.0,-20.0,121.0,110.0,-11.0,80.0,80.0,0.0,0.0,6.0,6.0
27182945,T6,16,5,6,50,50,True,225.40609,225.40609,0.0,0.0,0.0,0,0,0,0,2750.4974400627216,2750.4974400627216,0.0,655.0,655.0,0.0,121.0,121.0,0.0,80.0,80.0,0.0,0.0,0.0,0.0
27182946,T2,10,6,7,0,35,True,303.61333989999997,299.0983089,-4.515030999999965,-45.15030999999999,-470.75155443703625,9,7,-1,-1,2287.1333993996313,2192.9830885122246,-94.1503108874067,585.0,630.0,45.0,111.0,118.0,7.0,50.0,50.0,0.0,3.0,0.0,-3.0
27182946,T4,10,6,7,0,35,True,303.61333989999997,299.0983089,-4.515030999999965,-45.15030999999999,-470.75155443703625,9,7,-1,-1,2287.1333993996313,2192.9830885122246,-94.1503108874067,585.0,630.0,45.0,111.0,118.0,7.0,50.0,50.0,0.0,3.0,0.0,-3.0
27182946,T6,10,6,7,0,35,True,303.61333989999997,299.0983089,-4.515030999999965,-45.15030999999999,-470.75155443703625,9,7,-1,-1,2287.1333993996313,2192.9830885122246,-94.1503108874067,585.0,630.0,45.0,111.0,118.0,7.0,50.0,50.0,0.0,3.0,0.0,-3.0
27182947,T2,11,4,7,25,45,True,328.10847481818183,318.43713918181817,-9.671335636363665,-106.38469200000009,-801.9234587001447,11,2,-1,-1,2818.1932227994675,2657.8085310594397,-160.38469174002785,610.0,665.0,55.0,117.0,119.0,2.0,55.0,55.0,0.0,9.0,6.0,-3.0
27182947,T4,11,4,7,25,45,True,328.10847481818183,318.43713918181817,-9.671335636363665,-106.38469200000009,-801.9234587001447,11,2,-1,-1,2818.1932227994675,2657.8085310594397,-160.38469174002785,610.0,665.0,55.0,117.0,119.0,2.0,55.0,55.0,0.0,9.0,6.0,-3.0
27182947,T6,11,4,6,25,25,True,328.10847481818183,328.10847481818183,0.0,0.0,0.0,0,0,0,0,2818.1932227994675,2818.1932227994675,0.0,610.0,610.0,0.0,117.0,117.0,0.0,55.0,55.0,0.0,9.0,9.0,0.0
27182948,T2,12,5,7,15,50,True,251.13267825,272.9963294166667,21.8636511666667,262.3638140000003,476.8190725019085,28,30,-1,-1,2253.5921388360434,2348.955953336426,95.36381450038243,590.0,730.0,140.0,107.0,137.0,30.0,60.0,60.0,0.0,3.0,0.0,-3.0
27182948,T4,12,5,7,15,50,True,251.13267825,272.9963294166667,21.8636511666667,262.3638140000003,476.8190725019085,28,30,-1,-1,2253.5921388360434,2348.955953336426,95.36381450038243,590.0,730.0,140.0,107.0,137.0,30.0,60.0,60.0,0.0,3.0,0.0,-3.0
27182948,T6,12,5,6,15,15,True,251.13267825,251.13267825,0.0,0.0,0.0,0,0,0,0,2253.5921388360434,2253.5921388360434,0.0,590.0,590.0,0.0,107.0,107.0,0.0,60.0,60.0,0.0,3.0,3.0,0.0
27182949,T2,13,7,7,10,30,True,263.59154607692307,300.257293,36.66574692307694,476.65471000000025,2058.2735520655897,12,8,-1,-1,2695.6900990460535,3107.3448094591713,411.65471041311775,560.0,620.0,60.0,100.0,108.0,8.0,65.0,65.0,0.0,6.0,3.0,-3.0
27182949,T4,13,7,7,10,30,True,263.59154607692307,300.257293,36.66574692307694,476.65471000000025,2058.2735520655897,12,8,-1,-1,2695.6900990460535,3107.3448094591713,411.65471041311775,560.0,620.0,60.0,100.0,108.0,8.0,65.0,65.0,0.0,6.0,3.0,-3.0
27182949,T6,13,7,7,10,30,True,263.59154607692307,300.257293,36.66574692307694,476.65471000000025,2058.2735520655897,12,8,-1,-1,2695.6900990460535,3107.3448094591713,411.65471041311775,560.0,620.0,60.0,100.0,108.0,8.0,65.0,65.0,0.0,6.0,3.0,-3.0
27182950,T2,14,6,7,20,50,True,238.76121571428573,251.40866664285713,12.647450928571402,177.06431299999986,340.3215680284811,20,18,-3,-3,2547.6570197046594,2615.721333310358,68.06431360569877,605.0,705.0,100.0,111.0,129.0,18.0,70.0,70.0,0.0,9.0,0.0,-9.0
27182950,T4,14,6,7,20,50,True,238.76121571428573,251.40866664285713,12.647450928571402,177.06431299999986,340.3215680284811,20,18,-3,-3,2547.6570197046594,2615.721333310358,68.06431360569877,605.0,705.0,100.0,111.0,129.0,18.0,70.0,70.0,0.0,9.0,0.0,-9.0
27182950,T6,14,6,7,20,50,True,238.76121571428573,251.40866664285713,12.647450928571402,177.06431299999986,340.3215680284811,20,18,-3,-3,2547.6570197046594,2615.721333310358,68.06431360569877,605.0,705.0,100.0,111.0,129.0,18.0,70.0,70.0,0.0,9.0,0.0,-9.0
27182951,T2,15,5,7,0,10,True,232.58116520000002,244.2290898,11.647924599999982,174.7188689999998,708.594344359859,6,6,-1,-1,2694.7174784138815,2836.4363472858527,141.71886887197115,600.0,630.0,30.0,110.0,116.0,6.0,75.0,75.0,0.0,9.0,6.0,-3.0
27182951,T4,15,5,7,0,10,True,232.58116520000002,244.2290898,11.647924599999982,174.7188689999998,708.594344359859,6,6,-1,-1,2694.7174784138815,2836.4363472858527,141.71886887197115,600.0,630.0,30.0,110.0,116.0,6.0,75.0,75.0,0.0,9.0,6.0,-3.0
27182951,T6,15,5,6,0,0,True,232.58116520000002,232.58116520000002,0.0,0.0,0.0,0,0,0,0,2694.7174784138815,2694.7174784138815,0.0,600.0,600.0,0.0,110.0,110.0,0.0,75.0,75.0,0.0,9.0,9.0,0.0
27182952,T2,16,4,7,20,25,True,234.182046875,254.204778375,20.022731499999992,320.36370399999987,1356.8185180641976,8,12,-1,-1,3005.912750346428,3277.2764539592667,271.3637036128389,560.0,600.0,40.0,95.0,107.0,12.0,80.0,80.0,0.0,6.0,3.0,-3.0
27182952,T4,16,4,7,20,25,True,234.182046875,254.204778375,20.022731499999992,320.36370399999987,1356.8185180641976,8,12,-1,-1,3005.912750346428,3277.2764539592667,271.3637036128389,560.0,600.0,40.0,95.0,107.0,12.0,80.0,80.0,0.0,6.0,3.0,-3.0
27182952,T6,16,4,6,20,20,True,234.182046875,234.182046875,0.0,0.0,0.0,0,0,0,0,3005.912750346428,3005.912750346428,0.0,560.0,560.0,0.0,95.0,95.0,0.0,80.0,80.0,0.0,6.0,6.0,0.0
27182953,T2,10,5,7,10,45,True,358.460638,341.0207797,-17.439858300000026,-174.39858300000014,-1476.9929172983611,21,16,0,0,2855.60638024404,2560.2077967843684,-295.3985834596715,570.0,675.0,105.0,109.0,125.0,16.0,50.0,50.0,0.0,0.0,0.0,0.0
27182953,T4,10,5,7,10,45,True,358.460638,341.0207797,-17.439858300000026,-174.39858300000014,-1476.9929172983611,21,16,0,0,2855.60638024404,2560.2077967843684,-295.3985834596715,570.0,675.0,105.0,109.0,125.0,16.0,50.0,50.0,0.0,0.0,0.0,0.0
27182953,T6,10,5,6,10,10,True,358.460638,358.460638,0.0,0.0,0.0,0,0,0,0,2855.60638024404,2855.60638024404,0.0,570.0,570.0,0.0,109.0,109.0,0.0,50.0,50.0,0.0,0.0,0.0,0.0
27182954,T2,11,5,7,30,45,True,313.36525754545454,339.6544746363636,26.289217090909062,289.18138799999997,1025.9069381269073,14,11,1,1,2711.01783342593,2916.199221051309,205.1813876253791,575.0,645.0,70.0,106.0,117.0,11.0,55.0,55.0,0.0,0.0,3.0,3.0
27182954,T4,11,5,7,30,45,True,313.36525754545454,339.6544746363636,26.289217090909062,289.18138799999997,1025.9069381269073,14,11,1,1,2711.01783342593,2916.199221051309,205.1813876253791,575.0,645.0,70.0,106.0,117.0,11.0,55.0,55.0,0.0,0.0,3.0,3.0
27182954,T6,11,5,6,30,30,True,313.36525754545454,313.36525754545454,0.0,0.0,0.0,0,0,0,0,2711.01783342593,2711.01783342593,0.0,575.0,575.0,0.0,106.0,106.0,0.0,55.0,55.0,0.0,0.0,0.0,0.0
27182955,T2,12,7,7,45,25,True,241.92054399999998,267.87787175,25.95732775000002,311.48793300000034,1177.4396658208134,15,16,-5,-5,2150.046527967779,2385.534461131942,235.48793316416277,570.0,645.0,75.0,105.0,121.0,16.0,60.0,60.0,0.0,18.0,3.0,-15.0
27182955,T4,12,7,7,45,25,True,241.92054399999998,267.87787175,25.95732775000002,311.48793300000034,1177.4396658208134,15,16,-5,-5,2150.046527967779,2385.534461131942,235.48793316416277,570.0,645.0,75.0,105.0,121.0,16.0,60.0,60.0,0.0,18.0,3.0,-15.0
27182955,T6,12,7,7,45,25,True,241.92054399999998,267.87787175,25.95732775000002,311.48793300000034,1177.4396658208134,15,16,-5,-5,2150.046527967779,2385.534461131942,235.48793316416277,570.0,645.0,75.0,105.0,121.0,16.0,60.0,60.0,0.0,18.0,3.0,-15.0
27182956,T2,13,7,7,25,35,True,242.98985507692308,250.00477638461538,7.014921307692305,91.1939769999999,765.9698831306014,-10,-12,0,0,2333.8681160037363,2487.062092629857,153.19397662612073,640.0,590.0,-50.0,120.0,108.0,-12.0,65.0,65.0,0.0,0.0,0.0,0.0
27182956,T4,13,7,7,25,35,True,242.98985507692308,250.00477638461538,7.014921307692305,91.1939769999999,765.9698831306014,-10,-12,0,0,2333.8681160037363,2487.062092629857,153.19397662612073,640.0,590.0,-50.0,120.0,108.0,-12.0,65.0,65.0,0.0,0.0,0.0,0.0
27182956,T6,13,7,7,25,35,True,242.98985507692308,250.00477638461538,7.014921307692305,91.1939769999999,765.9698831306014,-10,-12,0,0,2333.8681160037363,2487.062092629857,153.19397662612073,640.0,590.0,-50.0,120.0,108.0,-12.0,65.0,65.0,0.0,0.0,0.0,0.0
27182957,T2,14,9,7,35,45,True,242.57506092857145,245.95700842857144,3.3819474999999954,47.34726499999988,96.7363264449832,5,-3,2,2,2626.0508529369326,2645.398118225928,19.34726528899546,590.0,615.0,25.0,110.0,107.0,-3.0,70.0,70.0,0.0,0.0,6.0,6.0
27182957,T4,14,9,7,35,45,True,242.57506092857145,245.95700842857144,3.3819474999999954,47.34726499999988,96.7363264449832,5,-3,2,2,2626.0508529369326,2645.398118225928,19.34726528899546,590.0,615.0,25.0,110.0,107.0,-3.0,70.0,70.0,0.0,0.0,6.0,6.0
27182957,T6,14,9,7,35,45,True,242.57506092857145,245.95700842857144,3.3819474999999954,47.34726499999988,96.7363264449832,5,-3,2,2,2626.0508529369326,2645.398118225928,19.34726528899546,590.0,615.0,25.0,110.0,107.0,-3.0,70.0,70.0,0.0,0.0,6.0,6.0
27182958,T2,15,4,7,40,15,True,281.72342206666667,268.51469026666666,-13.20873180000001,-198.1309769999998,-1230.6548896619406,6,15,1,1,3421.8513314716256,3175.7203535392355,-246.13097793239012,625.0,655.0,30.0,104.0,119.0,15.0,75.0,75.0,0.0,0.0,3.0,3.0
27182958,T4,15,4,7,40,15,True,281.72342206666667,268.51469026666666,-13.20873180000001,-198.1309769999998,-1230.6548896619406,6,15,1,1,3421.8513314716256,3175.7203535392355,-246.13097793239012,625.0,655.0,30.0,104.0,119.0,15.0,75.0,75.0,0.0,0.0,3.0,3.0
27182958,T6,15,4,6,40,40,True,281.72342206666667,281.72342206666667,0.0,0.0,0.0,0,0,0,0,3421.8513314716256,3421.8513314716256,0.0,625.0,625.0,0.0,104.0,104.0,0.0,75.0,75.0,0.0,0.0,0.0,0.0
27182959,T2,16,6,7,15,35,True,212.586603625,185.827479625,-26.759124000000014,-428.1459840000002,-2135.729921633407,1,-9,1,1,2651.3856581275722,2224.239673800893,-427.14598432667935,565.0,570.0,5.0,102.0,93.0,-9.0,80.0,80.0,0.0,3.0,6.0,3.0
27182959,T4,16,6,7,15,35,True,212.586603625,185.827479625,-26.759124000000014,-428.1459840000002,-2135.729921633407,1,-9,1,1,2651.3856581275722,2224.239673800893,-427.14598432667935,565.0,570.0,5.0,102.0,93.0,-9.0,80.0,80.0,0.0,3.0,6.0,3.0
27182959,T6,16,6,7,15,35,True,212.586603625,185.827479625,-26.759124000000014,-428.1459840000002,-2135.729921633407,1,-9,1,1,2651.3856581275722,2224.239673800893,-427.14598432667935,565.0,570.0,5.0,102.0,93.0,-9.0,80.0,80.0,0.0,3.0,6.0,3.0
27182960,T2,10,7,7,0,35,True,322.70181779999996,321.6043065,-1.097511299999951,-10.975112999999965,320.1244333533432,-12,-12,-1,-1,2415.018178122936,2479.043064793605,64.02488667066882,640.0,580.0,-60.0,119.0,107.0,-12.0,50.0,50.0,0.0,3.0,0.0,-3.0
27182960,T4,10,7,7,0,35,True,322.70181779999996,321.6043065,-1.097511299999951,-10.975112999999965,320.1244333533432,-12,-12,-1,-1,2415.018178122936,2479.043064793605,64.02488667066882,640.0,580.0,-60.0,119.0,107.0,-12.0,50.0,50.0,0.0,3.0,0.0,-3.0
27182960,T6,10,7,7,0,35,True,322.70181779999996,321.6043065,-1.097511299999951,-10.975112999999965,320.1244333533432,-12,-12,-1,-1,2415.018178122936,2479.043064793605,64.02488667066882,640.0,580.0,-60.0,119.0,107.0,-12.0,50.0,50.0,0.0,3.0,0.0,-3.0
27182961,T2,11,8,7,15,30,True,260.7460079090909,264.48847145454545,3.742463545454541,41.16709899999978,-384.16450736048137,20,18,0,0,2164.206087425547,2087.373185953451,-76.83290147209618,550.0,650.0,100.0,99.0,117.0,18.0,55.0,55.0,0.0,0.0,0.0,0.0
27182961,T4,11,8,7,15,30,True,260.7460079090909,264.48847145454545,3.742463545454541,41.16709899999978,-384.16450736048137,20,18,0,0,2164.206087425547,2087.373185953451,-76.83290147209618,550.0,650.0,100.0,99.0,117.0,18.0,55.0,55.0,0.0,0.0,0.0,0.0
27182961,T6,11,8,7,15,30,True,260.7460079090909,264.48847145454545,3.742463545454541,41.16709899999978,-384.16450736048137,20,18,0,0,2164.206087425547,2087.373185953451,-76.83290147209618,550.0,650.0,100.0,99.0,117.0,18.0,55.0,55.0,0.0,0.0,0.0,0.0
27182962,T2,12,5,7,15,0,True,287.009519,292.57365483333336,5.564135833333353,66.76963000000023,208.84814583997286,6,1,-2,-2,2693.1142283844492,2734.883857552444,41.769629167994935,575.0,605.0,30.0,110.0,111.0,1.0,60.0,60.0,0.0,6.0,0.0,-6.0
27182962,T4,12,5,7,15,0,True,287.009519,292.57365483333336,5.564135833333353,66.76963000000023,208.84814583997286,6,1,-2,-2,2693.1142283844492,2734.883857552444,41.769629167994935,575.0,605.0,30.0,110.0,111.0,1.0,60.0,60.0,0.0,6.0,0.0,-6.0
27182962,T6,12,5,6,15,15,True,287.009519,287.009519,0.0,0.0,0.0,0,0,0,0,2693.1142283844492,2693.1142283844492,0.0,575.0,575.0,0.0,110.0,110.0,0.0,60.0,60.0,0.0,6.0,6.0,0.0
27182963,T2,13,8,7,40,5,True,247.1463096153846,230.6549326923077,-16.4913769230769,-214.38789999999972,-1926.939502379426,28,31,0,0,2474.902025020731,2089.5141245448463,-385.38790047588463,565.0,705.0,140.0,102.0,133.0,31.0,65.0,65.0,0.0,6.0,6.0,0.0
27182963,T4,13,8,7,40,5,True,247.1463096153846,230.6549326923077,-16.4913769230769,-214.38789999999972,-1926.939502379426,28,31,0,0,2474.902025020731,2089.5141245448463,-385.38790047588463,565.0,705.0,140.0,102.0,133.0,31.0,65.0,65.0,0.0,6.0,6.0,0.0
27182963,T6,13,8,7,40,5,True,247.1463096153846,230.6549326923077,-16.4913769230769,-214.38789999999972,-1926.939502379426,28,31,0,0,2474.902025020731,2089.5141245448463,-385.38790047588463,565.0,705.0,140.0,102.0,133.0,31.0,65.0,65.0,0.0,6.0,6.0,0.0
27182964,T2,14,9,7,25,20,True,256.6347987857143,226.68172685714285,-29.953071928571433,-419.34300699999994,-3131.715037890761,35,23,3,3,2910.887183392769,2284.5441758146158,-626.3430075781534,515.0,690.0,175.0,97.0,120.0,23.0,70.0,70.0,0.0,0.0,9.0,9.0
27182964,T4,14,9,7,25,20,True,256.6347987857143,226.68172685714285,-29.953071928571433,-419.34300699999994,-3131.715037890761,35,23,3,3,2910.887183392769,2284.5441758146158,-626.3430075781534,515.0,690.0,175.0,97.0,120.0,23.0,70.0,70.0,0.0,0.0,9.0,9.0
27182964,T6,14,9,7,25,20,True,256.6347987857143,226.68172685714285,-29.953071928571433,-419.34300699999994,-3131.715037890761,35,23,3,3,2910.887183392769,2284.5441758146158,-626.3430075781534,515.0,690.0,175.0,97.0,120.0,23.0,70.0,70.0,0.0,0.0,9.0,9.0
27182965,T2,15,8,7,20,30,True,222.37943546666665,211.52486406666668,-10.85457139999997,-162.8185709999998,-559.0928548990614,-9,-9,1,1,2551.6915319635195,2439.872960983708,-111.81857097981174,595.0,550.0,-45.0,108.0,99.0,-9.0,75.0,75.0,0.0,6.0,9.0,3.0
27182965,T4,15,8,7,20,30,True,222.37943546666665,211.52486406666668,-10.85457139999997,-162.8185709999998,-559.0928548990614,-9,-9,1,1,2551.6915319635195,2439.872960983708,-111.81857097981174,595.0,550.0,-45.0,108.0,99.0,-9.0,75.0,75.0,0.0,6.0,9.0,3.0
27182965,T6,15,8,7,20,30,True,222.37943546666665,211.52486406666668,-10.85457139999997,-162.8185709999998,-559.0928548990614,-9,-9,1,1,2551.6915319635195,2439.872960983708,-111.81857097981174,595.0,550.0,-45.0,108.0,99.0,-9.0,75.0,75.0,0.0,6.0,9.0,3.0
27182966,T2,16,7,7,20,40,True,203.2596925625,213.499338125,10.239645562500016,163.83432900000025,884.1716466332819,-3,2,0,0,2480.1550807632034,2656.9894100898596,176.8343293266562,585.0,570.0,-15.0,104.0,106.0,2.0,80.0,80.0,0.0,3.0,3.0,0.0
27182966,T4,16,7,7,20,40,True,203.2596925625,213.499338125,10.239645562500016,163.83432900000025,884.1716466332819,-3,2,0,0,2480.1550807632034,2656.9894100898596,176.8343293266562,585.0,570.0,-15.0,104.0,106.0,2.0,80.0,80.0,0.0,3.0,3.0,0.0
27182966,T6,16,7,7,20,40,True,203.2596925625,213.499338125,10.239645562500016,163.83432900000025,884.1716466332819,-3,2,0,0,2480.1550807632034,2656.9894100898596,176.8343293266562,585.0,570.0,-15.0,104.0,106.0,2.0,80.0,80.0,0.0,3.0,3.0,0.0
27182967,T2,10,5,7,15,45,True,281.9840396,273.2430742,-8.740965399999993,-87.40965400000005,-1262.048270499101,29,26,-2,-2,2087.8403956502007,1835.4307415503804,-252.40965409982027,570.0,715.0,145.0,106.0,132.0,26.0,50.0,50.0,0.0,6.0,0.0,-6.0
27182967,T4,10,5,7,15,45,True,281.9840396,273.2430742,-8.740965399999993,-87.40965400000005,-1262.048270499101,29,26,-2,-2,2087.8403956502007,1835.4307415503804,-252.40965409982027,570.0,715.0,145.0,106.0,132.0,26.0,50.0,50.0,0.0,6.0,0.0,-6.0
27182967,T6,10,5,6,15,15,True,281.9840396,281.9840396,0.0,0.0,0.0,0,0,0,0,2087.8403956502007,2087.8403956502007,0.0,570.0,570.0,0.0,106.0,106.0,0.0,50.0,50.0,0.0,6.0,6.0,0.0
27182968,T2,11,5,7,20,20,True,299.64768363636364,294.99470481818184,-4.6529788181817935,-51.182766999999785,-760.9138362496105,16,18,1,1,2559.1245200224826,2406.94175277256,-152.18276724992256,575.0,655.0,80.0,104.0,122.0,18.0,55.0,55.0,0.0,3.0,6.0,3.0
27182968,T4,11,5,7,20,20,True,299.64768363636364,294.99470481818184,-4.6529788181817935,-51.182766999999785,-760.9138362496105,16,18,1,1,2559.1245200224826,2406.94175277256,-152.18276724992256,575.0,655.0,80.0,104.0,122.0,18.0,55.0,55.0,0.0,3.0,6.0,3.0
27182968,T6,11,5,6,20,20,True,299.64768363636364,299.64768363636364,0.0,0.0,0.0,0,0,0,0,2559.1245200224826,2559.1245200224826,0.0,575.0,575.0,0.0,104.0,104.0,0.0,55.0,55.0,0.0,3.0,3.0,0.0
27182969,T2,12,6,7,40,10,True,285.3361259166667,310.978749,25.64262308333332,307.71147699999983,693.5573834873394,31,29,-5,-5,2658.033511409599,2796.744988107066,138.71147669746688,580.0,735.0,155.0,108.0,137.0,29.0,60.0,60.0,0.0,18.0,3.0,-15.0
27182969,T4,12,6,7,40,10,True,285.3361259166667,310.978749,25.64262308333332,307.71147699999983,693.5573834873394,31,29,-5,-5,2658.033511409599,2796.744988107066,138.71147669746688,580.0,735.0,155.0,108.0,137.0,29.0,60.0,60.0,0.0,18.0,3.0,-15.0
27182969,T6,12,6,7,40,10,True,285.3361259166667,310.978749,25.64262308333332,307.71147699999983,693.5573834873394,31,29,-5,-5,2658.033511409599,2796.744988107066,138.71147669746688,580.0,735.0,155.0,108.0,137.0,29.0,60.0,60.0,0.0,18.0,3.0,-15.0
27182970,T2,13,7,7,45,40,True,253.11283623076923,258.1122285384615,4.99939230769229,64.99209999999994,609.9604997928382,-10,-1,-2,-2,2510.4668710571286,2632.4589710156965,121.9920999585679,610.0,560.0,-50.0,99.0,98.0,-1.0,65.0,65.0,0.0,6.0,0.0,-6.0
27182970,T4,13,7,7,45,40,True,253.11283623076923,258.1122285384615,4.99939230769229,64.99209999999994,609.9604997928382,-10,-1,-2,-2,2510.4668710571286,2632.4589710156965,121.9920999585679,610.0,560.0,-50.0,99.0,98.0,-1.0,65.0,65.0,0.0,6.0,0.0,-6.0
27182970,T6,13,7,7,45,40,True,253.11283623076923,258.1122285384615,4.99939230769229,64.99209999999994,609.9604997928382,-10,-1,-2,-2,2510.4668710571286,2632.4589710156965,121.9920999585679,610.0,560.0,-50.0,99.0,98.0,-1.0,65.0,65.0,0.0,6.0,0.0,-6.0
27182971,T2,14,7,7,40,15,True,240.31018557142858,274.2703267142857,33.96014114285714,475.4419759999996,1942.2098823992637,13,22,0,0,2607.342597574403,2995.7845740542575,388.4419764798545,590.0,655.0,65.0,97.0,119.0,22.0,70.0,70.0,0.0,0.0,0.0,0.0
27182971,T4,14,7,7,40,15,True,240.31018557142858,274.2703267142857,33.96014114285714,475.4419759999996,1942.2098823992637,13,22,0,0,2607.342597574403,2995.7845740542575,388.4419764798545,590.0,655.0,65.0,97.0,119.0,22.0,70.0,70.0,0.0,0.0,0.0,0.0
27182971,T6,14,7,7,40,15,True,240.31018557142858,274.2703267142857,33.96014114285714,475.4419759999996,1942.2098823992637,13,22,0,0,2607.342597574403,2995.7845740542575,388.4419764798545,590.0,655.0,65.0,97.0,119.0,22.0,70.0,70.0,0.0,0.0,0.0,0.0
27182972,T2,15,10,7,40,50,True,210.48331439999998,221.0409532,10.557638800000007,158.36458200000015,461.8229117328683,11,11,0,0,2411.249715727158,2503.6142980737327,92.36458234657448,565.0,620.0,55.0,103.0,114.0,11.0,75.0,75.0,0.0,3.0,3.0,0.0
27182972,T4,15,10,7,40,50,True,210.48331439999998,221.0409532,10.557638800000007,158.36458200000015,461.8229117328683,11,11,0,0,2411.249715727158,2503.6142980737327,92.36458234657448,565.0,620.0,55.0,103.0,114.0,11.0,75.0,75.0,0.0,3.0,3.0,0.0
27182972,T6,15,10,7,40,50,True,210.48331439999998,221.0409532,10.557638800000007,158.36458200000015,461.8229117328683,11,11,0,0,2411.249715727158,2503.6142980737327,92.36458234657448,565.0,620.0,55.0,103.0,114.0,11.0,75.0,75.0,0.0,3.0,3.0,0.0
27182973,T2,16,8,7,0,30,True,227.90393575,224.147922125,-3.75601362499998,-60.09621799999968,-455.4810906895691,8,3,-4,-4,2956.4629721188585,2865.366753980944,-91.09621813791455,505.0,545.0,40.0,90.0,93.0,3.0,80.0,80.0,0.0,15.0,3.0,-12.0
27182973,T4,16,8,7,0,30,True,227.90393575,224.147922125,-3.75601362499998,-60.09621799999968,-455.4810906895691,8,3,-4,-4,2956.4629721188585,2865.366753980944,-91.09621813791455,505.0,545.0,40.0,90.0,93.0,3.0,80.0,80.0,0.0,15.0,3.0,-12.0
27182973,T6,16,8,7,0,30,True,227.90393575,224.147922125,-3.75601362499998,-60.09621799999968,-455.4810906895691,8,3,-4,-4,2956.4629721188585,2865.366753980944,-91.09621813791455,505.0,545.0,40.0,90.0,93.0,3.0,80.0,80.0,0.0,15.0,3.0,-12.0
27182974,T2,10,5,7,40,15,True,316.1857394,315.0218698,-1.1638695999999982,-11.638695999999982,-513.1934816288049,15,16,0,0,2388.8573939711405,2286.2186976453795,-102.63869632576098,605.0,680.0,75.0,109.0,125.0,16.0,50.0,50.0,0.0,9.0,9.0,0.0
27182974,T4,10,5,7,40,15,True,316.1857394,315.0218698,-1.1638695999999982,-11.638695999999982,-513.1934816288049,15,16,0,0,2388.8573939711405,2286.2186976453795,-102.63869632576098,605.0,680.0,75.0,109.0,125.0,16.0,50.0,50.0,0.0,9.0,9.0,0.0
27182974,T6,10,5,6,40,40,True,316.1857394,316.1857394,0.0,0.0,0.0,0,0,0,0,2388.8573939711405,2388.8573939711405,0.0,605.0,605.0,0.0,109.0,109.0,0.0,50.0,50.0,0.0,9.0,9.0,0.0
27182975,T2,11,4,7,30,20,True,291.000628,254.27616354545455,-36.724464454545455,-403.96910899999966,-1609.8455438750989,-13,-14,-1,-1,2333.006908062928,2011.0377992879085,-321.9691087750193,685.0,620.0,-65.0,125.0,111.0,-14.0,55.0,55.0,0.0,3.0,0.0,-3.0
27182975,T4,11,4,7,30,20,True,291.000628,254.27616354545455,-36.724464454545455,-403.96910899999966,-1609.8455438750989,-13,-14,-1,-1,2333.006908062928,2011.0377992879085,-321.9691087750193,685.0,620.0,-65.0,125.0,111.0,-14.0,55.0,55.0,0.0,3.0,0.0,-3.0
27182975,T6,11,4,6,30,30,True,291.000628,291.000628,0.0,0.0,0.0,0,0,0,0,2333.006908062928,2333.006908062928,0.0,685.0,685.0,0.0,125.0,125.0,0.0,55.0,55.0,0.0,3.0,3.0,0.0
27182976,T2,12,7,7,30,0,True,276.89131308333333,269.20232849999996,-7.688984583333365,-92.26781500000016,-266.33907352571805,-8,-5,2,2,2490.695757144965,2437.4279424398187,-53.267814705146066,655.0,615.0,-40.0,117.0,112.0,-5.0,60.0,60.0,0.0,0.0,6.0,6.0
27182976,T4,12,7,7,30,0,True,276.89131308333333,269.20232849999996,-7.688984583333365,-92.26781500000016,-266.33907352571805,-8,-5,2,2,2490.695757144965,2437.4279424398187,-53.267814705146066,655.0,615.0,-40.0,117.0,112.0,-5.0,60.0,60.0,0.0,0.0,6.0,6.0
27182976,T6,12,7,7,30,0,True,276.89131308333333,269.20232849999996,-7.688984583333365,-92.26781500000016,-266.33907352571805,-8,-5,2,2,2490.695757144965,2437.4279424398187,-53.267814705146066,655.0,615.0,-40.0,117.0,112.0,-5.0,60.0,60.0,0.0,0.0,6.0,6.0
27182977,T2,13,9,7,35,15,True,273.9806716153846,259.779926,-14.20074561538462,-184.60969300000033,-1963.0484674347135,35,27,2,2,2850.748731463368,2458.139037976425,-392.60969348694334,545.0,720.0,175.0,101.0,128.0,27.0,65.0,65.0,0.0,0.0,6.0,6.0
27182977,T4,13,9,7,35,15,True,273.9806716153846,259.779926,-14.20074561538462,-184.60969300000033,-1963.0484674347135,35,27,2,2,2850.748731463368,2458.139037976425,-392.60969348694334,545.0,720.0,175.0,101.0,128.0,27.0,65.0,65.0,0.0,0.0,6.0,6.0
27182977,T6,13,9,7,35,15,True,273.9806716153846,259.779926,-14.20074561538462,-184.60969300000033,-1963.0484674347135,35,27,2,2,2850.748731463368,2458.139037976425,-392.60969348694334,545.0,720.0,175.0,101.0,128.0,27.0,65.0,65.0,0.0,0.0,6.0,6.0
27182978,T2,14,3,7,25,50,True,272.54508500000003,274.38834035714285,1.843255357142823,25.805574999999862,169.02787551358597,-1,-6,1,1,2970.631189790773,3004.436764893491,33.80557510271774,655.0,650.0,-5.0,120.0,114.0,-6.0,70.0,70.0,0.0,0.0,3.0,3.0
27182978,T4,14,3,6,25,25,True,272.54508500000003,272.54508500000003,0.0,0.0,0.0,0,0,0,0,2970.631189790773,2970.631189790773,0.0,655.0,655.0,0.0,120.0,120.0,0.0,70.0,70.0,0.0,0.0,0.0,0.0
27182978,T6,14,3,6,25,25,True,272.54508500000003,272.54508500000003,0.0,0.0,0.0,0,0,0,0,2970.631189790773,2970.631189790773,0.0,655.0,655.0,0.0,120.0,120.0,0.0,70.0,70.0,0.0,0.0,0.0,0.0
27182979,T2,15,5,7,40,10,True,254.9652588,270.10209953333333,15.136840733333344,227.05261100000007,800.2630568235709,10,17,0,0,3085.478881710957,3245.531493075672,160.05261136471518,565.0,615.0,50.0,99.0,116.0,17.0,75.0,75.0,0.0,0.0,0.0,0.0
27182979,T4,15,5,7,40,10,True,254.9652588,270.10209953333333,15.136840733333344,227.05261100000007,800.2630568235709,10,17,0,0,3085.478881710957,3245.531493075672,160.05261136471518,565.0,615.0,50.0,99.0,116.0,17.0,75.0,75.0,0.0,0.0,0.0,0.0
27182979,T6,15,5,6,40,40,True,254.9652588,254.9652588,0.0,0.0,0.0,0,0,0,0,3085.478881710957,3085.478881710957,0.0,565.0,565.0,0.0,99.0,99.0,0.0,75.0,75.0,0.0,0.0,0.0,0.0
27182980,T2,16,12,7,40,35,True,185.6689451875,187.175407,1.5064618125000209,24.103389000000334,-74.48305440513104,7,4,0,0,2320.703122562179,2305.8065116811536,-14.896610881025481,480.0,515.0,35.0,84.0,88.0,4.0,80.0,80.0,0.0,6.0,6.0,0.0
27182980,T4,16,12,7,40,35,True,185.6689451875,187.175407,1.5064618125000209,24.103389000000334,-74.48305440513104,7,4,0,0,2320.703122562179,2305.8065116811536,-14.896610881025481,480.0,515.0,35.0,84.0,88.0,4.0,80.0,80.0,0.0,6.0,6.0,0.0
27182980,T6,16,12,7,40,35,True,185.6689451875,187.175407,1.5064618125000209,24.103389000000334,-74.48305440513104,7,4,0,0,2320.703122562179,2305.8065116811536,-14.896610881025481,480.0,515.0,35.0,84.0,88.0,4.0,80.0,80.0,0.0,6.0,6.0,0.0
27182981,T2,10,3,7,50,30,True,339.97303320000003,329.7278452,-10.245188000000041,-102.45188000000007,-1587.2594025111575,38,34,-3,-3,2658.730332042028,2341.278451539796,-317.4518805022317,575.0,765.0,190.0,107.0,141.0,34.0,50.0,50.0,0.0,9.0,0.0,-9.0
27182981,T4,10,3,6,50,50,True,339.97303320000003,339.97303320000003,0.0,0.0,0.0,0,0,0,0,2658.730332042028,2658.730332042028,0.0,575.0,575.0,0.0,107.0,107.0,0.0,50.0,50.0,0.0,9.0,9.0,0.0
27182981,T6,10,3,6,50,50,True,339.97303320000003,339.97303320000003,0.0,0.0,0.0,0,0,0,0,2658.730332042028,2658.730332042028,0.0,575.0,575.0,0.0,107.0,107.0,0.0,50.0,50.0,0.0,9.0,9.0,0.0
27182982,T2,11,4,7,35,5,True,290.705142,302.2451728181818,11.540030818181776,126.94033899999977,-60.29830478614895,25,14,0,0,2446.7565623855126,2434.6969014282818,-12.05966095723079,585.0,710.0,125.0,111.0,125.0,14.0,55.0,55.0,0.0,0.0,0.0,0.0
27182982,T4,11,4,7,35,5,True,290.705142,302.2451728181818,11.540030818181776,126.94033899999977,-60.29830478614895,25,14,0,0,2446.7565623855126,2434.6969014282818,-12.05966095723079,585.0,710.0,125.0,111.0,125.0,14.0,55.0,55.0,0.0,0.0,0.0,0.0
27182982,T6,11,4,6,35,35,True,290.705142,290.705142,0.0,0.0,0.0,0,0,0,0,2446.7565623855126,2446.7565623855126,0.0,585.0,585.0,0.0,111.0,111.0,0.0,55.0,55.0,0.0,0.0,0.0,0.0
27182983,T2,12,3,7,40,5,True,245.86297850000003,273.68484666666666,27.821868166666633,333.8624179999997,1944.3120917620217,-7,-11,-3,-3,2108.3557416303206,2497.218159982724,388.86241835240344,650.0,615.0,-35.0,123.0,112.0,-11.0,60.0,60.0,0.0,9.0,0.0,-9.0
27182983,T4,12,3,6,40,40,True,245.86297850000003,245.86297850000003,0.0,0.0,0.0,0,0,0,0,2108.3557416303206,2108.3557416303206,0.0,650.0,650.0,0.0,123.0,123.0,0.0,60.0,60.0,0.0,9.0,9.0,0.0
27182983,T6,12,3,6,40,40,True,245.86297850000003,245.86297850000003,0.0,0.0,0.0,0,0,0,0,2108.3557416303206,2108.3557416303206,0.0,650.0,650.0,0.0,123.0,123.0,0.0,60.0,60.0,0.0,9.0,9.0,0.0
27182984,T2,13,5,7,20,10,True,303.49735646153846,291.3737674615385,-12.123588999999981,-157.60665700000027,-958.0332808806434,7,5,-2,-2,3165.465633534511,2973.8589773583826,-191.60665617612858,595.0,630.0,35.0,111.0,116.0,5.0,65.0,65.0,0.0,9.0,3.0,-6.0
27182984,T4,13,5,7,20,10,True,303.49735646153846,291.3737674615385,-12.123588999999981,-157.60665700000027,-958.0332808806434,7,5,-2,-2,3165.465633534511,2973.8589773583826,-191.60665617612858,595.0,630.0,35.0,111.0,116.0,5.0,65.0,65.0,0.0,9.0,3.0,-6.0
27182984,T6,13,5,6,20,20,True,303.49735646153846,303.49735646153846,0.0,0.0,0.0,0,0,0,0,3165.465633534511,3165.465633534511,0.0,595.0,595.0,0.0,111.0,111.0,0.0,65.0,65.0,0.0,9.0,9.0,0.0
27182985,T2,14,6,7,35,40,True,236.23770314285713,234.60064207142858,-1.6370610714285476,-22.918854999999894,-469.5942746774781,13,0,2,2,2573.3278440545855,2479.4089891190906,-93.91885493549489,560.0,625.0,65.0,104.0,104.0,0.0,70.0,70.0,0.0,0.0,6.0,6.0
27182985,T4,14,6,7,35,40,True,236.23770314285713,234.60064207142858,-1.6370610714285476,-22.918854999999894,-469.5942746774781,13,0,2,2,2573.3278440545855,2479.4089891190906,-93.91885493549489,560.0,625.0,65.0,104.0,104.0,0.0,70.0,70.0,0.0,0.0,6.0,6.0
27182985,T6,14,6,7,35,40,True,236.23770314285713,234.60064207142858,-1.6370610714285476,-22.918854999999894,-469.5942746774781,13,0,2,2,2573.3278440545855,2479.4089891190906,-93.91885493549489,560.0,625.0,65.0,104.0,104.0,0.0,70.0,70.0,0.0,0.0,6.0,6.0
27182986,T2,15,6,7,50,50,True,246.72445573333334,254.8137102,8.08925446666666,121.33881699999984,976.6940840493753,-14,-13,3,3,2847.8668359284156,3043.205652738294,195.33881680987815,660.0,590.0,-70.0,118.0,105.0,-13.0,75.0,75.0,0.0,0.0,9.0,9.0
27182986,T4,15,6,7,50,50,True,246.72445573333334,254.8137102,8.08925446666666,121.33881699999984,976.6940840493753,-14,-13,3,3,2847.8668359284156,3043.205652738294,195.33881680987815,660.0,590.0,-70.0,118.0,105.0,-13.0,75.0,75.0,0.0,0.0,9.0,9.0
27182986,T6,15,6,7,50,50,True,246.72445573333334,254.8137102,8.08925446666666,121.33881699999984,976.6940840493753,-14,-13,3,3,2847.8668359284156,3043.205652738294,195.33881680987815,660.0,590.0,-70.0,118.0,105.0,-13.0,75.0,75.0,0.0,0.0,9.0,9.0
27182987,T2,16,9,7,10,15,True,216.124812125,225.4829978125,9.358185687499997,149.73097099999995,918.6548559936018,-6,-10,2,2,2640.9969937042074,2824.727964902927,183.73097119871954,620.0,590.0,-30.0,114.0,104.0,-10.0,80.0,80.0,0.0,3.0,9.0,6.0
27182987,T4,16,9,7,10,15,True,216.124812125,225.4829978125,9.358185687499997,149.73097099999995,918.6548559936018,-6,-10,2,2,2640.9969937042074,2824.727964902927,183.73097119871954,620.0,590.0,-30.0,114.0,104.0,-10.0,80.0,80.0,0.0,3.0,9.0,6.0
27182987,T6,16,9,7,10,15,True,216.124812125,225.4829978125,9.358185687499997,149.73097099999995,918.6548559936018,-6,-10,2,2,2640.9969937042074,2824.727964902927,183.73097119871954,620.0,590.0,-30.0,114.0,104.0,-10.0,80.0,80.0,0.0,3.0,9.0,6.0
27182988,T2,10,2,7,10,35,True,365.96988369999997,315.35453440000003,-50.615349299999934,-506.1534929999998,-3290.767464386392,28,21,-3,-3,2900.698836808796,2242.545343931517,-658.153492877279,585.0,725.0,140.0,112.0,133.0,21.0,50.0,50.0,0.0,12.0,3.0,-9.0
27182988,T4,10,2,6,10,10,True,365.96988369999997,365.96988369999997,0.0,0.0,0.0,0,0,0,0,2900.698836808796,2900.698836808796,0.0,585.0,585.0,0.0,112.0,112.0,0.0,50.0,50.0,0.0,12.0,12.0,0.0
27182988,T6,10,2,6,10,10,True,365.96988369999997,365.96988369999997,0.0,0.0,0.0,0,0,0,0,2900.698836808796,2900.698836808796,0.0,585.0,585.0,0.0,112.0,112.0,0.0,50.0,50.0,0.0,12.0,12.0,0.0
27182989,T2,11,6,7,5,5,True,296.496553,285.8557631818182,-10.640789818181815,-117.04868799999986,-815.243436728415,8,6,0,0,2520.462082599487,2357.4133952538027,-163.04868734568436,575.0,615.0,40.0,108.0,114.0,6.0,55.0,55.0,0.0,3.0,3.0,0.0
27182989,T4,11,6,7,5,5,True,296.496553,285.8557631818182,-10.640789818181815,-117.04868799999986,-815.243436728415,8,6,0,0,2520.462082599487,2357.4133952538027,-163.04868734568436,575.0,615.0,40.0,108.0,114.0,6.0,55.0,55.0,0.0,3.0,3.0,0.0
27182989,T6,11,6,7,5,5,True,296.496553,285.8557631818182,-10.640789818181815,-117.04868799999986,-815.243436728415,8,6,0,0,2520.462082599487,2357.4133952538027,-163.04868734568436,575.0,615.0,40.0,108.0,114.0,6.0,55.0,55.0,0.0,3.0,3.0,0.0
27182990,T2,12,7,7,35,30,True,270.77497191666663,240.53485508333333,-30.240116833333303,-362.881402,-2219.4070079900775,13,10,2,2,2522.2996630212565,2078.4182614232413,-443.88140159801515,565.0,630.0,65.0,102.0,112.0,10.0,60.0,60.0,0.0,0.0,6.0,6.0
27182990,T4,12,7,7,35,30,True,270.77497191666663,240.53485508333333,-30.240116833333303,-362.881402,-2219.4070079900775,13,10,2,2,2522.2996630212565,2078.4182614232413,-443.88140159801515,565.0,630.0,65.0,102.0,112.0,10.0,60.0,60.0,0.0,0.0,6.0,6.0
27182990,T6,12,7,7,35,30,True,270.77497191666663,240.53485508333333,-30.240116833333303,-362.881402,-2219.4070079900775,13,10,2,2,2522.2996630212565,2078.4182614232413,-443.88140159801515,565.0,630.0,65.0,102.0,112.0,10.0,60.0,60.0,0.0,0.0,6.0,6.0
27182991,T2,13,6,7,0,50,True,245.72864323076922,266.4482116153846,20.71956838461537,269.3543890000001,666.7719439886932,23,24,-1,-1,2487.472361893993,2620.8267506917314,133.35438879773847,545.0,660.0,115.0,94.0,118.0,24.0,65.0,65.0,0.0,3.0,0.0,-3.0
27182991,T4,13,6,7,0,50,True,245.72864323076922,266.4482116153846,20.71956838461537,269.3543890000001,666.7719439886932,23,24,-1,-1,2487.472361893993,2620.8267506917314,133.35438879773847,545.0,660.0,115.0,94.0,118.0,24.0,65.0,65.0,0.0,3.0,0.0,-3.0
27182991,T6,13,6,7,0,50,True,245.72864323076922,266.4482116153846,20.71956838461537,269.3543890000001,666.7719439886932,23,24,-1,-1,2487.472361893993,2620.8267506917314,133.35438879773847,545.0,660.0,115.0,94.0,118.0,24.0,65.0,65.0,0.0,3.0,0.0,-3.0
27182992,T2,14,6,7,5,45,True,251.97023035714284,236.76455257142857,-15.205677785714272,-212.87948899999992,-1894.3974445200274,26,27,3,3,2779.583224868727,2400.7037359647215,-378.8794889040055,575.0,705.0,130.0,103.0,130.0,27.0,70.0,70.0,0.0,0.0,9.0,9.0
27182992,T4,14,6,7,5,45,True,251.97023035714284,236.76455257142857,-15.205677785714272,-212.87948899999992,-1894.3974445200274,26,27,3,3,2779.583224868727,2400.7037359647215,-378.8794889040055,575.0,705.0,130.0,103.0,130.0,27.0,70.0,70.0,0.0,0.0,9.0,9.0
27182992,T6,14,6,7,5,45,True,251.97023035714284,236.76455257142857,-15.205677785714272,-212.87948899999992,-1894.3974445200274,26,27,3,3,2779.583224868727,2400.7037359647215,-378.8794889040055,575.0,705.0,130.0,103.0,130.0,27.0,70.0,70.0,0.0,0.0,9.0,9.0
27182993,T2,15,8,7,25,0,True,261.21322653333334,254.1049104,-7.108316133333346,-106.62474199999997,-1118.1237108759997,20,17,0,0,3153.198398242741,2929.573656067541,-223.62474217520003,580.0,680.0,100.0,110.0,127.0,17.0,75.0,75.0,0.0,0.0,0.0,0.0
27182993,T4,15,8,7,25,0,True,261.21322653333334,254.1049104,-7.108316133333346,-106.62474199999997,-1118.1237108759997,20,17,0,0,3153.198398242741,2929.573656067541,-223.62474217520003,580.0,680.0,100.0,110.0,127.0,17.0,75.0,75.0,0.0,0.0,0.0,0.0
27182993,T6,15,8,7,25,0,True,261.21322653333334,254.1049104,-7.108316133333346,-106.62474199999997,-1118.1237108759997,20,17,0,0,3153.198398242741,2929.573656067541,-223.62474217520003,580.0,680.0,100.0,110.0,127.0,17.0,75.0,75.0,0.0,0.0,0.0,0.0
27182994,T2,16,10,7,15,35,True,213.767726375,211.487726625,-2.2799997500000018,-36.47999600000003,-107.3999841665518,-3,-3,1,1,2660.283622468776,2638.8036256354653,-21.47999683331045,570.0,555.0,-15.0,104.0,101.0,-3.0,80.0,80.0,0.0,6.0,9.0,3.0
27182994,T4,16,10,7,15,35,True,213.767726375,211.487726625,-2.2799997500000018,-36.47999600000003,-107.3999841665518,-3,-3,1,1,2660.283622468776,2638.8036256354653,-21.47999683331045,570.0,555.0,-15.0,104.0,101.0,-3.0,80.0,80.0,0.0,6.0,9.0,3.0
27182994,T6,16,10,7,15,35,True,213.767726375,211.487726625,-2.2799997500000018,-36.47999600000003,-107.3999841665518,-3,-3,1,1,2660.283622468776,2638.8036256354653,-21.47999683331045,570.0,555.0,-15.0,104.0,101.0,-3.0,80.0,80.0,0.0,6.0,9.0,3.0
27182995,T2,10,3,7,0,40,True,351.085214,337.1557375,-13.929476500000021,-139.2947650000001,-811.4738253948508,3,5,1,1,2703.8521402138845,2541.5573751349148,-162.2947650789697,640.0,655.0,15.0,114.0,119.0,5.0,50.0,50.0,0.0,3.0,6.0,3.0
27182995,T4,10,3,6,0,0,True,351.085214,351.085214,0.0,0.0,0.0,0,0,0,0,2703.8521402138845,2703.8521402138845,0.0,640.0,640.0,0.0,114.0,114.0,0.0,50.0,50.0,0.0,3.0,3.0,0.0
27182995,T6,10,3,6,0,0,True,351.085214,351.085214,0.0,0.0,0.0,0,0,0,0,2703.8521402138845,2703.8521402138845,0.0,640.0,640.0,0.0,114.0,114.0,0.0,50.0,50.0,0.0,3.0,3.0,0.0
27182996,T2,11,9,7,0,0,True,253.63829709090908,261.34452727272725,7.706230181818171,84.76853200000005,573.8426597652469,-5,-5,0,0,1970.0212677515483,2084.789799704597,114.76853195304875,645.0,620.0,-25.0,117.0,112.0,-5.0,55.0,55.0,0.0,3.0,3.0,0.0
27182996,T4,11,9,7,0,0,True,253.63829709090908,261.34452727272725,7.706230181818171,84.76853200000005,573.8426597652469,-5,-5,0,0,1970.0212677515483,2084.789799704597,114.76853195304875,645.0,620.0,-25.0,117.0,112.0,-5.0,55.0,55.0,0.0,3.0,3.0,0.0
27182996,T6,11,9,7,0,0,True,253.63829709090908,261.34452727272725,7.706230181818171,84.76853200000005,573.8426597652469,-5,-5,0,0,1970.0212677515483,2084.789799704597,114.76853195304875,645.0,620.0,-25.0,117.0,112.0,-5.0,55.0,55.0,0.0,3.0,3.0,0.0
27182997,T2,12,6,7,20,5,True,277.86963675,287.61709625,9.74745949999999,116.96951399999989,24.84756790998472,19,17,0,0,2594.435640985302,2599.4051545672983,4.969513581996125,570.0,665.0,95.0,104.0,121.0,17.0,60.0,60.0,0.0,6.0,6.0,0.0
27182997,T4,12,6,7,20,5,True,277.86963675,287.61709625,9.74745949999999,116.96951399999989,24.84756790998472,19,17,0,0,2594.435640985302,2599.4051545672983,4.969513581996125,570.0,665.0,95.0,104.0,121.0,17.0,60.0,60.0,0.0,6.0,6.0,0.0
27182997,T6,12,6,7,20,5,True,277.86963675,287.61709625,9.74745949999999,116.96951399999989,24.84756790998472,19,17,0,0,2594.435640985302,2599.4051545672983,4.969513581996125,570.0,665.0,95.0,104.0,121.0,17.0,60.0,60.0,0.0,6.0,6.0,0.0
27182998,T2,13,8,7,15,45,True,266.626557,286.87715492307694,20.250597923076953,263.2577729999998,551.288863767606,21,18,10,10,2806.1452412061763,2916.4030139596985,110.2577727535222,505.0,610.0,105.0,90.0,108.0,18.0,65.0,65.0,0.0,0.0,30.0,30.0
27182998,T4,13,8,7,15,45,True,266.626557,286.87715492307694,20.250597923076953,263.2577729999998,551.288863767606,21,18,10,10,2806.1452412061763,2916.4030139596985,110.2577727535222,505.0,610.0,105.0,90.0,108.0,18.0,65.0,65.0,0.0,0.0,30.0,30.0
27182998,T6,13,8,7,15,45,True,266.626557,286.87715492307694,20.250597923076953,263.2577729999998,551.288863767606,21,18,10,10,2806.1452412061763,2916.4030139596985,110.2577727535222,505.0,610.0,105.0,90.0,108.0,18.0,65.0,65.0,0.0,0.0,30.0,30.0
27182999,T2,14,5,7,25,45,True,253.42070028571428,261.42861335714286,8.00791307142859,112.11078300000008,120.55391591449188,16,14,-2,-2,2796.889804169855,2821.000587352754,24.110783182899013,570.0,650.0,80.0,102.0,116.0,14.0,70.0,70.0,0.0,9.0,3.0,-6.0
27182999,T4,14,5,7,25,45,True,253.42070028571428,261.42861335714286,8.00791307142859,112.11078300000008,120.55391591449188,16,14,-2,-2,2796.889804169855,2821.000587352754,24.110783182899013,570.0,650.0,80.0,102.0,116.0,14.0,70.0,70.0,0.0,9.0,3.0,-6.0
27182999,T6,14,5,6,25,25,True,253.42070028571428,253.42070028571428,0.0,0.0,0.0,0,0,0,0,2796.889804169855,2796.889804169855,0.0,570.0,570.0,0.0,102.0,102.0,0.0,70.0,70.0,0.0,9.0,9.0,0.0
