seed,strategy,N,k0,chosen_template,selector_invoked,rotation,group,error_mode,case_hash,all_cleared,qualified_run,cleared_count,discovered_count,time_per_source_s,action_log,error,movement_m,measurements,switches,clear_attempts,clear_successes,clear_failures,transport_retries,virtual_time_s,movement_s,measurement_s,switch_s,clear_success_s,clear_failure_s
27182800,E11,11,5,6,False,0,random,fixed_field,2658096d59ffe618d240841ec9e2c508e88cbbbce1deda806008203759366b3b,True,True,11,11,301.1978931818182,B3/结果/offline_logs/e12-risk-development-20260911T111939727609/27182800-E11.jsonl,,12400.884127052654,130,122,13,11,2,0,3313.176825,2480.176825410531,650.0,122.0,55.0,6.0
27182800,T2,11,5,7,True,25,random,fixed_field,2658096d59ffe618d240841ec9e2c508e88cbbbce1deda806008203759366b3b,True,True,11,11,323.74203118181816,B3/结果/offline_logs/e12-risk-development-20260911T111939727609/27182800-T2.jsonl,,13460.811717118411,137,126,12,11,1,0,3561.162343,2692.1623434236826,685.0,126.0,55.0,3.0
27182800,T4,11,5,7,True,25,random,fixed_field,2658096d59ffe618d240841ec9e2c508e88cbbbce1deda806008203759366b3b,True,True,11,11,323.74203118181816,B3/结果/offline_logs/e12-risk-development-20260911T111939727609/27182800-T4.jsonl,,13460.811717118411,137,126,12,11,1,0,3561.162343,2692.1623434236826,685.0,126.0,55.0,3.0
27182800,T6,11,5,6,True,0,random,fixed_field,2658096d59ffe618d240841ec9e2c508e88cbbbce1deda806008203759366b3b,True,True,11,11,301.1978931818182,B3/结果/offline_logs/e12-risk-development-20260911T111939727609/27182800-T6.jsonl,,12400.884127052654,130,122,13,11,2,0,3313.176825,2480.176825410531,650.0,122.0,55.0,6.0
27182801,E11,12,9,6,False,5,random,fixed_field,02ecd59f8c17578b0c3553e6e53d9b638a0abed56302079fa8d538e114b83d92,True,True,12,12,219.84283875000003,B3/结果/offline_logs/e12-risk-development-20260911T111939727609/27182801-E11.jsonl,,9715.570326271953,108,95,12,12,0,0,2638.114065,1943.1140652543907,540.0,95.0,60.0,0.0
27182801,T2,12,9,7,True,35,random,fixed_field,02ecd59f8c17578b0c3553e6e53d9b638a0abed56302079fa8d538e114b83d92,True,True,12,12,238.10353758333335,B3/结果/offline_logs/e12-risk-development-20260911T111939727609/27182801-T2.jsonl,,10281.212256146711,126,111,12,12,0,0,2857.242451,2056.242451229342,630.0,111.0,60.0,0.0
27182801,T4,12,9,7,True,35,random,fixed_field,02ecd59f8c17578b0c3553e6e53d9b638a0abed56302079fa8d538e114b83d92,True,True,12,12,238.10353758333335,B3/结果/offline_logs/e12-risk-development-20260911T111939727609/27182801-T4.jsonl,,10281.212256146711,126,111,12,12,0,0,2857.242451,2056.242451229342,630.0,111.0,60.0,0.0
27182801,T6,12,9,7,True,35,random,fixed_field,02ecd59f8c17578b0c3553e6e53d9b638a0abed56302079fa8d538e114b83d92,True,True,12,12,238.10353758333335,B3/结果/offline_logs/e12-risk-development-20260911T111939727609/27182801-T6.jsonl,,10281.212256146711,126,111,12,12,0,0,2857.242451,2056.242451229342,630.0,111.0,60.0,0.0
27182802,E11,13,8,6,False,35,random,fixed_field,c7c801dcf381d8a54420533141bbe643d9f5026cd721f2ec07a4447aafed2098,True,True,13,13,257.20493376923076,B3/结果/offline_logs/e12-risk-development-20260911T111939727609/27182802-E11.jsonl,,12873.320697457126,117,110,16,13,3,0,3343.664139,2574.664139491425,585.0,110.0,65.0,9.0
27182802,T2,13,8,7,True,35,random,fixed_field,c7c801dcf381d8a54420533141bbe643d9f5026cd721f2ec07a4447aafed2098,True,True,13,13,247.63582638461537,B3/结果/offline_logs/e12-risk-development-20260911T111939727609/27182802-T2.jsonl,,12221.328715681326,120,107,14,13,1,0,3219.265743,2444.2657431362654,600.0,107.0,65.0,3.0
27182802,T4,13,8,7,True,35,random,fixed_field,c7c801dcf381d8a54420533141bbe643d9f5026cd721f2ec07a4447aafed2098,True,True,13,13,247.63582638461537,B3/结果/offline_logs/e12-risk-development-20260911T111939727609/27182802-T4.jsonl,,12221.328715681326,120,107,14,13,1,0,3219.265743,2444.2657431362654,600.0,107.0,65.0,3.0
27182802,T6,13,8,7,True,35,random,fixed_field,c7c801dcf381d8a54420533141bbe643d9f5026cd721f2ec07a4447aafed2098,True,True,13,13,247.63582638461537,B3/结果/offline_logs/e12-risk-development-20260911T111939727609/27182802-T6.jsonl,,12221.328715681326,120,107,14,13,1,0,3219.265743,2444.2657431362654,600.0,107.0,65.0,3.0
27182803,E11,14,5,6,False,40,random,fixed_field,ac1b8bcc6d7b682709e7aeecc7dc42d194a5792c6a76652dc80721beb0f3e9b9,True,True,14,14,301.2950259285714,B3/结果/offline_logs/e12-risk-development-20260911T111939727609/27182803-E11.jsonl,,17295.651817036847,117,104,14,14,0,0,4218.130363,3459.1303634073706,585.0,104.0,70.0,0.0
27182803,T2,14,5,7,True,10,random,fixed_field,ac1b8bcc6d7b682709e7aeecc7dc42d194a5792c6a76652dc80721beb0f3e9b9,True,True,14,14,282.6462356428571,B3/结果/offline_logs/e12-risk-development-20260911T111939727609/27182803-T2.jsonl,,15485.23649569629,134,120,14,14,0,0,3957.047299,3097.0472991392558,670.0,120.0,70.0,0.0
27182803,T4,14,5,7,True,10,random,fixed_field,ac1b8bcc6d7b682709e7aeecc7dc42d194a5792c6a76652dc80721beb0f3e9b9,True,True,14,14,282.6462356428571,B3/结果/offline_logs/e12-risk-development-20260911T111939727609/27182803-T4.jsonl,,15485.23649569629,134,120,14,14,0,0,3957.047299,3097.0472991392558,670.0,120.0,70.0,0.0
27182803,T6,14,5,6,True,40,random,fixed_field,ac1b8bcc6d7b682709e7aeecc7dc42d194a5792c6a76652dc80721beb0f3e9b9,True,True,14,14,301.2950259285714,B3/结果/offline_logs/e12-risk-development-20260911T111939727609/27182803-T6.jsonl,,17295.651817036847,117,104,14,14,0,0,4218.130363,3459.1303634073706,585.0,104.0,70.0,0.0
27182804,E11,15,9,6,False,45,random,fixed_field,7e592bcf60a789210677ebf2ac724af64df79ae03084103b2dcc100362bd5d70,True,True,15,15,240.9211144,B3/结果/offline_logs/e12-risk-development-20260911T111939727609/27182804-E11.jsonl,,14584.083582358133,105,94,16,15,1,0,3613.816716,2916.816716471626,525.0,94.0,75.0,3.0
27182804,T2,15,9,7,True,40,random,fixed_field,7e592bcf60a789210677ebf2ac724af64df79ae03084103b2dcc100362bd5d70,True,True,15,15,235.8560118,B3/结果/offline_logs/e12-risk-development-20260911T111939727609/27182804-T2.jsonl,,13869.20088253306,116,103,17,15,2,0,3537.840177,2773.8401765066114,580.0,103.0,75.0,6.0
27182804,T4,15,9,7,True,40,random,fixed_field,7e592bcf60a789210677ebf2ac724af64df79ae03084103b2dcc100362bd5d70,True,True,15,15,235.8560118,B3/结果/offline_logs/e12-risk-development-20260911T111939727609/27182804-T4.jsonl,,13869.20088253306,116,103,17,15,2,0,3537.840177,2773.8401765066114,580.0,103.0,75.0,6.0
27182804,T6,15,9,7,True,40,random,fixed_field,7e592bcf60a789210677ebf2ac724af64df79ae03084103b2dcc100362bd5d70,True,True,15,15,235.8560118,B3/结果/offline_logs/e12-risk-development-20260911T111939727609/27182804-T6.jsonl,,13869.20088253306,116,103,17,15,2,0,3537.840177,2773.8401765066114,580.0,103.0,75.0,6.0
27182805,E11,16,12,6,False,25,random,fixed_field,ddd7dc127ff7512d5496d3f2dc6c804ff5d783930b39b0872a2f41681d6bd8cc,True,True,16,16,184.8496455,B3/结果/offline_logs/e12-risk-development-20260911T111939727609/27182805-E11.jsonl,,11472.97164154186,99,88,16,16,0,0,2957.594328,2294.594328308372,495.0,88.0,80.0,0.0
27182805,T2,16,12,7,True,35,random,fixed_field,ddd7dc127ff7512d5496d3f2dc6c804ff5d783930b39b0872a2f41681d6bd8cc,True,True,16,16,186.0035324375,B3/结果/offline_logs/e12-risk-development-20260911T111939727609/27182805-T2.jsonl,,11740.282596274968,93,80,17,16,1,0,2976.056519,2348.0565192549943,465.0,80.0,80.0,3.0
27182805,T4,16,12,7,True,35,random,fixed_field,ddd7dc127ff7512d5496d3f2dc6c804ff5d783930b39b0872a2f41681d6bd8cc,True,True,16,16,186.0035324375,B3/结果/offline_logs/e12-risk-development-20260911T111939727609/27182805-T4.jsonl,,11740.282596274968,93,80,17,16,1,0,2976.056519,2348.0565192549943,465.0,80.0,80.0,3.0
27182805,T6,16,12,7,True,35,random,fixed_field,ddd7dc127ff7512d5496d3f2dc6c804ff5d783930b39b0872a2f41681d6bd8cc,True,True,16,16,186.0035324375,B3/结果/offline_logs/e12-risk-development-20260911T111939727609/27182805-T6.jsonl,,11740.282596274968,93,80,17,16,1,0,2976.056519,2348.0565192549943,465.0,80.0,80.0,3.0
27182806,E11,10,4,6,False,10,random,fixed_field,eee169d5969630cc4c2ae0a8f64e52dea30dd428f0353a7d006716a2f192679f,True,True,10,10,337.45898320000003,B3/结果/offline_logs/e12-risk-development-20260911T111939727609/27182806-E11.jsonl,,13232.949158449857,113,110,11,10,1,0,3374.589832,2646.589831689971,565.0,110.0,50.0,3.0
27182806,T2,10,4,7,True,5,random,fixed_field,eee169d5969630cc4c2ae0a8f64e52dea30dd428f0353a7d006716a2f192679f,True,True,10,10,335.74011,B3/结果/offline_logs/e12-risk-development-20260911T111939727609/27182806-T2.jsonl,,12587.005502419523,132,124,12,10,2,0,3357.4011,2517.4011004839044,660.0,124.0,50.0,6.0
27182806,T4,10,4,7,True,5,random,fixed_field,eee169d5969630cc4c2ae0a8f64e52dea30dd428f0353a7d006716a2f192679f,True,True,10,10,335.74011,B3/结果/offline_logs/e12-risk-development-20260911T111939727609/27182806-T4.jsonl,,12587.005502419523,132,124,12,10,2,0,3357.4011,2517.4011004839044,660.0,124.0,50.0,6.0
27182806,T6,10,4,6,True,10,random,fixed_field,eee169d5969630cc4c2ae0a8f64e52dea30dd428f0353a7d006716a2f192679f,True,True,10,10,337.45898320000003,B3/结果/offline_logs/e12-risk-development-20260911T111939727609/27182806-T6.jsonl,,13232.949158449857,113,110,11,10,1,0,3374.589832,2646.589831689971,565.0,110.0,50.0,3.0
27182807,E11,11,6,6,False,50,random,fixed_field,1db70e852a0149874aaa1c08e89d11339d0e421e4410dc5ea9da0934308ebff5,True,True,11,11,322.4818526363636,B3/结果/offline_logs/e12-risk-development-20260911T111939727609/27182807-E11.jsonl,,13896.501896980872,120,110,12,11,1,0,3547.300379,2779.3003793961734,600.0,110.0,55.0,3.0
27182807,T2,11,6,7,True,45,random,fixed_field,1db70e852a0149874aaa1c08e89d11339d0e421e4410dc5ea9da0934308ebff5,True,True,11,11,296.702721,B3/结果/offline_logs/e12-risk-development-20260911T111939727609/27182807-T2.jsonl,,12343.649654090914,125,115,11,11,0,0,3263.729931,2468.7299308181823,625.0,115.0,55.0,0.0
27182807,T4,11,6,7,True,45,random,fixed_field,1db70e852a0149874aaa1c08e89d11339d0e421e4410dc5ea9da0934308ebff5,True,True,11,11,296.702721,B3/结果/offline_logs/e12-risk-development-20260911T111939727609/27182807-T4.jsonl,,12343.649654090914,125,115,11,11,0,0,3263.729931,2468.7299308181823,625.0,115.0,55.0,0.0
27182807,T6,11,6,7,True,45,random,fixed_field,1db70e852a0149874aaa1c08e89d11339d0e421e4410dc5ea9da0934308ebff5,True,True,11,11,296.702721,B3/结果/offline_logs/e12-risk-development-20260911T111939727609/27182807-T6.jsonl,,12343.649654090914,125,115,11,11,0,0,3263.729931,2468.7299308181823,625.0,115.0,55.0,0.0
27182808,E11,12,5,6,False,10,random,fixed_field,6ebc3045d0699cc1826e48699dfba6d45b45526e701c6d0d0c41c07a0a520578,True,True,12,12,287.16964624999997,B3/结果/offline_logs/e12-risk-development-20260911T111939727609/27182808-E11.jsonl,,13215.178774959639,123,116,16,12,4,0,3446.035755,2643.0357549919277,615.0,116.0,60.0,12.0
27182808,T2,12,5,7,True,10,random,fixed_field,6ebc3045d0699cc1826e48699dfba6d45b45526e701c6d0d0c41c07a0a520578,True,True,12,12,290.4986676666667,B3/结果/offline_logs/e12-risk-development-20260911T111939727609/27182808-T2.jsonl,,13184.920061902976,132,123,14,12,2,0,3485.984012,2636.984012380596,660.0,123.0,60.0,6.0
27182808,T4,12,5,7,True,10,random,fixed_field,6ebc3045d0699cc1826e48699dfba6d45b45526e701c6d0d0c41c07a0a520578,True,True,12,12,290.4986676666667,B3/结果/offline_logs/e12-risk-development-20260911T111939727609/27182808-T4.jsonl,,13184.920061902976,132,123,14,12,2,0,3485.984012,2636.984012380596,660.0,123.0,60.0,6.0
27182808,T6,12,5,6,True,10,random,fixed_field,6ebc3045d0699cc1826e48699dfba6d45b45526e701c6d0d0c41c07a0a520578,True,True,12,12,287.16964624999997,B3/结果/offline_logs/e12-risk-development-20260911T111939727609/27182808-T6.jsonl,,13215.178774959639,123,116,16,12,4,0,3446.035755,2643.0357549919277,615.0,116.0,60.0,12.0
27182809,E11,13,2,6,False,55,random,fixed_field,ddedd645f397a9dff1d5f0ef6862c54946557d4e67a5ab02d5aeeeb5f5b382df,True,True,13,13,294.6256567692308,B3/结果/offline_logs/e12-risk-development-20260911T111939727609/27182809-E11.jsonl,,15135.667688652491,125,113,13,13,0,0,3830.133538,3027.133537730499,625.0,113.0,65.0,0.0
27182809,T2,13,2,7,True,20,random,fixed_field,ddedd645f397a9dff1d5f0ef6862c54946557d4e67a5ab02d5aeeeb5f5b382df,True,True,13,13,292.7227164615384,B3/结果/offline_logs/e12-risk-development-20260911T111939727609/27182809-T2.jsonl,,14586.976569848595,139,125,14,13,1,0,3805.395314,2917.39531396972,695.0,125.0,65.0,3.0
27182809,T4,13,2,6,True,55,random,fixed_field,ddedd645f397a9dff1d5f0ef6862c54946557d4e67a5ab02d5aeeeb5f5b382df,True,True,13,13,294.6256567692308,B3/结果/offline_logs/e12-risk-development-20260911T111939727609/27182809-T4.jsonl,,15135.667688652491,125,113,13,13,0,0,3830.133538,3027.133537730499,625.0,113.0,65.0,0.0
27182809,T6,13,2,6,True,55,random,fixed_field,ddedd645f397a9dff1d5f0ef6862c54946557d4e67a5ab02d5aeeeb5f5b382df,True,True,13,13,294.6256567692308,B3/结果/offline_logs/e12-risk-development-20260911T111939727609/27182809-T6.jsonl,,15135.667688652491,125,113,13,13,0,0,3830.133538,3027.133537730499,625.0,113.0,65.0,0.0
27182810,E11,14,8,6,False,10,random,fixed_field,c6a66d942583b8e90b588651b2de07bd2b15d8c73fe8c661ccf23831fd8793c8,True,True,14,14,258.05940864285714,B3/结果/offline_logs/e12-risk-development-20260911T111939727609/27182810-E11.jsonl,,14559.158604082235,107,96,14,14,0,0,3612.831721,2911.8317208164467,535.0,96.0,70.0,0.0
27182810,T2,14,8,7,True,20,random,fixed_field,c6a66d942583b8e90b588651b2de07bd2b15d8c73fe8c661ccf23831fd8793c8,True,True,14,14,264.80975914285716,B3/结果/offline_logs/e12-risk-development-20260911T111939727609/27182810-T2.jsonl,,14821.683139037534,114,103,14,14,0,0,3707.336628,2964.3366278075073,570.0,103.0,70.0,0.0
27182810,T4,14,8,7,True,20,random,fixed_field,c6a66d942583b8e90b588651b2de07bd2b15d8c73fe8c661ccf23831fd8793c8,True,True,14,14,264.80975914285716,B3/结果/offline_logs/e12-risk-development-20260911T111939727609/27182810-T4.jsonl,,14821.683139037534,114,103,14,14,0,0,3707.336628,2964.3366278075073,570.0,103.0,70.0,0.0
27182810,T6,14,8,7,True,20,random,fixed_field,c6a66d942583b8e90b588651b2de07bd2b15d8c73fe8c661ccf23831fd8793c8,True,True,14,14,264.80975914285716,B3/结果/offline_logs/e12-risk-development-20260911T111939727609/27182810-T6.jsonl,,14821.683139037534,114,103,14,14,0,0,3707.336628,2964.3366278075073,570.0,103.0,70.0,0.0
27182811,E11,15,9,6,False,10,random,fixed_field,1fa48139dc2bdd57baad78f975276d78a73f2f662d206995375275e5c49a5824,True,True,15,15,240.09305033333334,B3/结果/offline_logs/e12-risk-development-20260911T111939727609/27182811-E11.jsonl,,14466.97877315954,106,97,17,15,2,0,3601.395755,2893.395754631908,530.0,97.0,75.0,6.0
27182811,T2,15,9,7,True,30,random,fixed_field,1fa48139dc2bdd57baad78f975276d78a73f2f662d206995375275e5c49a5824,True,True,15,15,247.14119346666666,B3/结果/offline_logs/e12-risk-development-20260911T111939727609/27182811-T2.jsonl,,14530.589509198433,121,112,18,15,3,0,3707.117902,2906.1179018396865,605.0,112.0,75.0,9.0
27182811,T4,15,9,7,True,30,random,fixed_field,1fa48139dc2bdd57baad78f975276d78a73f2f662d206995375275e5c49a5824,True,True,15,15,247.14119346666666,B3/结果/offline_logs/e12-risk-development-20260911T111939727609/27182811-T4.jsonl,,14530.589509198433,121,112,18,15,3,0,3707.117902,2906.1179018396865,605.0,112.0,75.0,9.0
27182811,T6,15,9,7,True,30,random,fixed_field,1fa48139dc2bdd57baad78f975276d78a73f2f662d206995375275e5c49a5824,True,True,15,15,247.14119346666666,B3/结果/offline_logs/e12-risk-development-20260911T111939727609/27182811-T6.jsonl,,14530.589509198433,121,112,18,15,3,0,3707.117902,2906.1179018396865,605.0,112.0,75.0,9.0
27182812,E11,16,12,6,False,25,random,fixed_field,c71ff4a9939010f535dbf9e09fa9534b46b4c172cf46d12eae41edbb824ff58f,True,True,16,16,197.8203590625,B3/结果/offline_logs/e12-risk-development-20260911T111939727609/27182812-E11.jsonl,,12680.628725462997,94,76,17,16,1,0,3165.125745,2536.125745092598,470.0,76.0,80.0,3.0
27182812,T2,16,12,7,True,10,random,fixed_field,c71ff4a9939010f535dbf9e09fa9534b46b4c172cf46d12eae41edbb824ff58f,True,True,16,16,188.518014375,B3/结果/offline_logs/e12-risk-development-20260911T111939727609/27182812-T2.jsonl,,11421.4411498073,111,91,18,16,2,0,3016.28823,2284.2882299614607,555.0,91.0,80.0,6.0
27182812,T4,16,12,7,True,10,random,fixed_field,c71ff4a9939010f535dbf9e09fa9534b46b4c172cf46d12eae41edbb824ff58f,True,True,16,16,188.518014375,B3/结果/offline_logs/e12-risk-development-20260911T111939727609/27182812-T4.jsonl,,11421.4411498073,111,91,18,16,2,0,3016.28823,2284.2882299614607,555.0,91.0,80.0,6.0
27182812,T6,16,12,7,True,10,random,fixed_field,c71ff4a9939010f535dbf9e09fa9534b46b4c172cf46d12eae41edbb824ff58f,True,True,16,16,188.518014375,B3/结果/offline_logs/e12-risk-development-20260911T111939727609/27182812-T6.jsonl,,11421.4411498073,111,91,18,16,2,0,3016.28823,2284.2882299614607,555.0,91.0,80.0,6.0
27182813,E11,10,7,6,False,25,random,fixed_field,5148f3d3474a9fc9862f4a1aacaf51fe6d5703cd480729cf72d81875df4d83e3,True,True,10,10,295.2311232,B3/结果/offline_logs/e12-risk-development-20260911T111939727609/27182813-E11.jsonl,,10851.55615831456,122,116,12,10,2,0,2952.311232,2170.311231662912,610.0,116.0,50.0,6.0
27182813,T2,10,7,7,True,20,random,fixed_field,5148f3d3474a9fc9862f4a1aacaf51fe6d5703cd480729cf72d81875df4d83e3,True,True,10,10,294.2944127,B3/结果/offline_logs/e12-risk-development-20260911T111939727609/27182813-T2.jsonl,,10579.720633809777,131,122,10,10,0,0,2942.944127,2115.944126761956,655.0,122.0,50.0,0.0
27182813,T4,10,7,7,True,20,random,fixed_field,5148f3d3474a9fc9862f4a1aacaf51fe6d5703cd480729cf72d81875df4d83e3,True,True,10,10,294.2944127,B3/结果/offline_logs/e12-risk-development-20260911T111939727609/27182813-T4.jsonl,,10579.720633809777,131,122,10,10,0,0,2942.944127,2115.944126761956,655.0,122.0,50.0,0.0
27182813,T6,10,7,7,True,20,random,fixed_field,5148f3d3474a9fc9862f4a1aacaf51fe6d5703cd480729cf72d81875df4d83e3,True,True,10,10,294.2944127,B3/结果/offline_logs/e12-risk-development-20260911T111939727609/27182813-T6.jsonl,,10579.720633809777,131,122,10,10,0,0,2942.944127,2115.944126761956,655.0,122.0,50.0,0.0
27182814,E11,11,5,6,False,20,random,fixed_field,c50bb270bc2b443b4814f200efcee989973e37e15a90c4ff06ddc407e0728282,True,True,11,11,306.7372295454545,B3/结果/offline_logs/e12-risk-development-20260911T111939727609/27182814-E11.jsonl,,13185.54762626558,113,102,16,11,5,0,3374.109525,2637.109525253116,565.0,102.0,55.0,15.0
27182814,T2,11,5,7,True,30,random,fixed_field,c50bb270bc2b443b4814f200efcee989973e37e15a90c4ff06ddc407e0728282,True,True,11,11,291.89218972727275,B3/结果/offline_logs/e12-risk-development-20260911T111939727609/27182814-T2.jsonl,,11924.070434503941,130,118,12,11,1,0,3210.814087,2384.8140869007875,650.0,118.0,55.0,3.0
27182814,T4,11,5,7,True,30,random,fixed_field,c50bb270bc2b443b4814f200efcee989973e37e15a90c4ff06ddc407e0728282,True,True,11,11,291.89218972727275,B3/结果/offline_logs/e12-risk-development-20260911T111939727609/27182814-T4.jsonl,,11924.070434503941,130,118,12,11,1,0,3210.814087,2384.8140869007875,650.0,118.0,55.0,3.0
27182814,T6,11,5,6,True,20,random,fixed_field,c50bb270bc2b443b4814f200efcee989973e37e15a90c4ff06ddc407e0728282,True,True,11,11,306.7372295454545,B3/结果/offline_logs/e12-risk-development-20260911T111939727609/27182814-T6.jsonl,,13185.54762626558,113,102,16,11,5,0,3374.109525,2637.109525253116,565.0,102.0,55.0,15.0
27182815,E11,12,10,6,False,10,random,fixed_field,05f54d72a23e9ec342159a841c4f28380228d6e89dc0484bacc74dce029ba1c5,True,True,12,12,243.490824,B3/结果/offline_logs/e12-risk-development-20260911T111939727609/27182815-E11.jsonl,,10004.449437993388,145,136,12,12,0,0,2921.889888,2000.8898875986777,725.0,136.0,60.0,0.0
27182815,T2,12,10,7,True,35,random,fixed_field,05f54d72a23e9ec342159a841c4f28380228d6e89dc0484bacc74dce029ba1c5,True,True,12,12,235.23820016666664,B3/结果/offline_logs/e12-risk-development-20260911T111939727609/27182815-T2.jsonl,,9784.292010693276,136,126,12,12,0,0,2822.858402,1956.8584021386548,680.0,126.0,60.0,0.0
27182815,T4,12,10,7,True,35,random,fixed_field,05f54d72a23e9ec342159a841c4f28380228d6e89dc0484bacc74dce029ba1c5,True,True,12,12,235.23820016666664,B3/结果/offline_logs/e12-risk-development-20260911T111939727609/27182815-T4.jsonl,,9784.292010693276,136,126,12,12,0,0,2822.858402,1956.8584021386548,680.0,126.0,60.0,0.0
27182815,T6,12,10,7,True,35,random,fixed_field,05f54d72a23e9ec342159a841c4f28380228d6e89dc0484bacc74dce029ba1c5,True,True,12,12,235.23820016666664,B3/结果/offline_logs/e12-risk-development-20260911T111939727609/27182815-T6.jsonl,,9784.292010693276,136,126,12,12,0,0,2822.858402,1956.8584021386548,680.0,126.0,60.0,0.0
27182816,E11,13,5,6,False,20,random,fixed_field,bd117518bb0a808deb08bdcb150c99492ba34d5593463f6c4fdbf2e619cc73b7,True,True,13,13,263.8577963076923,B3/结果/offline_logs/e12-risk-development-20260911T111939727609/27182816-E11.jsonl,,13725.75676146215,102,95,18,13,5,0,3430.151352,2745.151352292429,510.0,95.0,65.0,15.0
27182816,T2,13,5,7,True,0,random,fixed_field,bd117518bb0a808deb08bdcb150c99492ba34d5593463f6c4fdbf2e619cc73b7,True,True,13,13,280.09160715384616,B3/结果/offline_logs/e12-risk-development-20260911T111939727609/27182816-T2.jsonl,,13605.954462510877,143,134,15,13,2,0,3641.190893,2721.190892502175,715.0,134.0,65.0,6.0
27182816,T4,13,5,7,True,0,random,fixed_field,bd117518bb0a808deb08bdcb150c99492ba34d5593463f6c4fdbf2e619cc73b7,True,True,13,13,280.09160715384616,B3/结果/offline_logs/e12-risk-development-20260911T111939727609/27182816-T4.jsonl,,13605.954462510877,143,134,15,13,2,0,3641.190893,2721.190892502175,715.0,134.0,65.0,6.0
27182816,T6,13,5,6,True,20,random,fixed_field,bd117518bb0a808deb08bdcb150c99492ba34d5593463f6c4fdbf2e619cc73b7,True,True,13,13,263.8577963076923,B3/结果/offline_logs/e12-risk-development-20260911T111939727609/27182816-T6.jsonl,,13725.75676146215,102,95,18,13,5,0,3430.151352,2745.151352292429,510.0,95.0,65.0,15.0
27182817,E11,14,4,6,False,0,random,fixed_field,ffa5d255af8b1fe783b86cbcaed2aa875e3fddd4a510fadbfb7e75349710002a,True,True,14,14,265.7348905714286,B3/结果/offline_logs/e12-risk-development-20260911T111939727609/27182817-E11.jsonl,,14706.442338834706,120,109,14,14,0,0,3720.288468,2941.2884677669417,600.0,109.0,70.0,0.0
27182817,T2,14,4,7,True,30,random,fixed_field,ffa5d255af8b1fe783b86cbcaed2aa875e3fddd4a510fadbfb7e75349710002a,True,True,14,14,239.62724285714285,B3/结果/offline_logs/e12-risk-development-20260911T111939727609/27182817-T2.jsonl,,12443.907000363324,134,117,17,14,3,0,3354.7814,2488.7814000726653,670.0,117.0,70.0,9.0
27182817,T4,14,4,7,True,30,random,fixed_field,ffa5d255af8b1fe783b86cbcaed2aa875e3fddd4a510fadbfb7e75349710002a,True,True,14,14,239.62724285714285,B3/结果/offline_logs/e12-risk-development-20260911T111939727609/27182817-T4.jsonl,,12443.907000363324,134,117,17,14,3,0,3354.7814,2488.7814000726653,670.0,117.0,70.0,9.0
27182817,T6,14,4,6,True,0,random,fixed_field,ffa5d255af8b1fe783b86cbcaed2aa875e3fddd4a510fadbfb7e75349710002a,True,True,14,14,265.7348905714286,B3/结果/offline_logs/e12-risk-development-20260911T111939727609/27182817-T6.jsonl,,14706.442338834706,120,109,14,14,0,0,3720.288468,2941.2884677669417,600.0,109.0,70.0,0.0
27182818,E11,15,8,6,False,0,random,fixed_field,0350b406ae90bd8e78d0396d852c747cbf9701f4830fce89eaf0ea72f211cf2f,True,True,15,15,231.55529620000002,B3/结果/offline_logs/e12-risk-development-20260911T111939727609/27182818-E11.jsonl,,13726.647215165356,107,100,21,15,6,0,3473.329443,2745.3294430330716,535.0,100.0,75.0,18.0
27182818,T2,15,8,7,True,5,random,fixed_field,0350b406ae90bd8e78d0396d852c747cbf9701f4830fce89eaf0ea72f211cf2f,True,True,15,15,228.4551936,B3/结果/offline_logs/e12-risk-development-20260911T111939727609/27182818-T2.jsonl,,12844.139518912545,132,120,16,15,1,0,3426.827904,2568.8279037825087,660.0,120.0,75.0,3.0
27182818,T4,15,8,7,True,5,random,fixed_field,0350b406ae90bd8e78d0396d852c747cbf9701f4830fce89eaf0ea72f211cf2f,True,True,15,15,228.4551936,B3/结果/offline_logs/e12-risk-development-20260911T111939727609/27182818-T4.jsonl,,12844.139518912545,132,120,16,15,1,0,3426.827904,2568.8279037825087,660.0,120.0,75.0,3.0
27182818,T6,15,8,7,True,5,random,fixed_field,0350b406ae90bd8e78d0396d852c747cbf9701f4830fce89eaf0ea72f211cf2f,True,True,15,15,228.4551936,B3/结果/offline_logs/e12-risk-development-20260911T111939727609/27182818-T6.jsonl,,12844.139518912545,132,120,16,15,1,0,3426.827904,2568.8279037825087,660.0,120.0,75.0,3.0
27182819,E11,16,10,6,False,20,random,fixed_field,af4750a5f21b4775d01667450f258fd28511081ec98390cc28c547a762662325,True,True,16,16,240.826886125,B3/结果/offline_logs/e12-risk-development-20260911T111939727609/27182819-E11.jsonl,,15636.150887799666,110,96,16,16,0,0,3853.230178,3127.2301775599335,550.0,96.0,80.0,0.0
27182819,T2,16,10,7,True,40,random,fixed_field,af4750a5f21b4775d01667450f258fd28511081ec98390cc28c547a762662325,True,True,16,16,225.6025204375,B3/结果/offline_logs/e12-risk-development-20260911T111939727609/27182819-T2.jsonl,,14778.201636328291,98,81,17,16,1,0,3609.640327,2955.640327265658,490.0,81.0,80.0,3.0
27182819,T4,16,10,7,True,40,random,fixed_field,af4750a5f21b4775d01667450f258fd28511081ec98390cc28c547a762662325,True,True,16,16,225.6025204375,B3/结果/offline_logs/e12-risk-development-20260911T111939727609/27182819-T4.jsonl,,14778.201636328291,98,81,17,16,1,0,3609.640327,2955.640327265658,490.0,81.0,80.0,3.0
27182819,T6,16,10,7,True,40,random,fixed_field,af4750a5f21b4775d01667450f258fd28511081ec98390cc28c547a762662325,True,True,16,16,225.6025204375,B3/结果/offline_logs/e12-risk-development-20260911T111939727609/27182819-T6.jsonl,,14778.201636328291,98,81,17,16,1,0,3609.640327,2955.640327265658,490.0,81.0,80.0,3.0
27182820,E11,10,5,6,False,25,random,fixed_field,ee8e143119b170b7f548f6fdf16dcb711681c98b5ebae16650b1ca2722a296be,True,True,10,10,283.679714,B3/结果/offline_logs/e12-risk-development-20260911T111939727609/27182820-E11.jsonl,,10343.985699763361,121,113,10,10,0,0,2836.79714,2068.7971399526723,605.0,113.0,50.0,0.0
27182820,T2,10,5,7,True,10,random,fixed_field,ee8e143119b170b7f548f6fdf16dcb711681c98b5ebae16650b1ca2722a296be,True,True,10,10,292.87752209999996,B3/结果/offline_logs/e12-risk-development-20260911T111939727609/27182820-T2.jsonl,,10553.876105468818,130,118,10,10,0,0,2928.775221,2110.7752210937642,650.0,118.0,50.0,0.0
27182820,T4,10,5,7,True,10,random,fixed_field,ee8e143119b170b7f548f6fdf16dcb711681c98b5ebae16650b1ca2722a296be,True,True,10,10,292.87752209999996,B3/结果/offline_logs/e12-risk-development-20260911T111939727609/27182820-T4.jsonl,,10553.876105468818,130,118,10,10,0,0,2928.775221,2110.7752210937642,650.0,118.0,50.0,0.0
27182820,T6,10,5,6,True,25,random,fixed_field,ee8e143119b170b7f548f6fdf16dcb711681c98b5ebae16650b1ca2722a296be,True,True,10,10,283.679714,B3/结果/offline_logs/e12-risk-development-20260911T111939727609/27182820-T6.jsonl,,10343.985699763361,121,113,10,10,0,0,2836.79714,2068.7971399526723,605.0,113.0,50.0,0.0
27182821,E11,11,4,6,False,45,random,fixed_field,d7fe39839873f73b979eaa1ceff25e667bcde974a3f5f7b9c69ffb58b11a4a54,True,True,11,11,324.3432598181818,B3/结果/offline_logs/e12-risk-development-20260911T111939727609/27182821-E11.jsonl,,13773.879289012772,128,115,12,11,1,0,3567.775858,2754.775857802554,640.0,115.0,55.0,3.0
27182821,T2,11,4,7,True,15,random,fixed_field,d7fe39839873f73b979eaa1ceff25e667bcde974a3f5f7b9c69ffb58b11a4a54,True,True,11,11,306.90148436363637,B3/结果/offline_logs/e12-risk-development-20260911T111939727609/27182821-T2.jsonl,,12779.581640905702,129,114,13,11,2,0,3375.916328,2555.9163281811407,645.0,114.0,55.0,6.0
27182821,T4,11,4,7,True,15,random,fixed_field,d7fe39839873f73b979eaa1ceff25e667bcde974a3f5f7b9c69ffb58b11a4a54,True,True,11,11,306.90148436363637,B3/结果/offline_logs/e12-risk-development-20260911T111939727609/27182821-T4.jsonl,,12779.581640905702,129,114,13,11,2,0,3375.916328,2555.9163281811407,645.0,114.0,55.0,6.0
27182821,T6,11,4,6,True,45,random,fixed_field,d7fe39839873f73b979eaa1ceff25e667bcde974a3f5f7b9c69ffb58b11a4a54,True,True,11,11,324.3432598181818,B3/结果/offline_logs/e12-risk-development-20260911T111939727609/27182821-T6.jsonl,,13773.879289012772,128,115,12,11,1,0,3567.775858,2754.775857802554,640.0,115.0,55.0,3.0
27182822,E11,12,4,6,False,55,random,fixed_field,52c798da581d19f73bcaf2661a200ccd25e0e767550d69130401ba416da40ecc,True,True,12,12,317.0584323333333,B3/结果/offline_logs/e12-risk-development-20260911T111939727609/27182822-E11.jsonl,,15173.505937572681,119,112,13,12,1,0,3804.701188,3034.701187514537,595.0,112.0,60.0,3.0
27182822,T2,12,4,7,True,45,random,fixed_field,52c798da581d19f73bcaf2661a200ccd25e0e767550d69130401ba416da40ecc,True,True,12,12,281.0479715,B3/结果/offline_logs/e12-risk-development-20260911T111939727609/27182822-T2.jsonl,,12497.878290740273,137,125,13,12,1,0,3372.575658,2499.5756581480546,685.0,125.0,60.0,3.0
27182822,T4,12,4,7,True,45,random,fixed_field,52c798da581d19f73bcaf2661a200ccd25e0e767550d69130401ba416da40ecc,True,True,12,12,281.0479715,B3/结果/offline_logs/e12-risk-development-20260911T111939727609/27182822-T4.jsonl,,12497.878290740273,137,125,13,12,1,0,3372.575658,2499.5756581480546,685.0,125.0,60.0,3.0
27182822,T6,12,4,6,True,55,random,fixed_field,52c798da581d19f73bcaf2661a200ccd25e0e767550d69130401ba416da40ecc,True,True,12,12,317.0584323333333,B3/结果/offline_logs/e12-risk-development-20260911T111939727609/27182822-T6.jsonl,,15173.505937572681,119,112,13,12,1,0,3804.701188,3034.701187514537,595.0,112.0,60.0,3.0
27182823,E11,13,10,6,False,55,random,fixed_field,eeba56cb41792b3831f36efb644cde6a243e2bbc9e5f3c2a413b341521387a44,True,True,13,13,225.2881826153846,B3/结果/offline_logs/e12-risk-development-20260911T111939727609/27182823-E11.jsonl,,11193.731871734333,106,95,13,13,0,0,2928.746374,2238.7463743468666,530.0,95.0,65.0,0.0
27182823,T2,13,10,7,True,20,random,fixed_field,eeba56cb41792b3831f36efb644cde6a243e2bbc9e5f3c2a413b341521387a44,True,True,13,13,253.2075192307692,B3/结果/offline_logs/e12-risk-development-20260911T111939727609/27182823-T2.jsonl,,12693.488750527624,116,105,14,13,1,0,3291.69775,2538.6977501055253,580.0,105.0,65.0,3.0
27182823,T4,13,10,7,True,20,random,fixed_field,eeba56cb41792b3831f36efb644cde6a243e2bbc9e5f3c2a413b341521387a44,True,True,13,13,253.2075192307692,B3/结果/offline_logs/e12-risk-development-20260911T111939727609/27182823-T4.jsonl,,12693.488750527624,116,105,14,13,1,0,3291.69775,2538.6977501055253,580.0,105.0,65.0,3.0
27182823,T6,13,10,7,True,20,random,fixed_field,eeba56cb41792b3831f36efb644cde6a243e2bbc9e5f3c2a413b341521387a44,True,True,13,13,253.2075192307692,B3/结果/offline_logs/e12-risk-development-20260911T111939727609/27182823-T6.jsonl,,12693.488750527624,116,105,14,13,1,0,3291.69775,2538.6977501055253,580.0,105.0,65.0,3.0
27182824,E11,14,8,6,False,40,random,fixed_field,b369c84702db9adea03b9b590edffc86f0a63b4cdf7eff7853161dc99cfc0d63,True,True,14,14,249.0801695,B3/结果/offline_logs/e12-risk-development-20260911T111939727609/27182824-E11.jsonl,,13390.611866650954,124,113,16,14,2,0,3487.122373,2678.1223733301913,620.0,113.0,70.0,6.0
27182824,T2,14,8,7,True,10,random,fixed_field,b369c84702db9adea03b9b590edffc86f0a63b4cdf7eff7853161dc99cfc0d63,True,True,14,14,239.08153314285713,B3/结果/offline_logs/e12-risk-development-20260911T111939727609/27182824-T2.jsonl,,12950.707319310372,116,104,15,14,1,0,3347.141464,2590.1414638620727,580.0,104.0,70.0,3.0
27182824,T4,14,8,7,True,10,random,fixed_field,b369c84702db9adea03b9b590edffc86f0a63b4cdf7eff7853161dc99cfc0d63,True,True,14,14,239.08153314285713,B3/结果/offline_logs/e12-risk-development-20260911T111939727609/27182824-T4.jsonl,,12950.707319310372,116,104,15,14,1,0,3347.141464,2590.1414638620727,580.0,104.0,70.0,3.0
27182824,T6,14,8,7,True,10,random,fixed_field,b369c84702db9adea03b9b590edffc86f0a63b4cdf7eff7853161dc99cfc0d63,True,True,14,14,239.08153314285713,B3/结果/offline_logs/e12-risk-development-20260911T111939727609/27182824-T6.jsonl,,12950.707319310372,116,104,15,14,1,0,3347.141464,2590.1414638620727,580.0,104.0,70.0,3.0
27182825,E11,15,8,6,False,40,random,fixed_field,9edfb707af752e80d97a64da0d5be93c0fea67b103cfd0b323b1fab0e3e9662a,True,True,15,15,246.8948606,B3/结果/offline_logs/e12-risk-development-20260911T111939727609/27182825-E11.jsonl,,14732.11454654701,115,101,17,15,2,0,3703.422909,2946.4229093094027,575.0,101.0,75.0,6.0
27182825,T2,15,8,7,True,25,random,fixed_field,9edfb707af752e80d97a64da0d5be93c0fea67b103cfd0b323b1fab0e3e9662a,True,True,15,15,234.36367786666668,B3/结果/offline_logs/e12-risk-development-20260911T111939727609/27182825-T2.jsonl,,13427.275838065221,127,111,18,15,3,0,3515.455168,2685.4551676130445,635.0,111.0,75.0,9.0
27182825,T4,15,8,7,True,25,random,fixed_field,9edfb707af752e80d97a64da0d5be93c0fea67b103cfd0b323b1fab0e3e9662a,True,True,15,15,234.36367786666668,B3/结果/offline_logs/e12-risk-development-20260911T111939727609/27182825-T4.jsonl,,13427.275838065221,127,111,18,15,3,0,3515.455168,2685.4551676130445,635.0,111.0,75.0,9.0
27182825,T6,15,8,7,True,25,random,fixed_field,9edfb707af752e80d97a64da0d5be93c0fea67b103cfd0b323b1fab0e3e9662a,True,True,15,15,234.36367786666668,B3/结果/offline_logs/e12-risk-development-20260911T111939727609/27182825-T6.jsonl,,13427.275838065221,127,111,18,15,3,0,3515.455168,2685.4551676130445,635.0,111.0,75.0,9.0
27182826,E11,16,7,6,False,25,random,fixed_field,a145e127382db1dccaf54508876c8b5f2c0ed18534627f41e9cb5b73a532ed94,True,True,16,16,225.5681108125,B3/结果/offline_logs/e12-risk-development-20260911T111939727609/27182826-E11.jsonl,,14080.448863729267,122,103,16,16,0,0,3609.089773,2816.0897727458537,610.0,103.0,80.0,0.0
27182826,T2,16,7,7,True,20,random,fixed_field,a145e127382db1dccaf54508876c8b5f2c0ed18534627f41e9cb5b73a532ed94,True,True,16,16,247.202603125,B3/结果/offline_logs/e12-risk-development-20260911T111939727609/27182826-T2.jsonl,,15756.208251254639,122,108,18,16,2,0,3955.24165,3151.2416502509286,610.0,108.0,80.0,6.0
27182826,T4,16,7,7,True,20,random,fixed_field,a145e127382db1dccaf54508876c8b5f2c0ed18534627f41e9cb5b73a532ed94,True,True,16,16,247.202603125,B3/结果/offline_logs/e12-risk-development-20260911T111939727609/27182826-T4.jsonl,,15756.208251254639,122,108,18,16,2,0,3955.24165,3151.2416502509286,610.0,108.0,80.0,6.0
27182826,T6,16,7,7,True,20,random,fixed_field,a145e127382db1dccaf54508876c8b5f2c0ed18534627f41e9cb5b73a532ed94,True,True,16,16,247.202603125,B3/结果/offline_logs/e12-risk-development-20260911T111939727609/27182826-T6.jsonl,,15756.208251254639,122,108,18,16,2,0,3955.24165,3151.2416502509286,610.0,108.0,80.0,6.0
27182827,E11,10,6,6,False,25,random,fixed_field,3d79b26943b6564f88f6b0c512ef4623b1d96792204e11222c0673abcfa922ac,True,True,10,10,323.16934299999997,B3/结果/offline_logs/e12-risk-development-20260911T111939727609/27182827-E11.jsonl,,12418.467151801042,116,112,12,10,2,0,3231.69343,2483.6934303602075,580.0,112.0,50.0,6.0
27182827,T2,10,6,7,True,25,random,fixed_field,3d79b26943b6564f88f6b0c512ef4623b1d96792204e11222c0673abcfa922ac,True,True,10,10,328.48456649999997,B3/结果/offline_logs/e12-risk-development-20260911T111939727609/27182827-T2.jsonl,,12014.228325980439,141,127,10,10,0,0,3284.845665,2402.845665196087,705.0,127.0,50.0,0.0
27182827,T4,10,6,7,True,25,random,fixed_field,3d79b26943b6564f88f6b0c512ef4623b1d96792204e11222c0673abcfa922ac,True,True,10,10,328.48456649999997,B3/结果/offline_logs/e12-risk-development-20260911T111939727609/27182827-T4.jsonl,,12014.228325980439,141,127,10,10,0,0,3284.845665,2402.845665196087,705.0,127.0,50.0,0.0
27182827,T6,10,6,7,True,25,random,fixed_field,3d79b26943b6564f88f6b0c512ef4623b1d96792204e11222c0673abcfa922ac,True,True,10,10,328.48456649999997,B3/结果/offline_logs/e12-risk-development-20260911T111939727609/27182827-T6.jsonl,,12014.228325980439,141,127,10,10,0,0,3284.845665,2402.845665196087,705.0,127.0,50.0,0.0
27182828,E11,11,6,6,False,35,random,fixed_field,5916b3f6aedc2c455701c2574f0bff0ba0cf75609db2125c17bfe3b1ad8385af,True,True,11,11,291.78257981818183,B3/结果/offline_logs/e12-risk-development-20260911T111939727609/27182828-E11.jsonl,,12213.041890094246,119,111,13,11,2,0,3209.608378,2442.60837801885,595.0,111.0,55.0,6.0
27182828,T2,11,6,7,True,40,random,fixed_field,5916b3f6aedc2c455701c2574f0bff0ba0cf75609db2125c17bfe3b1ad8385af,True,True,11,11,291.6878619090909,B3/结果/offline_logs/e12-risk-development-20260911T111939727609/27182828-T2.jsonl,,12142.83240674494,122,115,11,11,0,0,3208.566481,2428.5664813489875,610.0,115.0,55.0,0.0
27182828,T4,11,6,7,True,40,random,fixed_field,5916b3f6aedc2c455701c2574f0bff0ba0cf75609db2125c17bfe3b1ad8385af,True,True,11,11,291.6878619090909,B3/结果/offline_logs/e12-risk-development-20260911T111939727609/27182828-T4.jsonl,,12142.83240674494,122,115,11,11,0,0,3208.566481,2428.5664813489875,610.0,115.0,55.0,0.0
27182828,T6,11,6,7,True,40,random,fixed_field,5916b3f6aedc2c455701c2574f0bff0ba0cf75609db2125c17bfe3b1ad8385af,True,True,11,11,291.6878619090909,B3/结果/offline_logs/e12-risk-development-20260911T111939727609/27182828-T6.jsonl,,12142.83240674494,122,115,11,11,0,0,3208.566481,2428.5664813489875,610.0,115.0,55.0,0.0
27182829,E11,12,8,6,False,55,random,fixed_field,ba50002078fca68f23f91ddd597dcd6da1fe24fd98a2bb7dd69d1628b9554a0a,True,True,12,12,249.09020575,B3/结果/offline_logs/e12-risk-development-20260911T111939727609/27182829-E11.jsonl,,11500.41234321124,105,95,15,12,3,0,2989.082469,2300.0824686422475,525.0,95.0,60.0,9.0
27182829,T2,12,8,7,True,25,random,fixed_field,ba50002078fca68f23f91ddd597dcd6da1fe24fd98a2bb7dd69d1628b9554a0a,True,True,12,12,235.11551725,B3/结果/offline_logs/e12-risk-development-20260911T111939727609/27182829-T2.jsonl,,10061.931033332712,127,114,12,12,0,0,2821.386207,2012.3862066665422,635.0,114.0,60.0,0.0
27182829,T4,12,8,7,True,25,random,fixed_field,ba50002078fca68f23f91ddd597dcd6da1fe24fd98a2bb7dd69d1628b9554a0a,True,True,12,12,235.11551725,B3/结果/offline_logs/e12-risk-development-20260911T111939727609/27182829-T4.jsonl,,10061.931033332712,127,114,12,12,0,0,2821.386207,2012.3862066665422,635.0,114.0,60.0,0.0
27182829,T6,12,8,7,True,25,random,fixed_field,ba50002078fca68f23f91ddd597dcd6da1fe24fd98a2bb7dd69d1628b9554a0a,True,True,12,12,235.11551725,B3/结果/offline_logs/e12-risk-development-20260911T111939727609/27182829-T6.jsonl,,10061.931033332712,127,114,12,12,0,0,2821.386207,2012.3862066665422,635.0,114.0,60.0,0.0
27182830,E11,13,7,6,False,5,random,fixed_field,a6a575b265f1da733b51f5d5b702cbe633c656058a0c646ad0adb427409d0c31,True,True,13,13,267.34343184615386,B3/结果/offline_logs/e12-risk-development-20260911T111939727609/27182830-E11.jsonl,,13907.323068790673,105,95,16,13,3,0,3475.464614,2781.4646137581353,525.0,95.0,65.0,9.0
27182830,T2,13,7,7,True,0,random,fixed_field,a6a575b265f1da733b51f5d5b702cbe633c656058a0c646ad0adb427409d0c31,True,True,13,13,251.63292792307692,B3/结果/offline_logs/e12-risk-development-20260911T111939727609/27182830-T2.jsonl,,12351.140316101715,125,111,13,13,0,0,3271.228063,2470.228063220343,625.0,111.0,65.0,0.0
27182830,T4,13,7,7,True,0,random,fixed_field,a6a575b265f1da733b51f5d5b702cbe633c656058a0c646ad0adb427409d0c31,True,True,13,13,251.63292792307692,B3/结果/offline_logs/e12-risk-development-20260911T111939727609/27182830-T4.jsonl,,12351.140316101715,125,111,13,13,0,0,3271.228063,2470.228063220343,625.0,111.0,65.0,0.0
27182830,T6,13,7,7,True,0,random,fixed_field,a6a575b265f1da733b51f5d5b702cbe633c656058a0c646ad0adb427409d0c31,True,True,13,13,251.63292792307692,B3/结果/offline_logs/e12-risk-development-20260911T111939727609/27182830-T6.jsonl,,12351.140316101715,125,111,13,13,0,0,3271.228063,2470.228063220343,625.0,111.0,65.0,0.0
27182831,E11,14,7,6,False,40,random,fixed_field,3b8402edd53e8e683cf6040d9e4ce05acfab321a90c6cd49fc3f26f1eff7280a,True,True,14,14,268.4209763571429,B3/结果/offline_logs/e12-risk-development-20260911T111939727609/27182831-E11.jsonl,,15229.4683444175,107,98,17,14,3,0,3757.893669,3045.8936688835015,535.0,98.0,70.0,9.0
27182831,T2,14,7,7,True,20,random,fixed_field,3b8402edd53e8e683cf6040d9e4ce05acfab321a90c6cd49fc3f26f1eff7280a,True,True,14,14,255.2230964285714,B3/结果/offline_logs/e12-risk-development-20260911T111939727609/27182831-T2.jsonl,,13965.616749173932,119,112,15,14,1,0,3573.12335,2793.1233498347874,595.0,112.0,70.0,3.0
27182831,T4,14,7,7,True,20,random,fixed_field,3b8402edd53e8e683cf6040d9e4ce05acfab321a90c6cd49fc3f26f1eff7280a,True,True,14,14,255.2230964285714,B3/结果/offline_logs/e12-risk-development-20260911T111939727609/27182831-T4.jsonl,,13965.616749173932,119,112,15,14,1,0,3573.12335,2793.1233498347874,595.0,112.0,70.0,3.0
27182831,T6,14,7,7,True,20,random,fixed_field,3b8402edd53e8e683cf6040d9e4ce05acfab321a90c6cd49fc3f26f1eff7280a,True,True,14,14,255.2230964285714,B3/结果/offline_logs/e12-risk-development-20260911T111939727609/27182831-T6.jsonl,,13965.616749173932,119,112,15,14,1,0,3573.12335,2793.1233498347874,595.0,112.0,70.0,3.0
27182832,E11,15,8,6,False,30,random,fixed_field,dd21ecdbe88b76afa3e28101505ac29de43c4829b972a4249e0f7681bcb84ad0,True,True,15,15,227.5973088,B3/结果/offline_logs/e12-risk-development-20260911T111939727609/27182832-E11.jsonl,,12964.798159010119,126,113,16,15,1,0,3413.959632,2592.959631802024,630.0,113.0,75.0,3.0
27182832,T2,15,8,7,True,20,random,fixed_field,dd21ecdbe88b76afa3e28101505ac29de43c4829b972a4249e0f7681bcb84ad0,True,True,15,15,227.92643420000002,B3/结果/offline_logs/e12-risk-development-20260911T111939727609/27182832-T2.jsonl,,12829.482565333332,132,118,15,15,0,0,3418.896513,2565.896513066666,660.0,118.0,75.0,0.0
27182832,T4,15,8,7,True,20,random,fixed_field,dd21ecdbe88b76afa3e28101505ac29de43c4829b972a4249e0f7681bcb84ad0,True,True,15,15,227.92643420000002,B3/结果/offline_logs/e12-risk-development-20260911T111939727609/27182832-T4.jsonl,,12829.482565333332,132,118,15,15,0,0,3418.896513,2565.896513066666,660.0,118.0,75.0,0.0
27182832,T6,15,8,7,True,20,random,fixed_field,dd21ecdbe88b76afa3e28101505ac29de43c4829b972a4249e0f7681bcb84ad0,True,True,15,15,227.92643420000002,B3/结果/offline_logs/e12-risk-development-20260911T111939727609/27182832-T6.jsonl,,12829.482565333332,132,118,15,15,0,0,3418.896513,2565.896513066666,660.0,118.0,75.0,0.0
27182833,E11,16,7,6,False,10,random,fixed_field,58f8d5f4e3be5fc3b25078194ef7b31af867c96f73385e8e1edbdab2043ca4f3,True,True,16,16,256.2743508125,B3/结果/offline_logs/e12-risk-development-20260911T111939727609/27182833-E11.jsonl,,17086.948066929916,102,93,16,16,0,0,4100.389613,3417.389613385983,510.0,93.0,80.0,0.0
27182833,T2,16,7,7,True,5,random,fixed_field,58f8d5f4e3be5fc3b25078194ef7b31af867c96f73385e8e1edbdab2043ca4f3,True,True,16,16,258.0189794375,B3/结果/offline_logs/e12-risk-development-20260911T111939727609/27182833-T2.jsonl,,16976.518352967392,111,95,17,16,1,0,4128.303671,3395.303670593478,555.0,95.0,80.0,3.0
27182833,T4,16,7,7,True,5,random,fixed_field,58f8d5f4e3be5fc3b25078194ef7b31af867c96f73385e8e1edbdab2043ca4f3,True,True,16,16,258.0189794375,B3/结果/offline_logs/e12-risk-development-20260911T111939727609/27182833-T4.jsonl,,16976.518352967392,111,95,17,16,1,0,4128.303671,3395.303670593478,555.0,95.0,80.0,3.0
27182833,T6,16,7,7,True,5,random,fixed_field,58f8d5f4e3be5fc3b25078194ef7b31af867c96f73385e8e1edbdab2043ca4f3,True,True,16,16,258.0189794375,B3/结果/offline_logs/e12-risk-development-20260911T111939727609/27182833-T6.jsonl,,16976.518352967392,111,95,17,16,1,0,4128.303671,3395.303670593478,555.0,95.0,80.0,3.0
27182834,E11,10,4,6,False,45,random,fixed_field,b2ccf40c85bd312a8adfd2443460eed515657bdd805d1eebd1c5b3aa32a1dda6,True,True,10,10,354.2189918,B3/结果/offline_logs/e12-risk-development-20260911T111939727609/27182834-E11.jsonl,,13635.949592392895,128,122,11,10,1,0,3542.189918,2727.1899184785784,640.0,122.0,50.0,3.0
27182834,T2,10,4,7,True,45,random,fixed_field,b2ccf40c85bd312a8adfd2443460eed515657bdd805d1eebd1c5b3aa32a1dda6,True,True,10,10,339.49673939999997,B3/结果/offline_logs/e12-risk-development-20260911T111939727609/27182834-T2.jsonl,,12779.836972306291,133,121,11,10,1,0,3394.967394,2555.967394461257,665.0,121.0,50.0,3.0
27182834,T4,10,4,7,True,45,random,fixed_field,b2ccf40c85bd312a8adfd2443460eed515657bdd805d1eebd1c5b3aa32a1dda6,True,True,10,10,339.49673939999997,B3/结果/offline_logs/e12-risk-development-20260911T111939727609/27182834-T4.jsonl,,12779.836972306291,133,121,11,10,1,0,3394.967394,2555.967394461257,665.0,121.0,50.0,3.0
27182834,T6,10,4,6,True,45,random,fixed_field,b2ccf40c85bd312a8adfd2443460eed515657bdd805d1eebd1c5b3aa32a1dda6,True,True,10,10,354.2189918,B3/结果/offline_logs/e12-risk-development-20260911T111939727609/27182834-T6.jsonl,,13635.949592392895,128,122,11,10,1,0,3542.189918,2727.1899184785784,640.0,122.0,50.0,3.0
27182835,E11,11,4,6,False,10,random,fixed_field,6e4d52cede8727d2292fd8f6de3e5dbf5ad36036cfc2e637d8a3157aedf45cd3,True,True,11,11,317.27892245454547,B3/结果/offline_logs/e12-risk-development-20260911T111939727609/27182835-E11.jsonl,,13570.340736630706,121,110,13,11,2,0,3490.068147,2714.068147326142,605.0,110.0,55.0,6.0
27182835,T2,11,4,7,True,30,random,fixed_field,6e4d52cede8727d2292fd8f6de3e5dbf5ad36036cfc2e637d8a3157aedf45cd3,True,True,11,11,308.7582561818182,B3/结果/offline_logs/e12-risk-development-20260911T111939727609/27182835-T2.jsonl,,12646.704092474352,135,131,13,11,2,0,3396.340818,2529.3408184948703,675.0,131.0,55.0,6.0
27182835,T4,11,4,7,True,30,random,fixed_field,6e4d52cede8727d2292fd8f6de3e5dbf5ad36036cfc2e637d8a3157aedf45cd3,True,True,11,11,308.7582561818182,B3/结果/offline_logs/e12-risk-development-20260911T111939727609/27182835-T4.jsonl,,12646.704092474352,135,131,13,11,2,0,3396.340818,2529.3408184948703,675.0,131.0,55.0,6.0
27182835,T6,11,4,6,True,10,random,fixed_field,6e4d52cede8727d2292fd8f6de3e5dbf5ad36036cfc2e637d8a3157aedf45cd3,True,True,11,11,317.27892245454547,B3/结果/offline_logs/e12-risk-development-20260911T111939727609/27182835-T6.jsonl,,13570.340736630706,121,110,13,11,2,0,3490.068147,2714.068147326142,605.0,110.0,55.0,6.0
27182836,E11,12,9,6,False,0,random,fixed_field,c0d13ec870bb34e954300349b92b1331ebd4d95c3931b2838b857b71e7f046be,True,True,12,12,249.18926825000003,B3/结果/offline_logs/e12-risk-development-20260911T111939727609/27182836-E11.jsonl,,11186.356094283476,117,102,14,12,2,0,2990.271219,2237.2712188566948,585.0,102.0,60.0,6.0
27182836,T2,12,9,7,True,40,random,fixed_field,c0d13ec870bb34e954300349b92b1331ebd4d95c3931b2838b857b71e7f046be,True,True,12,12,245.52703908333334,B3/结果/offline_logs/e12-risk-development-20260911T111939727609/27182836-T2.jsonl,,10736.622347056622,124,116,13,12,1,0,2946.324469,2147.3244694113246,620.0,116.0,60.0,3.0
27182836,T4,12,9,7,True,40,random,fixed_field,c0d13ec870bb34e954300349b92b1331ebd4d95c3931b2838b857b71e7f046be,True,True,12,12,245.52703908333334,B3/结果/offline_logs/e12-risk-development-20260911T111939727609/27182836-T4.jsonl,,10736.622347056622,124,116,13,12,1,0,2946.324469,2147.3244694113246,620.0,116.0,60.0,3.0
27182836,T6,12,9,7,True,40,random,fixed_field,c0d13ec870bb34e954300349b92b1331ebd4d95c3931b2838b857b71e7f046be,True,True,12,12,245.52703908333334,B3/结果/offline_logs/e12-risk-development-20260911T111939727609/27182836-T6.jsonl,,10736.622347056622,124,116,13,12,1,0,2946.324469,2147.3244694113246,620.0,116.0,60.0,3.0
27182837,E11,13,7,6,False,50,random,fixed_field,ae56e1acfbcab4926ea173f1bc86dc4c750802ff7b508209f839256cef22c681,True,True,13,13,261.7853286923077,B3/结果/offline_logs/e12-risk-development-20260911T111939727609/27182837-E11.jsonl,,13326.046367309018,113,102,15,13,2,0,3403.209273,2665.2092734618027,565.0,102.0,65.0,6.0
27182837,T2,13,7,7,True,15,random,fixed_field,ae56e1acfbcab4926ea173f1bc86dc4c750802ff7b508209f839256cef22c681,True,True,13,13,260.2230846153846,B3/结果/offline_logs/e12-risk-development-20260911T111939727609/27182837-T2.jsonl,,12469.50049965536,139,120,16,13,3,0,3382.9001,2493.900099931071,695.0,120.0,65.0,9.0
27182837,T4,13,7,7,True,15,random,fixed_field,ae56e1acfbcab4926ea173f1bc86dc4c750802ff7b508209f839256cef22c681,True,True,13,13,260.2230846153846,B3/结果/offline_logs/e12-risk-development-20260911T111939727609/27182837-T4.jsonl,,12469.50049965536,139,120,16,13,3,0,3382.9001,2493.900099931071,695.0,120.0,65.0,9.0
27182837,T6,13,7,7,True,15,random,fixed_field,ae56e1acfbcab4926ea173f1bc86dc4c750802ff7b508209f839256cef22c681,True,True,13,13,260.2230846153846,B3/结果/offline_logs/e12-risk-development-20260911T111939727609/27182837-T6.jsonl,,12469.50049965536,139,120,16,13,3,0,3382.9001,2493.900099931071,695.0,120.0,65.0,9.0
27182838,E11,14,7,6,False,50,random,fixed_field,f0886dff767fb627465daf63a1ff7541a01d2c61f53a95e6ddf15fa785917c6f,True,True,14,14,290.2305042142857,B3/结果/offline_logs/e12-risk-development-20260911T111939727609/27182838-E11.jsonl,,16546.135293638297,117,99,14,14,0,0,4063.227059,3309.22705872766,585.0,99.0,70.0,0.0
27182838,T2,14,7,7,True,15,random,fixed_field,f0886dff767fb627465daf63a1ff7541a01d2c61f53a95e6ddf15fa785917c6f,True,True,14,14,254.23583542857142,B3/结果/offline_logs/e12-risk-development-20260911T111939727609/27182838-T2.jsonl,,14056.508478107733,116,95,15,14,1,0,3559.301696,2811.301695621548,580.0,95.0,70.0,3.0
27182838,T4,14,7,7,True,15,random,fixed_field,f0886dff767fb627465daf63a1ff7541a01d2c61f53a95e6ddf15fa785917c6f,True,True,14,14,254.23583542857142,B3/结果/offline_logs/e12-risk-development-20260911T111939727609/27182838-T4.jsonl,,14056.508478107733,116,95,15,14,1,0,3559.301696,2811.301695621548,580.0,95.0,70.0,3.0
27182838,T6,14,7,7,True,15,random,fixed_field,f0886dff767fb627465daf63a1ff7541a01d2c61f53a95e6ddf15fa785917c6f,True,True,14,14,254.23583542857142,B3/结果/offline_logs/e12-risk-development-20260911T111939727609/27182838-T6.jsonl,,14056.508478107733,116,95,15,14,1,0,3559.301696,2811.301695621548,580.0,95.0,70.0,3.0
27182839,E11,15,8,6,False,50,random,fixed_field,a5347f29fe2b7bfacf26446ffee1be555a0f48d0be9b90336d2390386c1dc050,True,True,15,15,221.99903913333335,B3/结果/offline_logs/e12-risk-development-20260911T111939727609/27182839-E11.jsonl,,12929.927933275763,113,95,18,15,3,0,3329.985587,2585.9855866551534,565.0,95.0,75.0,9.0
27182839,T2,15,8,7,True,45,random,fixed_field,a5347f29fe2b7bfacf26446ffee1be555a0f48d0be9b90336d2390386c1dc050,True,True,15,15,222.75564626666667,B3/结果/offline_logs/e12-risk-development-20260911T111939727609/27182839-T2.jsonl,,13001.673468364726,112,103,16,15,1,0,3341.334694,2600.334693672946,560.0,103.0,75.0,3.0
27182839,T4,15,8,7,True,45,random,fixed_field,a5347f29fe2b7bfacf26446ffee1be555a0f48d0be9b90336d2390386c1dc050,True,True,15,15,222.75564626666667,B3/结果/offline_logs/e12-risk-development-20260911T111939727609/27182839-T4.jsonl,,13001.673468364726,112,103,16,15,1,0,3341.334694,2600.334693672946,560.0,103.0,75.0,3.0
27182839,T6,15,8,7,True,45,random,fixed_field,a5347f29fe2b7bfacf26446ffee1be555a0f48d0be9b90336d2390386c1dc050,True,True,15,15,222.75564626666667,B3/结果/offline_logs/e12-risk-development-20260911T111939727609/27182839-T6.jsonl,,13001.673468364726,112,103,16,15,1,0,3341.334694,2600.334693672946,560.0,103.0,75.0,3.0
27182840,E11,16,12,6,False,5,random,fixed_field,3dd3f93bff29a08893eb4bfdff135b40aa525b1c9099086d783f88c179968888,True,True,16,16,175.6063470625,B3/结果/offline_logs/e12-risk-development-20260911T111939727609/27182840-E11.jsonl,,11018.50776659329,88,77,19,16,3,0,2809.701553,2203.7015533186577,440.0,77.0,80.0,9.0
27182840,T2,16,12,7,True,30,random,fixed_field,3dd3f93bff29a08893eb4bfdff135b40aa525b1c9099086d783f88c179968888,True,True,16,16,183.3390356875,B3/结果/offline_logs/e12-risk-development-20260911T111939727609/27182840-T2.jsonl,,10582.12285524112,122,112,21,16,5,0,2933.424571,2116.4245710482237,610.0,112.0,80.0,15.0
27182840,T4,16,12,7,True,30,random,fixed_field,3dd3f93bff29a08893eb4bfdff135b40aa525b1c9099086d783f88c179968888,True,True,16,16,183.3390356875,B3/结果/offline_logs/e12-risk-development-20260911T111939727609/27182840-T4.jsonl,,10582.12285524112,122,112,21,16,5,0,2933.424571,2116.4245710482237,610.0,112.0,80.0,15.0
27182840,T6,16,12,7,True,30,random,fixed_field,3dd3f93bff29a08893eb4bfdff135b40aa525b1c9099086d783f88c179968888,True,True,16,16,183.3390356875,B3/结果/offline_logs/e12-risk-development-20260911T111939727609/27182840-T6.jsonl,,10582.12285524112,122,112,21,16,5,0,2933.424571,2116.4245710482237,610.0,112.0,80.0,15.0
27182841,E11,10,8,6,False,50,random,fixed_field,12224418f00b12b1dc6ad018580ac2468ae8c811ea56070d96389a0805d6df80,True,True,10,10,290.2321047,B3/结果/offline_logs/e12-risk-development-20260911T111939727609/27182841-E11.jsonl,,11036.605235478006,109,100,10,10,0,0,2902.321047,2207.321047095601,545.0,100.0,50.0,0.0
27182841,T2,10,8,7,True,45,random,fixed_field,12224418f00b12b1dc6ad018580ac2468ae8c811ea56070d96389a0805d6df80,True,True,10,10,274.5297301,B3/结果/offline_logs/e12-risk-development-20260911T111939727609/27182841-T2.jsonl,,9461.486503946964,135,125,11,10,1,0,2745.297301,1892.2973007893925,675.0,125.0,50.0,3.0
27182841,T4,10,8,7,True,45,random,fixed_field,12224418f00b12b1dc6ad018580ac2468ae8c811ea56070d96389a0805d6df80,True,True,10,10,274.5297301,B3/结果/offline_logs/e12-risk-development-20260911T111939727609/27182841-T4.jsonl,,9461.486503946964,135,125,11,10,1,0,2745.297301,1892.2973007893925,675.0,125.0,50.0,3.0
27182841,T6,10,8,7,True,45,random,fixed_field,12224418f00b12b1dc6ad018580ac2468ae8c811ea56070d96389a0805d6df80,True,True,10,10,274.5297301,B3/结果/offline_logs/e12-risk-development-20260911T111939727609/27182841-T6.jsonl,,9461.486503946964,135,125,11,10,1,0,2745.297301,1892.2973007893925,675.0,125.0,50.0,3.0
27182842,E11,11,6,6,False,5,random,fixed_field,5ee8cb0bf70b25962847a78dc4365008e70373e9e0550d9bf69ed3803623cacb,True,True,11,11,320.26592472727276,B3/结果/offline_logs/e12-risk-development-20260911T111939727609/27182842-E11.jsonl,,14009.625858703814,110,107,14,11,3,0,3522.925172,2801.925171740762,550.0,107.0,55.0,9.0
27182842,T2,11,6,7,True,40,random,fixed_field,5ee8cb0bf70b25962847a78dc4365008e70373e9e0550d9bf69ed3803623cacb,True,True,11,11,292.5274169090909,B3/结果/offline_logs/e12-risk-development-20260911T111939727609/27182842-T2.jsonl,,11924.007930057109,131,120,12,11,1,0,3217.801586,2384.801586011421,655.0,120.0,55.0,3.0
27182842,T4,11,6,7,True,40,random,fixed_field,5ee8cb0bf70b25962847a78dc4365008e70373e9e0550d9bf69ed3803623cacb,True,True,11,11,292.5274169090909,B3/结果/offline_logs/e12-risk-development-20260911T111939727609/27182842-T4.jsonl,,11924.007930057109,131,120,12,11,1,0,3217.801586,2384.801586011421,655.0,120.0,55.0,3.0
27182842,T6,11,6,7,True,40,random,fixed_field,5ee8cb0bf70b25962847a78dc4365008e70373e9e0550d9bf69ed3803623cacb,True,True,11,11,292.5274169090909,B3/结果/offline_logs/e12-risk-development-20260911T111939727609/27182842-T6.jsonl,,11924.007930057109,131,120,12,11,1,0,3217.801586,2384.801586011421,655.0,120.0,55.0,3.0
27182843,E11,12,6,6,False,5,random,fixed_field,c7f4350a5e0c10c59bdb559cdafec73bc7d479e64e32a1e1b8bf6a283da7b4b7,True,True,12,12,264.7111935,B3/结果/offline_logs/e12-risk-development-20260911T111939727609/27182843-E11.jsonl,,12057.671608135543,119,107,13,12,1,0,3176.534322,2411.534321627109,595.0,107.0,60.0,3.0
27182843,T2,12,6,7,True,40,random,fixed_field,c7f4350a5e0c10c59bdb559cdafec73bc7d479e64e32a1e1b8bf6a283da7b4b7,True,True,12,12,278.83947608333335,B3/结果/offline_logs/e12-risk-development-20260911T111939727609/27182843-T2.jsonl,,12925.368564443495,117,104,16,12,4,0,3346.073713,2585.0737128886994,585.0,104.0,60.0,12.0
27182843,T4,12,6,7,True,40,random,fixed_field,c7f4350a5e0c10c59bdb559cdafec73bc7d479e64e32a1e1b8bf6a283da7b4b7,True,True,12,12,278.83947608333335,B3/结果/offline_logs/e12-risk-development-20260911T111939727609/27182843-T4.jsonl,,12925.368564443495,117,104,16,12,4,0,3346.073713,2585.0737128886994,585.0,104.0,60.0,12.0
27182843,T6,12,6,7,True,40,random,fixed_field,c7f4350a5e0c10c59bdb559cdafec73bc7d479e64e32a1e1b8bf6a283da7b4b7,True,True,12,12,278.83947608333335,B3/结果/offline_logs/e12-risk-development-20260911T111939727609/27182843-T6.jsonl,,12925.368564443495,117,104,16,12,4,0,3346.073713,2585.0737128886994,585.0,104.0,60.0,12.0
27182844,E11,13,4,6,False,10,random,fixed_field,5afc7e8e717b997e5eb327e8266277f1ed47968faa83778f5bb2a52419db9e8c,True,True,13,13,325.4840998461538,B3/结果/offline_logs/e12-risk-development-20260911T111939727609/27182844-E11.jsonl,,17021.466488483547,128,122,13,13,0,0,4231.293298,3404.2932976967095,640.0,122.0,65.0,0.0
27182844,T2,13,4,7,True,35,random,fixed_field,5afc7e8e717b997e5eb327e8266277f1ed47968faa83778f5bb2a52419db9e8c,True,True,13,13,294.4666683846154,B3/结果/offline_logs/e12-risk-development-20260911T111939727609/27182844-T2.jsonl,,14615.333445283237,140,125,18,13,5,0,3828.066689,2923.066689056647,700.0,125.0,65.0,15.0
27182844,T4,13,4,7,True,35,random,fixed_field,5afc7e8e717b997e5eb327e8266277f1ed47968faa83778f5bb2a52419db9e8c,True,True,13,13,294.4666683846154,B3/结果/offline_logs/e12-risk-development-20260911T111939727609/27182844-T4.jsonl,,14615.333445283237,140,125,18,13,5,0,3828.066689,2923.066689056647,700.0,125.0,65.0,15.0
27182844,T6,13,4,6,True,10,random,fixed_field,5afc7e8e717b997e5eb327e8266277f1ed47968faa83778f5bb2a52419db9e8c,True,True,13,13,325.4840998461538,B3/结果/offline_logs/e12-risk-development-20260911T111939727609/27182844-T6.jsonl,,17021.466488483547,128,122,13,13,0,0,4231.293298,3404.2932976967095,640.0,122.0,65.0,0.0
27182845,E11,14,10,6,False,25,random,fixed_field,87e0848eb4adb40e1b148aa8d82e640c110c79dc360cc1e75b4b8ffbfb0471ac,True,True,14,14,195.82910807142858,B3/结果/offline_logs/e12-risk-development-20260911T111939727609/27182845-E11.jsonl,,9943.037567417574,115,105,15,14,1,0,2741.607513,1988.6075134835148,575.0,105.0,70.0,3.0
27182845,T2,14,10,7,True,0,random,fixed_field,87e0848eb4adb40e1b148aa8d82e640c110c79dc360cc1e75b4b8ffbfb0471ac,True,True,14,14,206.72391457142857,B3/结果/offline_logs/e12-risk-development-20260911T111939727609/27182845-T2.jsonl,,10945.674019470356,106,99,16,14,2,0,2894.134804,2189.134803894071,530.0,99.0,70.0,6.0
27182845,T4,14,10,7,True,0,random,fixed_field,87e0848eb4adb40e1b148aa8d82e640c110c79dc360cc1e75b4b8ffbfb0471ac,True,True,14,14,206.72391457142857,B3/结果/offline_logs/e12-risk-development-20260911T111939727609/27182845-T4.jsonl,,10945.674019470356,106,99,16,14,2,0,2894.134804,2189.134803894071,530.0,99.0,70.0,6.0
27182845,T6,14,10,7,True,0,random,fixed_field,87e0848eb4adb40e1b148aa8d82e640c110c79dc360cc1e75b4b8ffbfb0471ac,True,True,14,14,206.72391457142857,B3/结果/offline_logs/e12-risk-development-20260911T111939727609/27182845-T6.jsonl,,10945.674019470356,106,99,16,14,2,0,2894.134804,2189.134803894071,530.0,99.0,70.0,6.0
27182846,E11,15,9,6,False,20,random,fixed_field,3e19213465d312364d223e29f533d9efc5cbd8f78d001df118c3e4967cd7901e,True,True,15,15,224.53248326666665,B3/结果/offline_logs/e12-risk-development-20260911T111939727609/27182846-E11.jsonl,,12994.936243553853,117,109,15,15,0,0,3367.987249,2598.9872487107705,585.0,109.0,75.0,0.0
27182846,T2,15,9,7,True,40,random,fixed_field,3e19213465d312364d223e29f533d9efc5cbd8f78d001df118c3e4967cd7901e,True,True,15,15,243.91926606666667,B3/结果/offline_logs/e12-risk-development-20260911T111939727609/27182846-T2.jsonl,,13973.944954712024,133,115,18,15,3,0,3658.788991,2794.788990942403,665.0,115.0,75.0,9.0
27182846,T4,15,9,7,True,40,random,fixed_field,3e19213465d312364d223e29f533d9efc5cbd8f78d001df118c3e4967cd7901e,True,True,15,15,243.91926606666667,B3/结果/offline_logs/e12-risk-development-20260911T111939727609/27182846-T4.jsonl,,13973.944954712024,133,115,18,15,3,0,3658.788991,2794.788990942403,665.0,115.0,75.0,9.0
27182846,T6,15,9,7,True,40,random,fixed_field,3e19213465d312364d223e29f533d9efc5cbd8f78d001df118c3e4967cd7901e,True,True,15,15,243.91926606666667,B3/结果/offline_logs/e12-risk-development-20260911T111939727609/27182846-T6.jsonl,,13973.944954712024,133,115,18,15,3,0,3658.788991,2794.788990942403,665.0,115.0,75.0,9.0
27182847,E11,16,5,6,False,10,random,fixed_field,798e2fd59a0ec026f3d05bf2c2688c0f818577c063bc616ce14a4c65d3cae9be,True,True,16,16,232.485686875,B3/结果/offline_logs/e12-risk-development-20260911T111939727609/27182847-E11.jsonl,,14838.854951520962,114,102,16,16,0,0,3719.77099,2967.770990304192,570.0,102.0,80.0,0.0
27182847,T2,16,5,7,True,20,random,fixed_field,798e2fd59a0ec026f3d05bf2c2688c0f818577c063bc616ce14a4c65d3cae9be,True,True,16,16,228.0014375625,B3/结果/offline_logs/e12-risk-development-20260911T111939727609/27182847-T2.jsonl,,14570.11500686807,110,92,20,16,4,0,3648.023001,2914.023001373614,550.0,92.0,80.0,12.0
27182847,T4,16,5,7,True,20,random,fixed_field,798e2fd59a0ec026f3d05bf2c2688c0f818577c063bc616ce14a4c65d3cae9be,True,True,16,16,228.0014375625,B3/结果/offline_logs/e12-risk-development-20260911T111939727609/27182847-T4.jsonl,,14570.11500686807,110,92,20,16,4,0,3648.023001,2914.023001373614,550.0,92.0,80.0,12.0
27182847,T6,16,5,6,True,10,random,fixed_field,798e2fd59a0ec026f3d05bf2c2688c0f818577c063bc616ce14a4c65d3cae9be,True,True,16,16,232.485686875,B3/结果/offline_logs/e12-risk-development-20260911T111939727609/27182847-T6.jsonl,,14838.854951520962,114,102,16,16,0,0,3719.77099,2967.770990304192,570.0,102.0,80.0,0.0
27182848,E11,10,2,6,False,45,random,fixed_field,611ee7219122b027182a75582587718ba851d460f07153cb5e33e5adb9c14972,True,True,10,10,294.73800489999996,B3/结果/offline_logs/e12-risk-development-20260911T111939727609/27182848-E11.jsonl,,10731.90024616258,127,113,11,10,1,0,2947.380049,2146.3800492325167,635.0,113.0,50.0,3.0
27182848,T2,10,2,7,True,45,random,fixed_field,611ee7219122b027182a75582587718ba851d460f07153cb5e33e5adb9c14972,True,True,10,10,338.1860598,B3/结果/offline_logs/e12-risk-development-20260911T111939727609/27182848-T2.jsonl,,12444.302990944478,140,131,14,10,4,0,3381.860598,2488.8605981888954,700.0,131.0,50.0,12.0
27182848,T4,10,2,6,True,45,random,fixed_field,611ee7219122b027182a75582587718ba851d460f07153cb5e33e5adb9c14972,True,True,10,10,294.73800489999996,B3/结果/offline_logs/e12-risk-development-20260911T111939727609/27182848-T4.jsonl,,10731.90024616258,127,113,11,10,1,0,2947.380049,2146.3800492325167,635.0,113.0,50.0,3.0
27182848,T6,10,2,6,True,45,random,fixed_field,611ee7219122b027182a75582587718ba851d460f07153cb5e33e5adb9c14972,True,True,10,10,294.73800489999996,B3/结果/offline_logs/e12-risk-development-20260911T111939727609/27182848-T6.jsonl,,10731.90024616258,127,113,11,10,1,0,2947.380049,2146.3800492325167,635.0,113.0,50.0,3.0
27182849,E11,11,8,6,False,45,random,fixed_field,f9a7d5044363351c8651f4f4cef7085c4037036295e3c700c2dfa309dd96340a,True,True,11,11,243.37885854545456,B3/结果/offline_logs/e12-risk-development-20260911T111939727609/27182849-E11.jsonl,,9690.83721900073,115,103,13,11,2,0,2677.167444,1938.1674438001455,575.0,103.0,55.0,6.0
27182849,T2,11,8,7,True,40,random,fixed_field,f9a7d5044363351c8651f4f4cef7085c4037036295e3c700c2dfa309dd96340a,True,True,11,11,252.9454150909091,B3/结果/offline_logs/e12-risk-development-20260911T111939727609/27182849-T2.jsonl,,9851.997828174986,128,117,11,11,0,0,2782.399566,1970.3995656349966,640.0,117.0,55.0,0.0
27182849,T4,11,8,7,True,40,random,fixed_field,f9a7d5044363351c8651f4f4cef7085c4037036295e3c700c2dfa309dd96340a,True,True,11,11,252.9454150909091,B3/结果/offline_logs/e12-risk-development-20260911T111939727609/27182849-T4.jsonl,,9851.997828174986,128,117,11,11,0,0,2782.399566,1970.3995656349966,640.0,117.0,55.0,0.0
27182849,T6,11,8,7,True,40,random,fixed_field,f9a7d5044363351c8651f4f4cef7085c4037036295e3c700c2dfa309dd96340a,True,True,11,11,252.9454150909091,B3/结果/offline_logs/e12-risk-development-20260911T111939727609/27182849-T6.jsonl,,9851.997828174986,128,117,11,11,0,0,2782.399566,1970.3995656349966,640.0,117.0,55.0,0.0
27182850,E11,12,3,6,False,5,random,fixed_field,00c0a56b6903315f9584cd89b2027aa80eb511c9f9a2d42e0a36c6b6f99a48ba,True,True,12,12,289.31717483333335,B3/结果/offline_logs/e12-risk-development-20260911T111939727609/27182850-E11.jsonl,,13294.030488676006,126,117,14,12,2,0,3471.806098,2658.8060977352015,630.0,117.0,60.0,6.0
27182850,T2,12,3,7,True,30,random,fixed_field,00c0a56b6903315f9584cd89b2027aa80eb511c9f9a2d42e0a36c6b6f99a48ba,True,True,12,12,272.91563275,B3/结果/offline_logs/e12-risk-development-20260911T111939727609/27182850-T2.jsonl,,12154.937964834588,131,123,14,12,2,0,3274.987593,2430.987592966917,655.0,123.0,60.0,6.0
27182850,T4,12,3,6,True,5,random,fixed_field,00c0a56b6903315f9584cd89b2027aa80eb511c9f9a2d42e0a36c6b6f99a48ba,True,True,12,12,289.31717483333335,B3/结果/offline_logs/e12-risk-development-20260911T111939727609/27182850-T4.jsonl,,13294.030488676006,126,117,14,12,2,0,3471.806098,2658.8060977352015,630.0,117.0,60.0,6.0
27182850,T6,12,3,6,True,5,random,fixed_field,00c0a56b6903315f9584cd89b2027aa80eb511c9f9a2d42e0a36c6b6f99a48ba,True,True,12,12,289.31717483333335,B3/结果/offline_logs/e12-risk-development-20260911T111939727609/27182850-T6.jsonl,,13294.030488676006,126,117,14,12,2,0,3471.806098,2658.8060977352015,630.0,117.0,60.0,6.0
27182851,E11,13,6,6,False,20,random,fixed_field,2861a06132322bd3417733d6c3f6c6219a5d16651a5452e1e31d138d3de1c10c,True,True,13,13,277.0194715384615,B3/结果/offline_logs/e12-risk-development-20260911T111939727609/27182851-E11.jsonl,,13696.265650460195,133,126,15,13,2,0,3601.25313,2739.2531300920396,665.0,126.0,65.0,6.0
27182851,T2,13,6,7,True,10,random,fixed_field,2861a06132322bd3417733d6c3f6c6219a5d16651a5452e1e31d138d3de1c10c,True,True,13,13,253.30195646153848,B3/结果/offline_logs/e12-risk-development-20260911T111939727609/27182851-T2.jsonl,,12244.627168029447,131,118,15,13,2,0,3292.925434,2448.92543360589,655.0,118.0,65.0,6.0
27182851,T4,13,6,7,True,10,random,fixed_field,2861a06132322bd3417733d6c3f6c6219a5d16651a5452e1e31d138d3de1c10c,True,True,13,13,253.30195646153848,B3/结果/offline_logs/e12-risk-development-20260911T111939727609/27182851-T4.jsonl,,12244.627168029447,131,118,15,13,2,0,3292.925434,2448.92543360589,655.0,118.0,65.0,6.0
27182851,T6,13,6,7,True,10,random,fixed_field,2861a06132322bd3417733d6c3f6c6219a5d16651a5452e1e31d138d3de1c10c,True,True,13,13,253.30195646153848,B3/结果/offline_logs/e12-risk-development-20260911T111939727609/27182851-T6.jsonl,,12244.627168029447,131,118,15,13,2,0,3292.925434,2448.92543360589,655.0,118.0,65.0,6.0
27182852,E11,14,6,6,False,55,random,fixed_field,346cde0c2ef492db165136b0d767cad7a8fc8f6db9b597e500e4c77c4618f7f4,True,True,14,14,255.73694821428572,B3/结果/offline_logs/e12-risk-development-20260911T111939727609/27182852-E11.jsonl,,13971.586372702472,121,105,16,14,2,0,3580.317275,2794.3172745404945,605.0,105.0,70.0,6.0
27182852,T2,14,6,7,True,25,random,fixed_field,346cde0c2ef492db165136b0d767cad7a8fc8f6db9b597e500e4c77c4618f7f4,True,True,14,14,236.16026057142858,B3/结果/offline_logs/e12-risk-development-20260911T111939727609/27182852-T2.jsonl,,12341.218239566755,129,120,15,14,1,0,3306.243648,2468.243647913351,645.0,120.0,70.0,3.0
27182852,T4,14,6,7,True,25,random,fixed_field,346cde0c2ef492db165136b0d767cad7a8fc8f6db9b597e500e4c77c4618f7f4,True,True,14,14,236.16026057142858,B3/结果/offline_logs/e12-risk-development-20260911T111939727609/27182852-T4.jsonl,,12341.218239566755,129,120,15,14,1,0,3306.243648,2468.243647913351,645.0,120.0,70.0,3.0
27182852,T6,14,6,7,True,25,random,fixed_field,346cde0c2ef492db165136b0d767cad7a8fc8f6db9b597e500e4c77c4618f7f4,True,True,14,14,236.16026057142858,B3/结果/offline_logs/e12-risk-development-20260911T111939727609/27182852-T6.jsonl,,12341.218239566755,129,120,15,14,1,0,3306.243648,2468.243647913351,645.0,120.0,70.0,3.0
27182853,E11,15,3,6,False,20,random,fixed_field,1d922f20ddee55ec25a3b67b4d8f5b3a95a0ac8c835050b158484a12e1930338,True,True,15,15,272.30326713333335,B3/结果/offline_logs/e12-risk-development-20260911T111939727609/27182853-E11.jsonl,,16407.74503493308,122,112,17,15,2,0,4084.549007,3281.5490069866173,610.0,112.0,75.0,6.0
27182853,T2,15,3,7,True,50,random,fixed_field,1d922f20ddee55ec25a3b67b4d8f5b3a95a0ac8c835050b158484a12e1930338,True,True,15,15,283.48726446666666,B3/结果/offline_logs/e12-risk-development-20260911T111939727609/27182853-T2.jsonl,,17181.544834483462,125,110,17,15,2,0,4252.308967,3436.3089668966936,625.0,110.0,75.0,6.0
27182853,T4,15,3,6,True,20,random,fixed_field,1d922f20ddee55ec25a3b67b4d8f5b3a95a0ac8c835050b158484a12e1930338,True,True,15,15,272.30326713333335,B3/结果/offline_logs/e12-risk-development-20260911T111939727609/27182853-T4.jsonl,,16407.74503493308,122,112,17,15,2,0,4084.549007,3281.5490069866173,610.0,112.0,75.0,6.0
27182853,T6,15,3,6,True,20,random,fixed_field,1d922f20ddee55ec25a3b67b4d8f5b3a95a0ac8c835050b158484a12e1930338,True,True,15,15,272.30326713333335,B3/结果/offline_logs/e12-risk-development-20260911T111939727609/27182853-T6.jsonl,,16407.74503493308,122,112,17,15,2,0,4084.549007,3281.5490069866173,610.0,112.0,75.0,6.0
27182854,E11,16,7,6,False,10,random,fixed_field,6c24890f12da7fe2fc5946fbf5d36e6903a3be78cf0f6ad089fe7bc0369fcbcf,True,True,16,16,224.152156625,B3/结果/offline_logs/e12-risk-development-20260911T111939727609/27182854-E11.jsonl,,13927.17253101808,123,106,16,16,0,0,3586.434506,2785.4345062036145,615.0,106.0,80.0,0.0
27182854,T2,16,7,7,True,45,random,fixed_field,6c24890f12da7fe2fc5946fbf5d36e6903a3be78cf0f6ad089fe7bc0369fcbcf,True,True,16,16,234.892049125,B3/结果/offline_logs/e12-risk-development-20260911T111939727609/27182854-T2.jsonl,,14336.363929776018,137,117,19,16,3,0,3758.272786,2867.272785955203,685.0,117.0,80.0,9.0
27182854,T4,16,7,7,True,45,random,fixed_field,6c24890f12da7fe2fc5946fbf5d36e6903a3be78cf0f6ad089fe7bc0369fcbcf,True,True,16,16,234.892049125,B3/结果/offline_logs/e12-risk-development-20260911T111939727609/27182854-T4.jsonl,,14336.363929776018,137,117,19,16,3,0,3758.272786,2867.272785955203,685.0,117.0,80.0,9.0
27182854,T6,16,7,7,True,45,random,fixed_field,6c24890f12da7fe2fc5946fbf5d36e6903a3be78cf0f6ad089fe7bc0369fcbcf,True,True,16,16,234.892049125,B3/结果/offline_logs/e12-risk-development-20260911T111939727609/27182854-T6.jsonl,,14336.363929776018,137,117,19,16,3,0,3758.272786,2867.272785955203,685.0,117.0,80.0,9.0
27182855,E11,10,6,6,False,10,random,fixed_field,0c9b6be513c7532efadadf78027794a3974f03990180f43942746bf489e3ade6,True,True,10,10,297.9287475,B3/结果/offline_logs/e12-risk-development-20260911T111939727609/27182855-E11.jsonl,,11091.437375898102,119,113,11,10,1,0,2979.287475,2218.2874751796207,595.0,113.0,50.0,3.0
27182855,T2,10,6,7,True,20,random,fixed_field,0c9b6be513c7532efadadf78027794a3974f03990180f43942746bf489e3ade6,True,True,10,10,299.00785,B3/结果/offline_logs/e12-risk-development-20260911T111939727609/27182855-T2.jsonl,,10865.392501241144,129,119,11,10,1,0,2990.0785,2173.0785002482294,645.0,119.0,50.0,3.0
27182855,T4,10,6,7,True,20,random,fixed_field,0c9b6be513c7532efadadf78027794a3974f03990180f43942746bf489e3ade6,True,True,10,10,299.00785,B3/结果/offline_logs/e12-risk-development-20260911T111939727609/27182855-T4.jsonl,,10865.392501241144,129,119,11,10,1,0,2990.0785,2173.0785002482294,645.0,119.0,50.0,3.0
27182855,T6,10,6,7,True,20,random,fixed_field,0c9b6be513c7532efadadf78027794a3974f03990180f43942746bf489e3ade6,True,True,10,10,299.00785,B3/结果/offline_logs/e12-risk-development-20260911T111939727609/27182855-T6.jsonl,,10865.392501241144,129,119,11,10,1,0,2990.0785,2173.0785002482294,645.0,119.0,50.0,3.0
27182856,E11,11,5,6,False,25,random,fixed_field,c96283c1d6c01376a07c1dbcd08407cc533c9572fff9a38609a152f37bb7651e,True,True,11,11,321.94003299999997,B3/结果/offline_logs/e12-risk-development-20260911T111939727609/27182856-E11.jsonl,,14261.701813756727,107,96,12,11,1,0,3541.340363,2852.3403627513453,535.0,96.0,55.0,3.0
27182856,T2,11,5,7,True,15,random,fixed_field,c96283c1d6c01376a07c1dbcd08407cc533c9572fff9a38609a152f37bb7651e,True,True,11,11,310.38717236363635,B3/结果/offline_logs/e12-risk-development-20260911T111939727609/27182856-T2.jsonl,,13236.294480312097,120,109,12,11,1,0,3414.258896,2647.2588960624203,600.0,109.0,55.0,3.0
27182856,T4,11,5,7,True,15,random,fixed_field,c96283c1d6c01376a07c1dbcd08407cc533c9572fff9a38609a152f37bb7651e,True,True,11,11,310.38717236363635,B3/结果/offline_logs/e12-risk-development-20260911T111939727609/27182856-T4.jsonl,,13236.294480312097,120,109,12,11,1,0,3414.258896,2647.2588960624203,600.0,109.0,55.0,3.0
27182856,T6,11,5,6,True,25,random,fixed_field,c96283c1d6c01376a07c1dbcd08407cc533c9572fff9a38609a152f37bb7651e,True,True,11,11,321.94003299999997,B3/结果/offline_logs/e12-risk-development-20260911T111939727609/27182856-T6.jsonl,,14261.701813756727,107,96,12,11,1,0,3541.340363,2852.3403627513453,535.0,96.0,55.0,3.0
27182857,E11,12,7,6,False,40,random,fixed_field,05cc3113289759ed7d221898a203c0a8dc41f98f01425eebd01adf9ed290c037,True,True,12,12,264.9452923333333,B3/结果/offline_logs/e12-risk-development-20260911T111939727609/27182857-E11.jsonl,,11996.717538541981,122,107,13,12,1,0,3179.343508,2399.3435077083973,610.0,107.0,60.0,3.0
27182857,T2,12,7,7,True,40,random,fixed_field,05cc3113289759ed7d221898a203c0a8dc41f98f01425eebd01adf9ed290c037,True,True,12,12,267.0010536666667,B3/结果/offline_logs/e12-risk-development-20260911T111939727609/27182857-T2.jsonl,,11985.063221349785,126,117,12,12,0,0,3204.012644,2397.0126442699566,630.0,117.0,60.0,0.0
27182857,T4,12,7,7,True,40,random,fixed_field,05cc3113289759ed7d221898a203c0a8dc41f98f01425eebd01adf9ed290c037,True,True,12,12,267.0010536666667,B3/结果/offline_logs/e12-risk-development-20260911T111939727609/27182857-T4.jsonl,,11985.063221349785,126,117,12,12,0,0,3204.012644,2397.0126442699566,630.0,117.0,60.0,0.0
27182857,T6,12,7,7,True,40,random,fixed_field,05cc3113289759ed7d221898a203c0a8dc41f98f01425eebd01adf9ed290c037,True,True,12,12,267.0010536666667,B3/结果/offline_logs/e12-risk-development-20260911T111939727609/27182857-T6.jsonl,,11985.063221349785,126,117,12,12,0,0,3204.012644,2397.0126442699566,630.0,117.0,60.0,0.0
27182858,E11,13,6,6,False,30,random,fixed_field,35104d3785258ea9a8866c74c5d02a7c0d46cc3f7531a680a557055686d83e30,True,True,13,13,246.26935261538463,B3/结果/offline_logs/e12-risk-development-20260911T111939727609/27182858-E11.jsonl,,12282.507918854119,115,90,18,13,5,0,3201.501584,2456.501583770823,575.0,90.0,65.0,15.0
27182858,T2,13,6,7,True,40,random,fixed_field,35104d3785258ea9a8866c74c5d02a7c0d46cc3f7531a680a557055686d83e30,True,True,13,13,274.4539347692308,B3/结果/offline_logs/e12-risk-development-20260911T111939727609/27182858-T2.jsonl,,13779.505759284712,125,110,17,13,4,0,3567.901152,2755.901151856942,625.0,110.0,65.0,12.0
27182858,T4,13,6,7,True,40,random,fixed_field,35104d3785258ea9a8866c74c5d02a7c0d46cc3f7531a680a557055686d83e30,True,True,13,13,274.4539347692308,B3/结果/offline_logs/e12-risk-development-20260911T111939727609/27182858-T4.jsonl,,13779.505759284712,125,110,17,13,4,0,3567.901152,2755.901151856942,625.0,110.0,65.0,12.0
27182858,T6,13,6,7,True,40,random,fixed_field,35104d3785258ea9a8866c74c5d02a7c0d46cc3f7531a680a557055686d83e30,True,True,13,13,274.4539347692308,B3/结果/offline_logs/e12-risk-development-20260911T111939727609/27182858-T6.jsonl,,13779.505759284712,125,110,17,13,4,0,3567.901152,2755.901151856942,625.0,110.0,65.0,12.0
27182859,E11,14,8,6,False,30,random,fixed_field,9fe6e0fff1565bace24c4de58f37f56101c9322c9d66a26cc6f55a1721341b66,True,True,14,14,271.14434314285717,B3/结果/offline_logs/e12-risk-development-20260911T111939727609/27182859-E11.jsonl,,15095.104020737683,118,114,15,14,1,0,3796.020804,3019.0208041475353,590.0,114.0,70.0,3.0
27182859,T2,14,8,7,True,50,random,fixed_field,9fe6e0fff1565bace24c4de58f37f56101c9322c9d66a26cc6f55a1721341b66,True,True,14,14,243.19411371428572,B3/结果/offline_logs/e12-risk-development-20260911T111939727609/27182859-T2.jsonl,,12728.587960122384,132,120,17,14,3,0,3404.717592,2545.717592024477,660.0,120.0,70.0,9.0
27182859,T4,14,8,7,True,50,random,fixed_field,9fe6e0fff1565bace24c4de58f37f56101c9322c9d66a26cc6f55a1721341b66,True,True,14,14,243.19411371428572,B3/结果/offline_logs/e12-risk-development-20260911T111939727609/27182859-T4.jsonl,,12728.587960122384,132,120,17,14,3,0,3404.717592,2545.717592024477,660.0,120.0,70.0,9.0
27182859,T6,14,8,7,True,50,random,fixed_field,9fe6e0fff1565bace24c4de58f37f56101c9322c9d66a26cc6f55a1721341b66,True,True,14,14,243.19411371428572,B3/结果/offline_logs/e12-risk-development-20260911T111939727609/27182859-T6.jsonl,,12728.587960122384,132,120,17,14,3,0,3404.717592,2545.717592024477,660.0,120.0,70.0,9.0
27182860,E11,15,8,6,False,20,random,fixed_field,acb0f5a4c5f8acafe6367fa56cb84ff09c7bd6ae482fb01e1fc1ddebcbd39668,True,True,15,15,228.17559626666667,B3/结果/offline_logs/e12-risk-development-20260911T111939727609/27182860-E11.jsonl,,13428.169718393898,109,96,22,15,7,0,3422.633944,2685.633943678781,545.0,96.0,75.0,21.0
27182860,T2,15,8,7,True,35,random,fixed_field,acb0f5a4c5f8acafe6367fa56cb84ff09c7bd6ae482fb01e1fc1ddebcbd39668,True,True,15,15,244.2889291333333,B3/结果/offline_logs/e12-risk-development-20260911T111939727609/27182860-T2.jsonl,,14136.669686703804,126,111,22,15,7,0,3664.333937,2827.3339373407603,630.0,111.0,75.0,21.0
27182860,T4,15,8,7,True,35,random,fixed_field,acb0f5a4c5f8acafe6367fa56cb84ff09c7bd6ae482fb01e1fc1ddebcbd39668,True,True,15,15,244.2889291333333,B3/结果/offline_logs/e12-risk-development-20260911T111939727609/27182860-T4.jsonl,,14136.669686703804,126,111,22,15,7,0,3664.333937,2827.3339373407603,630.0,111.0,75.0,21.0
27182860,T6,15,8,7,True,35,random,fixed_field,acb0f5a4c5f8acafe6367fa56cb84ff09c7bd6ae482fb01e1fc1ddebcbd39668,True,True,15,15,244.2889291333333,B3/结果/offline_logs/e12-risk-development-20260911T111939727609/27182860-T6.jsonl,,14136.669686703804,126,111,22,15,7,0,3664.333937,2827.3339373407603,630.0,111.0,75.0,21.0
27182861,E11,16,11,6,False,25,random,fixed_field,077de39d311a4ffa94ab8d6dab18826ebd847c908b897e3fe602f61364f4ce88,True,True,16,16,213.8582843125,B3/结果/offline_logs/e12-risk-development-20260911T111939727609/27182861-E11.jsonl,,13818.662745534954,98,88,16,16,0,0,3421.732549,2763.732549106991,490.0,88.0,80.0,0.0
27182861,T2,16,11,7,True,30,random,fixed_field,077de39d311a4ffa94ab8d6dab18826ebd847c908b897e3fe602f61364f4ce88,True,True,16,16,205.4286425,B3/结果/offline_logs/e12-risk-development-20260911T111939727609/27182861-T2.jsonl,,12629.291401142293,111,96,26,16,10,0,3286.85828,2525.8582802284577,555.0,96.0,80.0,30.0
27182861,T4,16,11,7,True,30,random,fixed_field,077de39d311a4ffa94ab8d6dab18826ebd847c908b897e3fe602f61364f4ce88,True,True,16,16,205.4286425,B3/结果/offline_logs/e12-risk-development-20260911T111939727609/27182861-T4.jsonl,,12629.291401142293,111,96,26,16,10,0,3286.85828,2525.8582802284577,555.0,96.0,80.0,30.0
27182861,T6,16,11,7,True,30,random,fixed_field,077de39d311a4ffa94ab8d6dab18826ebd847c908b897e3fe602f61364f4ce88,True,True,16,16,205.4286425,B3/结果/offline_logs/e12-risk-development-20260911T111939727609/27182861-T6.jsonl,,12629.291401142293,111,96,26,16,10,0,3286.85828,2525.8582802284577,555.0,96.0,80.0,30.0
27182862,E11,10,3,6,False,55,random,fixed_field,84da62ecae4882d33372c6d96dfab230f845e7d96fc08ff3a97a66534b1fdf0c,True,True,10,10,314.4215433,B3/结果/offline_logs/e12-risk-development-20260911T111939727609/27182862-E11.jsonl,,11751.077166170555,124,115,13,10,3,0,3144.215433,2350.215433234111,620.0,115.0,50.0,9.0
27182862,T2,10,3,7,True,35,random,fixed_field,84da62ecae4882d33372c6d96dfab230f845e7d96fc08ff3a97a66534b1fdf0c,True,True,10,10,314.13108109999996,B3/结果/offline_logs/e12-risk-development-20260911T111939727609/27182862-T2.jsonl,,11191.554053108086,144,133,10,10,0,0,3141.310811,2238.3108106216177,720.0,133.0,50.0,0.0
27182862,T4,10,3,6,True,55,random,fixed_field,84da62ecae4882d33372c6d96dfab230f845e7d96fc08ff3a97a66534b1fdf0c,True,True,10,10,314.4215433,B3/结果/offline_logs/e12-risk-development-20260911T111939727609/27182862-T4.jsonl,,11751.077166170555,124,115,13,10,3,0,3144.215433,2350.215433234111,620.0,115.0,50.0,9.0
27182862,T6,10,3,6,True,55,random,fixed_field,84da62ecae4882d33372c6d96dfab230f845e7d96fc08ff3a97a66534b1fdf0c,True,True,10,10,314.4215433,B3/结果/offline_logs/e12-risk-development-20260911T111939727609/27182862-T6.jsonl,,11751.077166170555,124,115,13,10,3,0,3144.215433,2350.215433234111,620.0,115.0,50.0,9.0
27182863,E11,11,4,6,False,35,random,fixed_field,821465a25a0c17b34d779711809f0d7c2fab3cb023b4b43ba8673a589f92d20e,True,True,11,11,323.0810280909091,B3/结果/offline_logs/e12-risk-development-20260911T111939727609/27182863-E11.jsonl,,13759.456545621591,125,116,13,11,2,0,3553.891309,2751.8913091243194,625.0,116.0,55.0,6.0
27182863,T2,11,4,7,True,20,random,fixed_field,821465a25a0c17b34d779711809f0d7c2fab3cb023b4b43ba8673a589f92d20e,True,True,11,11,312.8996437272727,B3/结果/offline_logs/e12-risk-development-20260911T111939727609/27182863-T2.jsonl,,13004.480406286551,132,123,12,11,1,0,3441.896081,2600.8960812573105,660.0,123.0,55.0,3.0
27182863,T4,11,4,7,True,20,random,fixed_field,821465a25a0c17b34d779711809f0d7c2fab3cb023b4b43ba8673a589f92d20e,True,True,11,11,312.8996437272727,B3/结果/offline_logs/e12-risk-development-20260911T111939727609/27182863-T4.jsonl,,13004.480406286551,132,123,12,11,1,0,3441.896081,2600.8960812573105,660.0,123.0,55.0,3.0
27182863,T6,11,4,6,True,35,random,fixed_field,821465a25a0c17b34d779711809f0d7c2fab3cb023b4b43ba8673a589f92d20e,True,True,11,11,323.0810280909091,B3/结果/offline_logs/e12-risk-development-20260911T111939727609/27182863-T6.jsonl,,13759.456545621591,125,116,13,11,2,0,3553.891309,2751.8913091243194,625.0,116.0,55.0,6.0
27182864,E11,12,5,6,False,45,random,fixed_field,57850b69ce2dae19e9e20e12a38cef5132a36daf154f389ae07c210abd041975,True,True,12,12,323.4738845,B3/结果/offline_logs/e12-risk-development-20260911T111939727609/27182864-E11.jsonl,,15608.433069869152,118,104,14,12,2,0,3881.686614,3121.686613973831,590.0,104.0,60.0,6.0
27182864,T2,12,5,7,True,35,random,fixed_field,57850b69ce2dae19e9e20e12a38cef5132a36daf154f389ae07c210abd041975,True,True,12,12,293.663989,B3/结果/offline_logs/e12-risk-development-20260911T111939727609/27182864-T2.jsonl,,13419.839337807442,131,119,14,12,2,0,3523.967868,2683.9678675614887,655.0,119.0,60.0,6.0
27182864,T4,12,5,7,True,35,random,fixed_field,57850b69ce2dae19e9e20e12a38cef5132a36daf154f389ae07c210abd041975,True,True,12,12,293.663989,B3/结果/offline_logs/e12-risk-development-20260911T111939727609/27182864-T4.jsonl,,13419.839337807442,131,119,14,12,2,0,3523.967868,2683.9678675614887,655.0,119.0,60.0,6.0
27182864,T6,12,5,6,True,45,random,fixed_field,57850b69ce2dae19e9e20e12a38cef5132a36daf154f389ae07c210abd041975,True,True,12,12,323.4738845,B3/结果/offline_logs/e12-risk-development-20260911T111939727609/27182864-T6.jsonl,,15608.433069869152,118,104,14,12,2,0,3881.686614,3121.686613973831,590.0,104.0,60.0,6.0
27182865,E11,13,5,6,False,5,random,fixed_field,abc1c717c1886f08559aa7a0f36a27c2a2585fa451b03ddca6d82a48e07c8baf,True,True,13,13,293.7960568461539,B3/结果/offline_logs/e12-risk-development-20260911T111939727609/27182865-E11.jsonl,,14746.743695275989,135,124,15,13,2,0,3819.348739,2949.3487390551977,675.0,124.0,65.0,6.0
27182865,T2,13,5,7,True,20,random,fixed_field,abc1c717c1886f08559aa7a0f36a27c2a2585fa451b03ddca6d82a48e07c8baf,True,True,13,13,259.6340188461538,B3/结果/offline_logs/e12-risk-development-20260911T111939727609/27182865-T2.jsonl,,12556.211223018578,134,123,15,13,2,0,3375.242245,2511.2422446037162,670.0,123.0,65.0,6.0
27182865,T4,13,5,7,True,20,random,fixed_field,abc1c717c1886f08559aa7a0f36a27c2a2585fa451b03ddca6d82a48e07c8baf,True,True,13,13,259.6340188461538,B3/结果/offline_logs/e12-risk-development-20260911T111939727609/27182865-T4.jsonl,,12556.211223018578,134,123,15,13,2,0,3375.242245,2511.2422446037162,670.0,123.0,65.0,6.0
27182865,T6,13,5,6,True,5,random,fixed_field,abc1c717c1886f08559aa7a0f36a27c2a2585fa451b03ddca6d82a48e07c8baf,True,True,13,13,293.7960568461539,B3/结果/offline_logs/e12-risk-development-20260911T111939727609/27182865-T6.jsonl,,14746.743695275989,135,124,15,13,2,0,3819.348739,2949.3487390551977,675.0,124.0,65.0,6.0
27182866,E11,14,5,6,False,30,random,fixed_field,56efe08c4ed330b94cc878f87600423f93f80f55fba29df36f71d333ae608fae,True,True,14,14,259.0926739285714,B3/结果/offline_logs/e12-risk-development-20260911T111939727609/27182866-E11.jsonl,,14756.487175123764,103,88,15,14,1,0,3627.297435,2951.2974350247523,515.0,88.0,70.0,3.0
27182866,T2,14,5,7,True,25,random,fixed_field,56efe08c4ed330b94cc878f87600423f93f80f55fba29df36f71d333ae608fae,True,True,14,14,276.6499277857143,B3/结果/offline_logs/e12-risk-development-20260911T111939727609/27182866-T2.jsonl,,15355.494943797112,124,112,14,14,0,0,3873.098989,3071.098988759424,620.0,112.0,70.0,0.0
27182866,T4,14,5,7,True,25,random,fixed_field,56efe08c4ed330b94cc878f87600423f93f80f55fba29df36f71d333ae608fae,True,True,14,14,276.6499277857143,B3/结果/offline_logs/e12-risk-development-20260911T111939727609/27182866-T4.jsonl,,15355.494943797112,124,112,14,14,0,0,3873.098989,3071.098988759424,620.0,112.0,70.0,0.0
27182866,T6,14,5,6,True,30,random,fixed_field,56efe08c4ed330b94cc878f87600423f93f80f55fba29df36f71d333ae608fae,True,True,14,14,259.0926739285714,B3/结果/offline_logs/e12-risk-development-20260911T111939727609/27182866-T6.jsonl,,14756.487175123764,103,88,15,14,1,0,3627.297435,2951.2974350247523,515.0,88.0,70.0,3.0
27182867,E11,15,7,6,False,15,random,fixed_field,d0ab5845770968badffec23f71f7a1376fd0ebfe6bc84621adff2729a4be5aea,True,True,15,15,237.8156164,B3/结果/offline_logs/e12-risk-development-20260911T111939727609/27182867-E11.jsonl,,13546.17122764346,132,123,15,15,0,0,3567.234246,2709.2342455286916,660.0,123.0,75.0,0.0
27182867,T2,15,7,7,True,40,random,fixed_field,d0ab5845770968badffec23f71f7a1376fd0ebfe6bc84621adff2729a4be5aea,True,True,15,15,246.27361546666668,B3/结果/offline_logs/e12-risk-development-20260911T111939727609/27182867-T2.jsonl,,14010.52116131638,138,127,15,15,0,0,3694.104232,2802.104232263276,690.0,127.0,75.0,0.0
27182867,T4,15,7,7,True,40,random,fixed_field,d0ab5845770968badffec23f71f7a1376fd0ebfe6bc84621adff2729a4be5aea,True,True,15,15,246.27361546666668,B3/结果/offline_logs/e12-risk-development-20260911T111939727609/27182867-T4.jsonl,,14010.52116131638,138,127,15,15,0,0,3694.104232,2802.104232263276,690.0,127.0,75.0,0.0
27182867,T6,15,7,7,True,40,random,fixed_field,d0ab5845770968badffec23f71f7a1376fd0ebfe6bc84621adff2729a4be5aea,True,True,15,15,246.27361546666668,B3/结果/offline_logs/e12-risk-development-20260911T111939727609/27182867-T6.jsonl,,14010.52116131638,138,127,15,15,0,0,3694.104232,2802.104232263276,690.0,127.0,75.0,0.0
27182868,E11,16,6,6,False,0,random,fixed_field,1252fb336ed77c67ad502e13c45823ae7b4fd99d0aa173b67c542fdfd008de54,True,True,16,16,241.4132118125,B3/结果/offline_logs/e12-risk-development-20260911T111939727609/27182868-E11.jsonl,,15443.056946290739,119,96,17,16,1,0,3862.611389,3088.6113892581493,595.0,96.0,80.0,3.0
27182868,T2,16,6,7,True,0,random,fixed_field,1252fb336ed77c67ad502e13c45823ae7b4fd99d0aa173b67c542fdfd008de54,True,True,16,16,242.423391875,B3/结果/offline_logs/e12-risk-development-20260911T111939727609/27182868-T2.jsonl,,15778.871347553364,109,98,16,16,0,0,3878.77427,3155.774269510672,545.0,98.0,80.0,0.0
27182868,T4,16,6,7,True,0,random,fixed_field,1252fb336ed77c67ad502e13c45823ae7b4fd99d0aa173b67c542fdfd008de54,True,True,16,16,242.423391875,B3/结果/offline_logs/e12-risk-development-20260911T111939727609/27182868-T4.jsonl,,15778.871347553364,109,98,16,16,0,0,3878.77427,3155.774269510672,545.0,98.0,80.0,0.0
27182868,T6,16,6,7,True,0,random,fixed_field,1252fb336ed77c67ad502e13c45823ae7b4fd99d0aa173b67c542fdfd008de54,True,True,16,16,242.423391875,B3/结果/offline_logs/e12-risk-development-20260911T111939727609/27182868-T6.jsonl,,15778.871347553364,109,98,16,16,0,0,3878.77427,3155.774269510672,545.0,98.0,80.0,0.0
27182869,E11,10,4,6,False,5,random,fixed_field,e7b2a4ccb13be259b0c154dbbf4f83668103bc0dfde6b370dd2ccaf1b60f147c,True,True,10,10,326.6299008,B3/结果/offline_logs/e12-risk-development-20260911T111939727609/27182869-E11.jsonl,,12666.495041932762,115,108,10,10,0,0,3266.299008,2533.299008386553,575.0,108.0,50.0,0.0
27182869,T2,10,4,7,True,50,random,fixed_field,e7b2a4ccb13be259b0c154dbbf4f83668103bc0dfde6b370dd2ccaf1b60f147c,True,True,10,10,341.3186535,B3/结果/offline_logs/e12-risk-development-20260911T111939727609/27182869-T2.jsonl,,12715.932677052726,139,125,10,10,0,0,3413.186535,2543.186535410545,695.0,125.0,50.0,0.0
27182869,T4,10,4,7,True,50,random,fixed_field,e7b2a4ccb13be259b0c154dbbf4f83668103bc0dfde6b370dd2ccaf1b60f147c,True,True,10,10,341.3186535,B3/结果/offline_logs/e12-risk-development-20260911T111939727609/27182869-T4.jsonl,,12715.932677052726,139,125,10,10,0,0,3413.186535,2543.186535410545,695.0,125.0,50.0,0.0
27182869,T6,10,4,6,True,5,random,fixed_field,e7b2a4ccb13be259b0c154dbbf4f83668103bc0dfde6b370dd2ccaf1b60f147c,True,True,10,10,326.6299008,B3/结果/offline_logs/e12-risk-development-20260911T111939727609/27182869-T6.jsonl,,12666.495041932762,115,108,10,10,0,0,3266.299008,2533.299008386553,575.0,108.0,50.0,0.0
27182870,E11,11,8,6,False,10,random,fixed_field,ef63885fe87fdbf4fc8a6dd830a61fc98f132fd51f8565bd04a3279aba9d991a,True,True,11,11,262.6890721818182,B3/结果/offline_logs/e12-risk-development-20260911T111939727609/27182870-E11.jsonl,,10572.898971447034,121,112,12,11,1,0,2889.579794,2114.579794289407,605.0,112.0,55.0,3.0
27182870,T2,11,8,7,True,25,random,fixed_field,ef63885fe87fdbf4fc8a6dd830a61fc98f132fd51f8565bd04a3279aba9d991a,True,True,11,11,265.4791811818182,B3/结果/offline_logs/e12-risk-development-20260911T111939727609/27182870-T2.jsonl,,10401.35496468024,132,122,12,11,1,0,2920.270993,2080.2709929360485,660.0,122.0,55.0,3.0
27182870,T4,11,8,7,True,25,random,fixed_field,ef63885fe87fdbf4fc8a6dd830a61fc98f132fd51f8565bd04a3279aba9d991a,True,True,11,11,265.4791811818182,B3/结果/offline_logs/e12-risk-development-20260911T111939727609/27182870-T4.jsonl,,10401.35496468024,132,122,12,11,1,0,2920.270993,2080.2709929360485,660.0,122.0,55.0,3.0
27182870,T6,11,8,7,True,25,random,fixed_field,ef63885fe87fdbf4fc8a6dd830a61fc98f132fd51f8565bd04a3279aba9d991a,True,True,11,11,265.4791811818182,B3/结果/offline_logs/e12-risk-development-20260911T111939727609/27182870-T6.jsonl,,10401.35496468024,132,122,12,11,1,0,2920.270993,2080.2709929360485,660.0,122.0,55.0,3.0
27182871,E11,12,3,6,False,40,random,fixed_field,0dd095e3b0c6ccf88633b7af995bb42dd7938e871961116018932d8115f40379,True,True,12,12,280.9712346666667,B3/结果/offline_logs/e12-risk-development-20260911T111939727609/27182871-E11.jsonl,,12838.27408209452,126,114,12,12,0,0,3371.654816,2567.6548164189044,630.0,114.0,60.0,0.0
27182871,T2,12,3,7,True,10,random,fixed_field,0dd095e3b0c6ccf88633b7af995bb42dd7938e871961116018932d8115f40379,True,True,12,12,296.0241633333333,B3/结果/offline_logs/e12-risk-development-20260911T111939727609/27182871-T2.jsonl,,13616.449799498996,130,116,13,12,1,0,3552.28996,2723.2899598997997,650.0,116.0,60.0,3.0
27182871,T4,12,3,6,True,40,random,fixed_field,0dd095e3b0c6ccf88633b7af995bb42dd7938e871961116018932d8115f40379,True,True,12,12,280.9712346666667,B3/结果/offline_logs/e12-risk-development-20260911T111939727609/27182871-T4.jsonl,,12838.27408209452,126,114,12,12,0,0,3371.654816,2567.6548164189044,630.0,114.0,60.0,0.0
27182871,T6,12,3,6,True,40,random,fixed_field,0dd095e3b0c6ccf88633b7af995bb42dd7938e871961116018932d8115f40379,True,True,12,12,280.9712346666667,B3/结果/offline_logs/e12-risk-development-20260911T111939727609/27182871-T6.jsonl,,12838.27408209452,126,114,12,12,0,0,3371.654816,2567.6548164189044,630.0,114.0,60.0,0.0
27182872,E11,13,8,6,False,40,random,fixed_field,59f484fed2f504b28e20219590be1f13560a08e52871a9008fdda7d63925378e,True,True,13,13,241.2093086153846,B3/结果/offline_logs/e12-risk-development-20260911T111939727609/27182872-E11.jsonl,,11843.605058084817,118,106,15,13,2,0,3135.721012,2368.721011616963,590.0,106.0,65.0,6.0
27182872,T2,13,8,7,True,35,random,fixed_field,59f484fed2f504b28e20219590be1f13560a08e52871a9008fdda7d63925378e,True,True,13,13,238.50245353846154,B3/结果/offline_logs/e12-risk-development-20260911T111939727609/27182872-T2.jsonl,,11407.659480620983,127,113,15,13,2,0,3100.531896,2281.5318961241965,635.0,113.0,65.0,6.0
27182872,T4,13,8,7,True,35,random,fixed_field,59f484fed2f504b28e20219590be1f13560a08e52871a9008fdda7d63925378e,True,True,13,13,238.50245353846154,B3/结果/offline_logs/e12-risk-development-20260911T111939727609/27182872-T4.jsonl,,11407.659480620983,127,113,15,13,2,0,3100.531896,2281.5318961241965,635.0,113.0,65.0,6.0
27182872,T6,13,8,7,True,35,random,fixed_field,59f484fed2f504b28e20219590be1f13560a08e52871a9008fdda7d63925378e,True,True,13,13,238.50245353846154,B3/结果/offline_logs/e12-risk-development-20260911T111939727609/27182872-T6.jsonl,,11407.659480620983,127,113,15,13,2,0,3100.531896,2281.5318961241965,635.0,113.0,65.0,6.0
27182873,E11,14,8,6,False,5,random,fixed_field,a57848bcd2e7adc518467f1290d4b644853d35859fb1c86cacff1a1310ab3272,True,True,14,14,251.78239607142856,B3/结果/offline_logs/e12-risk-development-20260911T111939727609/27182873-E11.jsonl,,13779.767725233916,119,98,16,14,2,0,3524.953545,2755.9535450467824,595.0,98.0,70.0,6.0
27182873,T2,14,8,7,True,20,random,fixed_field,a57848bcd2e7adc518467f1290d4b644853d35859fb1c86cacff1a1310ab3272,True,True,14,14,237.53069985714288,B3/结果/offline_logs/e12-risk-development-20260911T111939727609/27182873-T2.jsonl,,12592.148991212096,125,112,14,14,0,0,3325.429798,2518.4297982424205,625.0,112.0,70.0,0.0
27182873,T4,14,8,7,True,20,random,fixed_field,a57848bcd2e7adc518467f1290d4b644853d35859fb1c86cacff1a1310ab3272,True,True,14,14,237.53069985714288,B3/结果/offline_logs/e12-risk-development-20260911T111939727609/27182873-T4.jsonl,,12592.148991212096,125,112,14,14,0,0,3325.429798,2518.4297982424205,625.0,112.0,70.0,0.0
27182873,T6,14,8,7,True,20,random,fixed_field,a57848bcd2e7adc518467f1290d4b644853d35859fb1c86cacff1a1310ab3272,True,True,14,14,237.53069985714288,B3/结果/offline_logs/e12-risk-development-20260911T111939727609/27182873-T6.jsonl,,12592.148991212096,125,112,14,14,0,0,3325.429798,2518.4297982424205,625.0,112.0,70.0,0.0
27182874,E11,15,4,6,False,40,random,fixed_field,71c10a699a9833df62db7f551083712906975f426f04e8486a3c7ca86c1654de,True,True,15,15,253.1420672666667,B3/结果/offline_logs/e12-risk-development-20260911T111939727609/27182874-E11.jsonl,,15185.655046283186,117,100,15,15,0,0,3797.131009,3037.1310092566387,585.0,100.0,75.0,0.0
27182874,T2,15,4,7,True,10,random,fixed_field,71c10a699a9833df62db7f551083712906975f426f04e8486a3c7ca86c1654de,True,True,15,15,277.5310662666667,B3/结果/offline_logs/e12-risk-development-20260911T111939727609/27182874-T2.jsonl,,16709.82996784022,125,112,18,15,3,0,4162.965994,3341.9659935680447,625.0,112.0,75.0,9.0
27182874,T4,15,4,7,True,10,random,fixed_field,71c10a699a9833df62db7f551083712906975f426f04e8486a3c7ca86c1654de,True,True,15,15,277.5310662666667,B3/结果/offline_logs/e12-risk-development-20260911T111939727609/27182874-T4.jsonl,,16709.82996784022,125,112,18,15,3,0,4162.965994,3341.9659935680447,625.0,112.0,75.0,9.0
27182874,T6,15,4,6,True,40,random,fixed_field,71c10a699a9833df62db7f551083712906975f426f04e8486a3c7ca86c1654de,True,True,15,15,253.1420672666667,B3/结果/offline_logs/e12-risk-development-20260911T111939727609/27182874-T6.jsonl,,15185.655046283186,117,100,15,15,0,0,3797.131009,3037.1310092566387,585.0,100.0,75.0,0.0
27182875,E11,16,9,6,False,15,random,fixed_field,2325150acb3ffa2f0315728701bc37c2101fe449015fd335dddddc309b0b32d4,True,True,16,16,220.74237825,B3/结果/offline_logs/e12-risk-development-20260911T111939727609/27182875-E11.jsonl,,14589.39026108658,89,80,19,16,3,0,3531.878052,2917.8780522173142,445.0,80.0,80.0,9.0
27182875,T2,16,9,7,True,15,random,fixed_field,2325150acb3ffa2f0315728701bc37c2101fe449015fd335dddddc309b0b32d4,True,True,16,16,201.9603623125,B3/结果/offline_logs/e12-risk-development-20260911T111939727609/27182875-T2.jsonl,,12406.828984699812,114,100,16,16,0,0,3231.365797,2481.3657969399633,570.0,100.0,80.0,0.0
27182875,T4,16,9,7,True,15,random,fixed_field,2325150acb3ffa2f0315728701bc37c2101fe449015fd335dddddc309b0b32d4,True,True,16,16,201.9603623125,B3/结果/offline_logs/e12-risk-development-20260911T111939727609/27182875-T4.jsonl,,12406.828984699812,114,100,16,16,0,0,3231.365797,2481.3657969399633,570.0,100.0,80.0,0.0
27182875,T6,16,9,7,True,15,random,fixed_field,2325150acb3ffa2f0315728701bc37c2101fe449015fd335dddddc309b0b32d4,True,True,16,16,201.9603623125,B3/结果/offline_logs/e12-risk-development-20260911T111939727609/27182875-T6.jsonl,,12406.828984699812,114,100,16,16,0,0,3231.365797,2481.3657969399633,570.0,100.0,80.0,0.0
27182876,E11,10,5,6,False,5,random,fixed_field,3711cbc4ef677ec6a15620234df657bac0e22e44f968b19d9ce87959d52868b5,True,True,10,10,319.26880270000004,B3/结果/offline_logs/e12-risk-development-20260911T111939727609/27182876-E11.jsonl,,12138.440135731307,121,110,10,10,0,0,3192.688027,2427.688027146262,605.0,110.0,50.0,0.0
27182876,T2,10,5,7,True,5,random,fixed_field,3711cbc4ef677ec6a15620234df657bac0e22e44f968b19d9ce87959d52868b5,True,True,10,10,334.2182254,B3/结果/offline_logs/e12-risk-development-20260911T111939727609/27182876-T2.jsonl,,12260.91126949182,140,128,14,10,4,0,3342.182254,2452.182253898364,700.0,128.0,50.0,12.0
27182876,T4,10,5,7,True,5,random,fixed_field,3711cbc4ef677ec6a15620234df657bac0e22e44f968b19d9ce87959d52868b5,True,True,10,10,334.2182254,B3/结果/offline_logs/e12-risk-development-20260911T111939727609/27182876-T4.jsonl,,12260.91126949182,140,128,14,10,4,0,3342.182254,2452.182253898364,700.0,128.0,50.0,12.0
27182876,T6,10,5,6,True,5,random,fixed_field,3711cbc4ef677ec6a15620234df657bac0e22e44f968b19d9ce87959d52868b5,True,True,10,10,319.26880270000004,B3/结果/offline_logs/e12-risk-development-20260911T111939727609/27182876-T6.jsonl,,12138.440135731307,121,110,10,10,0,0,3192.688027,2427.688027146262,605.0,110.0,50.0,0.0
27182877,E11,11,5,6,False,35,random,fixed_field,a09bb17b4919d6be74b4246f72cb0e3b46f0a7d39cd9f02f47d9d50a0e1e0f14,True,True,11,11,315.6266984545454,B3/结果/offline_logs/e12-risk-development-20260911T111939727609/27182877-E11.jsonl,,13314.468417305245,127,116,12,11,1,0,3471.893683,2662.8936834610486,635.0,116.0,55.0,3.0
27182877,T2,11,5,7,True,15,random,fixed_field,a09bb17b4919d6be74b4246f72cb0e3b46f0a7d39cd9f02f47d9d50a0e1e0f14,True,True,11,11,352.86266627272727,B3/结果/offline_logs/e12-risk-development-20260911T111939727609/27182877-T2.jsonl,,14967.44664524437,140,127,13,11,2,0,3881.489329,2993.489329048875,700.0,127.0,55.0,6.0
27182877,T4,11,5,7,True,15,random,fixed_field,a09bb17b4919d6be74b4246f72cb0e3b46f0a7d39cd9f02f47d9d50a0e1e0f14,True,True,11,11,352.86266627272727,B3/结果/offline_logs/e12-risk-development-20260911T111939727609/27182877-T4.jsonl,,14967.44664524437,140,127,13,11,2,0,3881.489329,2993.489329048875,700.0,127.0,55.0,6.0
27182877,T6,11,5,6,True,35,random,fixed_field,a09bb17b4919d6be74b4246f72cb0e3b46f0a7d39cd9f02f47d9d50a0e1e0f14,True,True,11,11,315.6266984545454,B3/结果/offline_logs/e12-risk-development-20260911T111939727609/27182877-T6.jsonl,,13314.468417305245,127,116,12,11,1,0,3471.893683,2662.8936834610486,635.0,116.0,55.0,3.0
27182878,E11,12,5,6,False,15,random,fixed_field,27268f4e645687c78364151a56246a1a8b40f031b92a10dda48cf69e795e2982,True,True,12,12,344.37258775000004,B3/结果/offline_logs/e12-risk-development-20260911T111939727609/27182878-E11.jsonl,,16952.355264685953,114,109,13,12,1,0,4132.471053,3390.4710529371914,570.0,109.0,60.0,3.0
27182878,T2,12,5,7,True,5,random,fixed_field,27268f4e645687c78364151a56246a1a8b40f031b92a10dda48cf69e795e2982,True,True,12,12,297.53715625,B3/结果/offline_logs/e12-risk-development-20260911T111939727609/27182878-T2.jsonl,,13937.22937375072,121,112,14,12,2,0,3570.445875,2787.4458747501444,605.0,112.0,60.0,6.0
27182878,T4,12,5,7,True,5,random,fixed_field,27268f4e645687c78364151a56246a1a8b40f031b92a10dda48cf69e795e2982,True,True,12,12,297.53715625,B3/结果/offline_logs/e12-risk-development-20260911T111939727609/27182878-T4.jsonl,,13937.22937375072,121,112,14,12,2,0,3570.445875,2787.4458747501444,605.0,112.0,60.0,6.0
27182878,T6,12,5,6,True,15,random,fixed_field,27268f4e645687c78364151a56246a1a8b40f031b92a10dda48cf69e795e2982,True,True,12,12,344.37258775000004,B3/结果/offline_logs/e12-risk-development-20260911T111939727609/27182878-T6.jsonl,,16952.355264685953,114,109,13,12,1,0,4132.471053,3390.4710529371914,570.0,109.0,60.0,3.0
27182879,E11,13,6,6,False,35,random,fixed_field,224c502bbff58491c8a1b44d3e253849acbbc8d3cbbf36a5464ea2e06db38d85,True,True,13,13,268.24391976923073,B3/结果/offline_logs/e12-risk-development-20260911T111939727609/27182879-E11.jsonl,,13650.854783938892,118,99,14,13,1,0,3487.170957,2730.170956787778,590.0,99.0,65.0,3.0
27182879,T2,13,6,7,True,40,random,fixed_field,224c502bbff58491c8a1b44d3e253849acbbc8d3cbbf36a5464ea2e06db38d85,True,True,13,13,275.94514207692305,B3/结果/offline_logs/e12-risk-development-20260911T111939727609/27182879-T2.jsonl,,13571.43423288237,137,120,14,13,1,0,3587.286847,2714.286846576473,685.0,120.0,65.0,3.0
27182879,T4,13,6,7,True,40,random,fixed_field,224c502bbff58491c8a1b44d3e253849acbbc8d3cbbf36a5464ea2e06db38d85,True,True,13,13,275.94514207692305,B3/结果/offline_logs/e12-risk-development-20260911T111939727609/27182879-T4.jsonl,,13571.43423288237,137,120,14,13,1,0,3587.286847,2714.286846576473,685.0,120.0,65.0,3.0
27182879,T6,13,6,7,True,40,random,fixed_field,224c502bbff58491c8a1b44d3e253849acbbc8d3cbbf36a5464ea2e06db38d85,True,True,13,13,275.94514207692305,B3/结果/offline_logs/e12-risk-development-20260911T111939727609/27182879-T6.jsonl,,13571.43423288237,137,120,14,13,1,0,3587.286847,2714.286846576473,685.0,120.0,65.0,3.0
27182880,E11,14,6,6,False,55,random,fixed_field,dcd0af3b1ae58a0ccc9a52173b2c2eeca587a9654ec4aa3fdcec3054f5d63538,True,True,14,14,254.3956212142857,B3/结果/offline_logs/e12-risk-development-20260911T111939727609/27182880-E11.jsonl,,13812.693483052024,120,105,22,14,8,0,3561.538697,2762.538696610404,600.0,105.0,70.0,24.0
27182880,T2,14,6,7,True,15,random,fixed_field,dcd0af3b1ae58a0ccc9a52173b2c2eeca587a9654ec4aa3fdcec3054f5d63538,True,True,14,14,269.4696237142857,B3/结果/offline_logs/e12-risk-development-20260911T111939727609/27182880-T2.jsonl,,14892.87366023335,121,116,15,14,1,0,3772.574732,2978.5747320466694,605.0,116.0,70.0,3.0
27182880,T4,14,6,7,True,15,random,fixed_field,dcd0af3b1ae58a0ccc9a52173b2c2eeca587a9654ec4aa3fdcec3054f5d63538,True,True,14,14,269.4696237142857,B3/结果/offline_logs/e12-risk-development-20260911T111939727609/27182880-T4.jsonl,,14892.87366023335,121,116,15,14,1,0,3772.574732,2978.5747320466694,605.0,116.0,70.0,3.0
27182880,T6,14,6,7,True,15,random,fixed_field,dcd0af3b1ae58a0ccc9a52173b2c2eeca587a9654ec4aa3fdcec3054f5d63538,True,True,14,14,269.4696237142857,B3/结果/offline_logs/e12-risk-development-20260911T111939727609/27182880-T6.jsonl,,14892.87366023335,121,116,15,14,1,0,3772.574732,2978.5747320466694,605.0,116.0,70.0,3.0
27182881,E11,15,9,6,False,10,random,fixed_field,435aead2d5426a6cc9ff6b8648fd6376c4de253291d13252af293fef5ceeef5e,True,True,15,15,223.2222096,B3/结果/offline_logs/e12-risk-development-20260911T111939727609/27182881-E11.jsonl,,13071.6657177024,110,100,18,15,3,0,3348.333144,2614.3331435404803,550.0,100.0,75.0,9.0
27182881,T2,15,9,7,True,45,random,fixed_field,435aead2d5426a6cc9ff6b8648fd6376c4de253291d13252af293fef5ceeef5e,True,True,15,15,205.92860280000002,B3/结果/offline_logs/e12-risk-development-20260911T111939727609/27182881-T2.jsonl,,11219.645212361338,130,120,15,15,0,0,3088.929042,2243.9290424722662,650.0,120.0,75.0,0.0
27182881,T4,15,9,7,True,45,random,fixed_field,435aead2d5426a6cc9ff6b8648fd6376c4de253291d13252af293fef5ceeef5e,True,True,15,15,205.92860280000002,B3/结果/offline_logs/e12-risk-development-20260911T111939727609/27182881-T4.jsonl,,11219.645212361338,130,120,15,15,0,0,3088.929042,2243.9290424722662,650.0,120.0,75.0,0.0
27182881,T6,15,9,7,True,45,random,fixed_field,435aead2d5426a6cc9ff6b8648fd6376c4de253291d13252af293fef5ceeef5e,True,True,15,15,205.92860280000002,B3/结果/offline_logs/e12-risk-development-20260911T111939727609/27182881-T6.jsonl,,11219.645212361338,130,120,15,15,0,0,3088.929042,2243.9290424722662,650.0,120.0,75.0,0.0
27182882,E11,16,6,6,False,5,random,fixed_field,2a1b969a43f076668d935de1d310cf4fdf40e8babcce5ce57ffc6fe78e3416dc,True,True,16,16,228.086247625,B3/结果/offline_logs/e12-risk-development-20260911T111939727609/27182882-E11.jsonl,,14591.899808788412,109,100,18,16,2,0,3649.379962,2918.3799617576833,545.0,100.0,80.0,6.0
27182882,T2,16,6,7,True,0,random,fixed_field,2a1b969a43f076668d935de1d310cf4fdf40e8babcce5ce57ffc6fe78e3416dc,True,True,16,16,232.6342748125,B3/结果/offline_logs/e12-risk-development-20260911T111939727609/27182882-T2.jsonl,,14630.741985201257,118,108,22,16,6,0,3722.148397,2926.1483970402505,590.0,108.0,80.0,18.0
27182882,T4,16,6,7,True,0,random,fixed_field,2a1b969a43f076668d935de1d310cf4fdf40e8babcce5ce57ffc6fe78e3416dc,True,True,16,16,232.6342748125,B3/结果/offline_logs/e12-risk-development-20260911T111939727609/27182882-T4.jsonl,,14630.741985201257,118,108,22,16,6,0,3722.148397,2926.1483970402505,590.0,108.0,80.0,18.0
27182882,T6,16,6,7,True,0,random,fixed_field,2a1b969a43f076668d935de1d310cf4fdf40e8babcce5ce57ffc6fe78e3416dc,True,True,16,16,232.6342748125,B3/结果/offline_logs/e12-risk-development-20260911T111939727609/27182882-T6.jsonl,,14630.741985201257,118,108,22,16,6,0,3722.148397,2926.1483970402505,590.0,108.0,80.0,18.0
27182883,E11,10,8,6,False,40,random,fixed_field,dbd12230468e774bd66f0f46d255e07b0b99c9ddc1688053dcc9567571c7c52b,True,True,10,10,292.6027785,B3/结果/offline_logs/e12-risk-development-20260911T111939727609/27182883-E11.jsonl,,11030.138925757296,113,105,10,10,0,0,2926.027785,2206.0277851514593,565.0,105.0,50.0,0.0
27182883,T2,10,8,7,True,15,random,fixed_field,dbd12230468e774bd66f0f46d255e07b0b99c9ddc1688053dcc9567571c7c52b,True,True,10,10,289.59402220000004,B3/结果/offline_logs/e12-risk-development-20260911T111939727609/27182883-T2.jsonl,,10519.701111953329,126,112,10,10,0,0,2895.940222,2103.9402223906663,630.0,112.0,50.0,0.0
27182883,T4,10,8,7,True,15,random,fixed_field,dbd12230468e774bd66f0f46d255e07b0b99c9ddc1688053dcc9567571c7c52b,True,True,10,10,289.59402220000004,B3/结果/offline_logs/e12-risk-development-20260911T111939727609/27182883-T4.jsonl,,10519.701111953329,126,112,10,10,0,0,2895.940222,2103.9402223906663,630.0,112.0,50.0,0.0
27182883,T6,10,8,7,True,15,random,fixed_field,dbd12230468e774bd66f0f46d255e07b0b99c9ddc1688053dcc9567571c7c52b,True,True,10,10,289.59402220000004,B3/结果/offline_logs/e12-risk-development-20260911T111939727609/27182883-T6.jsonl,,10519.701111953329,126,112,10,10,0,0,2895.940222,2103.9402223906663,630.0,112.0,50.0,0.0
27182884,E11,11,4,6,False,45,random,fixed_field,9da7a884b8fa889add8ad2db238db205f3aa97b9d95c82331f86c40b6dfe80f7,True,True,11,11,314.1229622727273,B3/结果/offline_logs/e12-risk-development-20260911T111939727609/27182884-E11.jsonl,,13586.76292626802,113,106,15,11,4,0,3455.352585,2717.3525852536045,565.0,106.0,55.0,12.0
27182884,T2,11,4,7,True,50,random,fixed_field,9da7a884b8fa889add8ad2db238db205f3aa97b9d95c82331f86c40b6dfe80f7,True,True,11,11,305.92517609090913,B3/结果/offline_logs/e12-risk-development-20260911T111939727609/27182884-T2.jsonl,,12605.884685715708,132,126,12,11,1,0,3365.176937,2521.176937143141,660.0,126.0,55.0,3.0
27182884,T4,11,4,7,True,50,random,fixed_field,9da7a884b8fa889add8ad2db238db205f3aa97b9d95c82331f86c40b6dfe80f7,True,True,11,11,305.92517609090913,B3/结果/offline_logs/e12-risk-development-20260911T111939727609/27182884-T4.jsonl,,12605.884685715708,132,126,12,11,1,0,3365.176937,2521.176937143141,660.0,126.0,55.0,3.0
27182884,T6,11,4,6,True,45,random,fixed_field,9da7a884b8fa889add8ad2db238db205f3aa97b9d95c82331f86c40b6dfe80f7,True,True,11,11,314.1229622727273,B3/结果/offline_logs/e12-risk-development-20260911T111939727609/27182884-T6.jsonl,,13586.76292626802,113,106,15,11,4,0,3455.352585,2717.3525852536045,565.0,106.0,55.0,12.0
27182885,E11,12,5,6,False,35,random,fixed_field,c9cd36a777fa79b38d6c9f76151ffd0a17eea673abe825fb3f077a6668d0e090,True,True,12,12,277.64484608333333,B3/结果/offline_logs/e12-risk-development-20260911T111939727609/27182885-E11.jsonl,,12938.69076257212,116,104,12,12,0,0,3331.738153,2587.7381525144224,580.0,104.0,60.0,0.0
27182885,T2,12,5,7,True,40,random,fixed_field,c9cd36a777fa79b38d6c9f76151ffd0a17eea673abe825fb3f077a6668d0e090,True,True,12,12,321.50832833333334,B3/结果/offline_logs/e12-risk-development-20260911T111939727609/27182885-T2.jsonl,,15005.499698775138,132,122,17,12,5,0,3858.09994,3001.0999397550263,660.0,122.0,60.0,15.0
27182885,T4,12,5,7,True,40,random,fixed_field,c9cd36a777fa79b38d6c9f76151ffd0a17eea673abe825fb3f077a6668d0e090,True,True,12,12,321.50832833333334,B3/结果/offline_logs/e12-risk-development-20260911T111939727609/27182885-T4.jsonl,,15005.499698775138,132,122,17,12,5,0,3858.09994,3001.0999397550263,660.0,122.0,60.0,15.0
27182885,T6,12,5,6,True,35,random,fixed_field,c9cd36a777fa79b38d6c9f76151ffd0a17eea673abe825fb3f077a6668d0e090,True,True,12,12,277.64484608333333,B3/结果/offline_logs/e12-risk-development-20260911T111939727609/27182885-T6.jsonl,,12938.69076257212,116,104,12,12,0,0,3331.738153,2587.7381525144224,580.0,104.0,60.0,0.0
27182886,E11,13,5,6,False,25,random,fixed_field,1c5704dffddc817970d07d3c98e65a1891d72a0f46aeae9a71202a1a4eb25707,True,True,13,13,272.34380699999997,B3/结果/offline_logs/e12-risk-development-20260911T111939727609/27182886-E11.jsonl,,13867.34745303897,118,106,15,13,2,0,3540.469491,2773.469490607795,590.0,106.0,65.0,6.0
27182886,T2,13,5,7,True,30,random,fixed_field,1c5704dffddc817970d07d3c98e65a1891d72a0f46aeae9a71202a1a4eb25707,True,True,13,13,297.9364655384615,B3/结果/offline_logs/e12-risk-development-20260911T111939727609/27182886-T2.jsonl,,15185.870259896357,128,116,18,13,5,0,3873.174052,3037.1740519792706,640.0,116.0,65.0,15.0
27182886,T4,13,5,7,True,30,random,fixed_field,1c5704dffddc817970d07d3c98e65a1891d72a0f46aeae9a71202a1a4eb25707,True,True,13,13,297.9364655384615,B3/结果/offline_logs/e12-risk-development-20260911T111939727609/27182886-T4.jsonl,,15185.870259896357,128,116,18,13,5,0,3873.174052,3037.1740519792706,640.0,116.0,65.0,15.0
27182886,T6,13,5,6,True,25,random,fixed_field,1c5704dffddc817970d07d3c98e65a1891d72a0f46aeae9a71202a1a4eb25707,True,True,13,13,272.34380699999997,B3/结果/offline_logs/e12-risk-development-20260911T111939727609/27182886-T6.jsonl,,13867.34745303897,118,106,15,13,2,0,3540.469491,2773.469490607795,590.0,106.0,65.0,6.0
27182887,E11,14,6,6,False,20,random,fixed_field,2c4a93ea3e6b6b75ae16f2dda4147a911b9108aa8ec26674db84ce7033b18a0b,True,True,14,14,283.0903137857143,B3/结果/offline_logs/e12-risk-development-20260911T111939727609/27182887-E11.jsonl,,16461.321963970342,102,91,14,14,0,0,3963.264393,3292.26439279407,510.0,91.0,70.0,0.0
27182887,T2,14,6,7,True,25,random,fixed_field,2c4a93ea3e6b6b75ae16f2dda4147a911b9108aa8ec26674db84ce7033b18a0b,True,True,14,14,257.7516925,B3/结果/offline_logs/e12-risk-development-20260911T111939727609/27182887-T2.jsonl,,13907.618474851508,128,114,15,14,1,0,3608.523695,2781.523694970302,640.0,114.0,70.0,3.0
27182887,T4,14,6,7,True,25,random,fixed_field,2c4a93ea3e6b6b75ae16f2dda4147a911b9108aa8ec26674db84ce7033b18a0b,True,True,14,14,257.7516925,B3/结果/offline_logs/e12-risk-development-20260911T111939727609/27182887-T4.jsonl,,13907.618474851508,128,114,15,14,1,0,3608.523695,2781.523694970302,640.0,114.0,70.0,3.0
27182887,T6,14,6,7,True,25,random,fixed_field,2c4a93ea3e6b6b75ae16f2dda4147a911b9108aa8ec26674db84ce7033b18a0b,True,True,14,14,257.7516925,B3/结果/offline_logs/e12-risk-development-20260911T111939727609/27182887-T6.jsonl,,13907.618474851508,128,114,15,14,1,0,3608.523695,2781.523694970302,640.0,114.0,70.0,3.0
27182888,E11,15,9,6,False,0,random,fixed_field,e8452b6e47658608d353dcecefa65bb87c790856f985702aa1201a71472915d6,True,True,15,15,251.4329536666667,B3/结果/offline_logs/e12-risk-development-20260911T111939727609/27182888-E11.jsonl,,15242.471522978743,110,95,16,15,1,0,3771.494305,3048.494304595748,550.0,95.0,75.0,3.0
27182888,T2,15,9,7,True,20,random,fixed_field,e8452b6e47658608d353dcecefa65bb87c790856f985702aa1201a71472915d6,True,True,15,15,255.01541033333334,B3/结果/offline_logs/e12-risk-development-20260911T111939727609/27182888-T2.jsonl,,15226.155775131389,119,104,17,15,2,0,3825.231155,3045.231155026278,595.0,104.0,75.0,6.0
27182888,T4,15,9,7,True,20,random,fixed_field,e8452b6e47658608d353dcecefa65bb87c790856f985702aa1201a71472915d6,True,True,15,15,255.01541033333334,B3/结果/offline_logs/e12-risk-development-20260911T111939727609/27182888-T4.jsonl,,15226.155775131389,119,104,17,15,2,0,3825.231155,3045.231155026278,595.0,104.0,75.0,6.0
27182888,T6,15,9,7,True,20,random,fixed_field,e8452b6e47658608d353dcecefa65bb87c790856f985702aa1201a71472915d6,True,True,15,15,255.01541033333334,B3/结果/offline_logs/e12-risk-development-20260911T111939727609/27182888-T6.jsonl,,15226.155775131389,119,104,17,15,2,0,3825.231155,3045.231155026278,595.0,104.0,75.0,6.0
27182889,E11,16,4,6,False,35,random,fixed_field,899caa97317f9c331d19613b2d1516ea9b2e6efe7c5348ce09f91e540a50a032,True,True,16,16,224.7177503125,B3/结果/offline_logs/e12-risk-development-20260911T111939727609/27182889-E11.jsonl,,13802.42002336061,128,112,17,16,1,0,3595.484005,2760.484004672123,640.0,112.0,80.0,3.0
27182889,T2,16,4,7,True,20,random,fixed_field,899caa97317f9c331d19613b2d1516ea9b2e6efe7c5348ce09f91e540a50a032,True,True,16,16,211.1947339375,B3/结果/offline_logs/e12-risk-development-20260911T111939727609/27182889-T2.jsonl,,12780.578713483053,127,108,16,16,0,0,3379.115743,2556.115742696611,635.0,108.0,80.0,0.0
27182889,T4,16,4,7,True,20,random,fixed_field,899caa97317f9c331d19613b2d1516ea9b2e6efe7c5348ce09f91e540a50a032,True,True,16,16,211.1947339375,B3/结果/offline_logs/e12-risk-development-20260911T111939727609/27182889-T4.jsonl,,12780.578713483053,127,108,16,16,0,0,3379.115743,2556.115742696611,635.0,108.0,80.0,0.0
27182889,T6,16,4,6,True,35,random,fixed_field,899caa97317f9c331d19613b2d1516ea9b2e6efe7c5348ce09f91e540a50a032,True,True,16,16,224.7177503125,B3/结果/offline_logs/e12-risk-development-20260911T111939727609/27182889-T6.jsonl,,13802.42002336061,128,112,17,16,1,0,3595.484005,2760.484004672123,640.0,112.0,80.0,3.0
27182890,E11,10,5,6,False,45,random,fixed_field,82ea55739dad852cd3be54393515c6ebff996172761b27b11219b05a82b544a5,True,True,10,10,337.2234844,B3/结果/offline_logs/e12-risk-development-20260911T111939727609/27182890-E11.jsonl,,13466.174218256936,105,101,11,10,1,0,3372.234844,2693.2348436513876,525.0,101.0,50.0,3.0
27182890,T2,10,5,7,True,15,random,fixed_field,82ea55739dad852cd3be54393515c6ebff996172761b27b11219b05a82b544a5,True,True,10,10,303.8318135,B3/结果/offline_logs/e12-risk-development-20260911T111939727609/27182890-T2.jsonl,,10881.590672691002,137,127,10,10,0,0,3038.318135,2176.3181345382,685.0,127.0,50.0,0.0
27182890,T4,10,5,7,True,15,random,fixed_field,82ea55739dad852cd3be54393515c6ebff996172761b27b11219b05a82b544a5,True,True,10,10,303.8318135,B3/结果/offline_logs/e12-risk-development-20260911T111939727609/27182890-T4.jsonl,,10881.590672691002,137,127,10,10,0,0,3038.318135,2176.3181345382,685.0,127.0,50.0,0.0
27182890,T6,10,5,6,True,45,random,fixed_field,82ea55739dad852cd3be54393515c6ebff996172761b27b11219b05a82b544a5,True,True,10,10,337.2234844,B3/结果/offline_logs/e12-risk-development-20260911T111939727609/27182890-T6.jsonl,,13466.174218256936,105,101,11,10,1,0,3372.234844,2693.2348436513876,525.0,101.0,50.0,3.0
27182891,E11,11,1,6,False,45,random,fixed_field,167eaaa4713f74cd07cf11db5755847607f17b9c1e29c07804b188756ad3efe9,True,True,11,11,345.7918191818182,B3/结果/offline_logs/e12-risk-development-20260911T111939727609/27182891-E11.jsonl,,15318.550053464784,115,110,11,11,0,0,3803.710011,3063.710010692957,575.0,110.0,55.0,0.0
27182891,T2,11,1,6,True,45,random,fixed_field,167eaaa4713f74cd07cf11db5755847607f17b9c1e29c07804b188756ad3efe9,True,True,11,11,345.7918191818182,B3/结果/offline_logs/e12-risk-development-20260911T111939727609/27182891-T2.jsonl,,15318.550053464784,115,110,11,11,0,0,3803.710011,3063.710010692957,575.0,110.0,55.0,0.0
27182891,T4,11,1,6,True,45,random,fixed_field,167eaaa4713f74cd07cf11db5755847607f17b9c1e29c07804b188756ad3efe9,True,True,11,11,345.7918191818182,B3/结果/offline_logs/e12-risk-development-20260911T111939727609/27182891-T4.jsonl,,15318.550053464784,115,110,11,11,0,0,3803.710011,3063.710010692957,575.0,110.0,55.0,0.0
27182891,T6,11,1,6,True,45,random,fixed_field,167eaaa4713f74cd07cf11db5755847607f17b9c1e29c07804b188756ad3efe9,True,True,11,11,345.7918191818182,B3/结果/offline_logs/e12-risk-development-20260911T111939727609/27182891-T6.jsonl,,15318.550053464784,115,110,11,11,0,0,3803.710011,3063.710010692957,575.0,110.0,55.0,0.0
27182892,E11,12,9,6,False,45,random,fixed_field,1938176cd948db5eed50241377f3ed6021431b9af547e7dd96b87737c9cd64cd,True,True,12,12,229.59118908333335,B3/结果/offline_logs/e12-risk-development-20260911T111939727609/27182892-E11.jsonl,,10125.471346419541,112,104,14,12,2,0,2755.094269,2025.094269283909,560.0,104.0,60.0,6.0
27182892,T2,12,9,7,True,45,random,fixed_field,1938176cd948db5eed50241377f3ed6021431b9af547e7dd96b87737c9cd64cd,True,True,12,12,239.87060891666667,B3/结果/offline_logs/e12-risk-development-20260911T111939727609/27182892-T2.jsonl,,10297.236535489947,127,121,13,12,1,0,2878.447307,2059.44730709799,635.0,121.0,60.0,3.0
27182892,T4,12,9,7,True,45,random,fixed_field,1938176cd948db5eed50241377f3ed6021431b9af547e7dd96b87737c9cd64cd,True,True,12,12,239.87060891666667,B3/结果/offline_logs/e12-risk-development-20260911T111939727609/27182892-T4.jsonl,,10297.236535489947,127,121,13,12,1,0,2878.447307,2059.44730709799,635.0,121.0,60.0,3.0
27182892,T6,12,9,7,True,45,random,fixed_field,1938176cd948db5eed50241377f3ed6021431b9af547e7dd96b87737c9cd64cd,True,True,12,12,239.87060891666667,B3/结果/offline_logs/e12-risk-development-20260911T111939727609/27182892-T6.jsonl,,10297.236535489947,127,121,13,12,1,0,2878.447307,2059.44730709799,635.0,121.0,60.0,3.0
27182893,E11,13,5,6,False,55,random,fixed_field,cc445a86bc508c01861dfdb0b3c7875d1018370794c5fcc843ce35180e41be15,True,True,13,13,282.16986323076924,B3/结果/offline_logs/e12-risk-development-20260911T111939727609/27182893-E11.jsonl,,14226.041110392302,122,112,25,13,12,0,3668.208222,2845.2082220784596,610.0,112.0,65.0,36.0
27182893,T2,13,5,7,True,5,random,fixed_field,cc445a86bc508c01861dfdb0b3c7875d1018370794c5fcc843ce35180e41be15,True,True,13,13,306.0045759230769,B3/结果/offline_logs/e12-risk-development-20260911T111939727609/27182893-T2.jsonl,,15420.297433818654,138,130,16,13,3,0,3978.059487,3084.0594867637315,690.0,130.0,65.0,9.0
27182893,T4,13,5,7,True,5,random,fixed_field,cc445a86bc508c01861dfdb0b3c7875d1018370794c5fcc843ce35180e41be15,True,True,13,13,306.0045759230769,B3/结果/offline_logs/e12-risk-development-20260911T111939727609/27182893-T4.jsonl,,15420.297433818654,138,130,16,13,3,0,3978.059487,3084.0594867637315,690.0,130.0,65.0,9.0
27182893,T6,13,5,6,True,55,random,fixed_field,cc445a86bc508c01861dfdb0b3c7875d1018370794c5fcc843ce35180e41be15,True,True,13,13,282.16986323076924,B3/结果/offline_logs/e12-risk-development-20260911T111939727609/27182893-T6.jsonl,,14226.041110392302,122,112,25,13,12,0,3668.208222,2845.2082220784596,610.0,112.0,65.0,36.0
27182894,E11,14,9,6,False,40,random,fixed_field,fe52f39e1389e25f3016716d46785bb0b4c4016582f3779427ae9a4ac4de2c23,True,True,14,14,229.4971287142857,B3/结果/offline_logs/e12-risk-development-20260911T111939727609/27182894-E11.jsonl,,12529.799010303064,109,92,14,14,0,0,3212.959802,2505.9598020606136,545.0,92.0,70.0,0.0
27182894,T2,14,9,7,True,35,random,fixed_field,fe52f39e1389e25f3016716d46785bb0b4c4016582f3779427ae9a4ac4de2c23,True,True,14,14,234.27240071428574,B3/结果/offline_logs/e12-risk-development-20260911T111939727609/27182894-T2.jsonl,,12544.06804810047,119,106,14,14,0,0,3279.81361,2508.8136096200933,595.0,106.0,70.0,0.0
27182894,T4,14,9,7,True,35,random,fixed_field,fe52f39e1389e25f3016716d46785bb0b4c4016582f3779427ae9a4ac4de2c23,True,True,14,14,234.27240071428574,B3/结果/offline_logs/e12-risk-development-20260911T111939727609/27182894-T4.jsonl,,12544.06804810047,119,106,14,14,0,0,3279.81361,2508.8136096200933,595.0,106.0,70.0,0.0
27182894,T6,14,9,7,True,35,random,fixed_field,fe52f39e1389e25f3016716d46785bb0b4c4016582f3779427ae9a4ac4de2c23,True,True,14,14,234.27240071428574,B3/结果/offline_logs/e12-risk-development-20260911T111939727609/27182894-T6.jsonl,,12544.06804810047,119,106,14,14,0,0,3279.81361,2508.8136096200933,595.0,106.0,70.0,0.0
27182895,E11,15,7,6,False,45,random,fixed_field,0407f99bce911500e2aab4042b0311318d515c160a9e8fe648bcfc658d3bdce0,True,True,15,15,227.13862346666667,B3/结果/offline_logs/e12-risk-development-20260911T111939727609/27182895-E11.jsonl,,13490.396758752637,107,99,15,15,0,0,3407.079352,2698.0793517505267,535.0,99.0,75.0,0.0
27182895,T2,15,7,7,True,15,random,fixed_field,0407f99bce911500e2aab4042b0311318d515c160a9e8fe648bcfc658d3bdce0,True,True,15,15,218.1512968,B3/结果/offline_logs/e12-risk-development-20260911T111939727609/27182895-T2.jsonl,,11976.34726179618,134,126,17,15,2,0,3272.269452,2395.2694523592354,670.0,126.0,75.0,6.0
27182895,T4,15,7,7,True,15,random,fixed_field,0407f99bce911500e2aab4042b0311318d515c160a9e8fe648bcfc658d3bdce0,True,True,15,15,218.1512968,B3/结果/offline_logs/e12-risk-development-20260911T111939727609/27182895-T4.jsonl,,11976.34726179618,134,126,17,15,2,0,3272.269452,2395.2694523592354,670.0,126.0,75.0,6.0
27182895,T6,15,7,7,True,15,random,fixed_field,0407f99bce911500e2aab4042b0311318d515c160a9e8fe648bcfc658d3bdce0,True,True,15,15,218.1512968,B3/结果/offline_logs/e12-risk-development-20260911T111939727609/27182895-T6.jsonl,,11976.34726179618,134,126,17,15,2,0,3272.269452,2395.2694523592354,670.0,126.0,75.0,6.0
27182896,E11,16,7,6,False,5,random,fixed_field,4cc9843c547dbda9d6cc3dd8f05b484ce4ad6d3ae061f0048ebc5c271f9d4091,True,True,16,16,231.8621869375,B3/结果/offline_logs/e12-risk-development-20260911T111939727609/27182896-E11.jsonl,,15383.97495401176,93,82,18,16,2,0,3709.794991,3076.794990802351,465.0,82.0,80.0,6.0
27182896,T2,16,7,7,True,35,random,fixed_field,4cc9843c547dbda9d6cc3dd8f05b484ce4ad6d3ae061f0048ebc5c271f9d4091,True,True,16,16,250.0376956875,B3/结果/offline_logs/e12-risk-development-20260911T111939727609/27182896-T2.jsonl,,15998.01565539567,122,108,17,16,1,0,4000.603131,3199.6031310791327,610.0,108.0,80.0,3.0
27182896,T4,16,7,7,True,35,random,fixed_field,4cc9843c547dbda9d6cc3dd8f05b484ce4ad6d3ae061f0048ebc5c271f9d4091,True,True,16,16,250.0376956875,B3/结果/offline_logs/e12-risk-development-20260911T111939727609/27182896-T4.jsonl,,15998.01565539567,122,108,17,16,1,0,4000.603131,3199.6031310791327,610.0,108.0,80.0,3.0
27182896,T6,16,7,7,True,35,random,fixed_field,4cc9843c547dbda9d6cc3dd8f05b484ce4ad6d3ae061f0048ebc5c271f9d4091,True,True,16,16,250.0376956875,B3/结果/offline_logs/e12-risk-development-20260911T111939727609/27182896-T6.jsonl,,15998.01565539567,122,108,17,16,1,0,4000.603131,3199.6031310791327,610.0,108.0,80.0,3.0
27182897,E11,10,3,6,False,20,random,fixed_field,83a8164fa700e56f97896fad055b5243aa2b86386a026ae8a03e9ae5e54b8fec,True,True,10,10,319.0925388,B3/结果/offline_logs/e12-risk-development-20260911T111939727609/27182897-E11.jsonl,,12034.62694245987,124,114,10,10,0,0,3190.925388,2406.9253884919735,620.0,114.0,50.0,0.0
27182897,T2,10,3,7,True,35,random,fixed_field,83a8164fa700e56f97896fad055b5243aa2b86386a026ae8a03e9ae5e54b8fec,True,True,10,10,325.8291391,B3/结果/offline_logs/e12-risk-development-20260911T111939727609/27182897-T2.jsonl,,12051.456954111172,135,123,10,10,0,0,3258.291391,2410.291390822235,675.0,123.0,50.0,0.0
27182897,T4,10,3,6,True,20,random,fixed_field,83a8164fa700e56f97896fad055b5243aa2b86386a026ae8a03e9ae5e54b8fec,True,True,10,10,319.0925388,B3/结果/offline_logs/e12-risk-development-20260911T111939727609/27182897-T4.jsonl,,12034.62694245987,124,114,10,10,0,0,3190.925388,2406.9253884919735,620.0,114.0,50.0,0.0
27182897,T6,10,3,6,True,20,random,fixed_field,83a8164fa700e56f97896fad055b5243aa2b86386a026ae8a03e9ae5e54b8fec,True,True,10,10,319.0925388,B3/结果/offline_logs/e12-risk-development-20260911T111939727609/27182897-T6.jsonl,,12034.62694245987,124,114,10,10,0,0,3190.925388,2406.9253884919735,620.0,114.0,50.0,0.0
27182898,E11,11,8,6,False,25,random,fixed_field,954aa3acf4e8c6e8cabd65f713e843d8355101884399829ec806fac68d44964b,True,True,11,11,250.91331445454546,B3/结果/offline_logs/e12-risk-development-20260911T111939727609/27182898-E11.jsonl,,10160.23229594354,112,104,14,11,3,0,2760.046459,2032.046459188709,560.0,104.0,55.0,9.0
27182898,T2,11,8,7,True,45,random,fixed_field,954aa3acf4e8c6e8cabd65f713e843d8355101884399829ec806fac68d44964b,True,True,11,11,255.74438590909088,B3/结果/offline_logs/e12-risk-development-20260911T111939727609/27182898-T2.jsonl,,9875.941224957209,131,122,13,11,2,0,2813.188245,1975.1882449914424,655.0,122.0,55.0,6.0
27182898,T4,11,8,7,True,45,random,fixed_field,954aa3acf4e8c6e8cabd65f713e843d8355101884399829ec806fac68d44964b,True,True,11,11,255.74438590909088,B3/结果/offline_logs/e12-risk-development-20260911T111939727609/27182898-T4.jsonl,,9875.941224957209,131,122,13,11,2,0,2813.188245,1975.1882449914424,655.0,122.0,55.0,6.0
27182898,T6,11,8,7,True,45,random,fixed_field,954aa3acf4e8c6e8cabd65f713e843d8355101884399829ec806fac68d44964b,True,True,11,11,255.74438590909088,B3/结果/offline_logs/e12-risk-development-20260911T111939727609/27182898-T6.jsonl,,9875.941224957209,131,122,13,11,2,0,2813.188245,1975.1882449914424,655.0,122.0,55.0,6.0
27182899,E11,12,10,6,False,10,random,fixed_field,de15c34454d5a05d5a361131c908631e6ceb071a1c3ad23504c1c21d2a12f056,True,True,12,12,229.07563491666667,B3/结果/offline_logs/e12-risk-development-20260911T111939727609/27182899-E11.jsonl,,10039.538096192988,114,105,14,12,2,0,2748.907619,2007.9076192385978,570.0,105.0,60.0,6.0
27182899,T2,12,10,7,True,30,random,fixed_field,de15c34454d5a05d5a361131c908631e6ceb071a1c3ad23504c1c21d2a12f056,True,True,12,12,242.0449391666667,B3/结果/offline_logs/e12-risk-development-20260911T111939727609/27182899-T2.jsonl,,10507.696351974024,124,114,15,12,3,0,2904.53927,2101.5392703948046,620.0,114.0,60.0,9.0
27182899,T4,12,10,7,True,30,random,fixed_field,de15c34454d5a05d5a361131c908631e6ceb071a1c3ad23504c1c21d2a12f056,True,True,12,12,242.0449391666667,B3/结果/offline_logs/e12-risk-development-20260911T111939727609/27182899-T4.jsonl,,10507.696351974024,124,114,15,12,3,0,2904.53927,2101.5392703948046,620.0,114.0,60.0,9.0
27182899,T6,12,10,7,True,30,random,fixed_field,de15c34454d5a05d5a361131c908631e6ceb071a1c3ad23504c1c21d2a12f056,True,True,12,12,242.0449391666667,B3/结果/offline_logs/e12-risk-development-20260911T111939727609/27182899-T6.jsonl,,10507.696351974024,124,114,15,12,3,0,2904.53927,2101.5392703948046,620.0,114.0,60.0,9.0
27182900,E11,13,4,6,False,15,random,fixed_field,92a5b35a22111ef0b8e6460c3ba22e7c940e3c4ff6d610fde6313314ed3db001,True,True,13,13,271.09214576923074,B3/结果/offline_logs/e12-risk-development-20260911T111939727609/27182900-E11.jsonl,,13465.989476699837,128,117,16,13,3,0,3524.197895,2693.1978953399675,640.0,117.0,65.0,9.0
27182900,T2,13,4,7,True,10,random,fixed_field,92a5b35a22111ef0b8e6460c3ba22e7c940e3c4ff6d610fde6313314ed3db001,True,True,13,13,256.2760473076923,B3/结果/offline_logs/e12-risk-development-20260911T111939727609/27182900-T2.jsonl,,12097.943072961347,143,132,13,13,0,0,3331.588615,2419.588614592269,715.0,132.0,65.0,0.0
27182900,T4,13,4,7,True,10,random,fixed_field,92a5b35a22111ef0b8e6460c3ba22e7c940e3c4ff6d610fde6313314ed3db001,True,True,13,13,256.2760473076923,B3/结果/offline_logs/e12-risk-development-20260911T111939727609/27182900-T4.jsonl,,12097.943072961347,143,132,13,13,0,0,3331.588615,2419.588614592269,715.0,132.0,65.0,0.0
27182900,T6,13,4,6,True,15,random,fixed_field,92a5b35a22111ef0b8e6460c3ba22e7c940e3c4ff6d610fde6313314ed3db001,True,True,13,13,271.09214576923074,B3/结果/offline_logs/e12-risk-development-20260911T111939727609/27182900-T6.jsonl,,13465.989476699837,128,117,16,13,3,0,3524.197895,2693.1978953399675,640.0,117.0,65.0,9.0
27182901,E11,14,7,6,False,40,random,fixed_field,c9302deac1e684449885b690ba2bb1fe1542a882a3d85af665922ab38c722ee2,True,True,14,14,271.37028492857144,B3/结果/offline_logs/e12-risk-development-20260911T111939727609/27182901-E11.jsonl,,15230.919944165387,116,103,14,14,0,0,3799.183989,3046.1839888330787,580.0,103.0,70.0,0.0
27182901,T2,14,7,7,True,15,random,fixed_field,c9302deac1e684449885b690ba2bb1fe1542a882a3d85af665922ab38c722ee2,True,True,14,14,241.93466307142856,B3/结果/offline_logs/e12-risk-development-20260911T111939727609/27182901-T2.jsonl,,12955.426417180584,123,108,15,14,1,0,3387.085283,2591.0852834361176,615.0,108.0,70.0,3.0
27182901,T4,14,7,7,True,15,random,fixed_field,c9302deac1e684449885b690ba2bb1fe1542a882a3d85af665922ab38c722ee2,True,True,14,14,241.93466307142856,B3/结果/offline_logs/e12-risk-development-20260911T111939727609/27182901-T4.jsonl,,12955.426417180584,123,108,15,14,1,0,3387.085283,2591.0852834361176,615.0,108.0,70.0,3.0
27182901,T6,14,7,7,True,15,random,fixed_field,c9302deac1e684449885b690ba2bb1fe1542a882a3d85af665922ab38c722ee2,True,True,14,14,241.93466307142856,B3/结果/offline_logs/e12-risk-development-20260911T111939727609/27182901-T6.jsonl,,12955.426417180584,123,108,15,14,1,0,3387.085283,2591.0852834361176,615.0,108.0,70.0,3.0
27182902,E11,15,7,6,False,15,random,fixed_field,66d1467e5675adb3355eb85b78544e7b690d9b33d7e3b7542a827eb100e48d95,True,True,15,15,231.58928546666667,B3/结果/offline_logs/e12-risk-development-20260911T111939727609/27182902-E11.jsonl,,13404.196411689614,122,108,15,15,0,0,3473.839282,2680.839282337923,610.0,108.0,75.0,0.0
27182902,T2,15,7,7,True,10,random,fixed_field,66d1467e5675adb3355eb85b78544e7b690d9b33d7e3b7542a827eb100e48d95,True,True,15,15,239.83640366666665,B3/结果/offline_logs/e12-risk-development-20260911T111939727609/27182902-T2.jsonl,,13857.730277339777,124,110,22,15,7,0,3597.546055,2771.5460554679553,620.0,110.0,75.0,21.0
27182902,T4,15,7,7,True,10,random,fixed_field,66d1467e5675adb3355eb85b78544e7b690d9b33d7e3b7542a827eb100e48d95,True,True,15,15,239.83640366666665,B3/结果/offline_logs/e12-risk-development-20260911T111939727609/27182902-T4.jsonl,,13857.730277339777,124,110,22,15,7,0,3597.546055,2771.5460554679553,620.0,110.0,75.0,21.0
27182902,T6,15,7,7,True,10,random,fixed_field,66d1467e5675adb3355eb85b78544e7b690d9b33d7e3b7542a827eb100e48d95,True,True,15,15,239.83640366666665,B3/结果/offline_logs/e12-risk-development-20260911T111939727609/27182902-T6.jsonl,,13857.730277339777,124,110,22,15,7,0,3597.546055,2771.5460554679553,620.0,110.0,75.0,21.0
27182903,E11,16,7,6,False,30,random,fixed_field,6f2daa75eae08d5e0bb78fd9763823214f305ccccbaf873e867c9bd73c8be60d,True,True,16,16,243.7795965625,B3/结果/offline_logs/e12-risk-development-20260911T111939727609/27182903-E11.jsonl,,15957.367727039245,105,98,18,16,2,0,3900.473545,3191.4735454078495,525.0,98.0,80.0,6.0
27182903,T2,16,7,7,True,10,random,fixed_field,6f2daa75eae08d5e0bb78fd9763823214f305ccccbaf873e867c9bd73c8be60d,True,True,16,16,224.6296133125,B3/结果/offline_logs/e12-risk-development-20260911T111939727609/27182903-T2.jsonl,,14095.369066762798,118,99,18,16,2,0,3594.073813,2819.0738133525583,590.0,99.0,80.0,6.0
27182903,T4,16,7,7,True,10,random,fixed_field,6f2daa75eae08d5e0bb78fd9763823214f305ccccbaf873e867c9bd73c8be60d,True,True,16,16,224.6296133125,B3/结果/offline_logs/e12-risk-development-20260911T111939727609/27182903-T4.jsonl,,14095.369066762798,118,99,18,16,2,0,3594.073813,2819.0738133525583,590.0,99.0,80.0,6.0
27182903,T6,16,7,7,True,10,random,fixed_field,6f2daa75eae08d5e0bb78fd9763823214f305ccccbaf873e867c9bd73c8be60d,True,True,16,16,224.6296133125,B3/结果/offline_logs/e12-risk-development-20260911T111939727609/27182903-T6.jsonl,,14095.369066762798,118,99,18,16,2,0,3594.073813,2819.0738133525583,590.0,99.0,80.0,6.0
27182904,E11,10,7,6,False,20,random,fixed_field,34c613b2aa97bc9776ae3bfe4054a6ab9a6c725816ed7ec3ba1cc86b6aad5180,True,True,10,10,326.2848348,B3/结果/offline_logs/e12-risk-development-20260911T111939727609/27182904-E11.jsonl,,12649.24174084654,115,105,11,10,1,0,3262.848348,2529.8483481693083,575.0,105.0,50.0,3.0
27182904,T2,10,7,7,True,5,random,fixed_field,34c613b2aa97bc9776ae3bfe4054a6ab9a6c725816ed7ec3ba1cc86b6aad5180,True,True,10,10,328.7334325,B3/结果/offline_logs/e12-risk-development-20260911T111939727609/27182904-T2.jsonl,,12266.671624994031,132,124,10,10,0,0,3287.334325,2453.334324998805,660.0,124.0,50.0,0.0
27182904,T4,10,7,7,True,5,random,fixed_field,34c613b2aa97bc9776ae3bfe4054a6ab9a6c725816ed7ec3ba1cc86b6aad5180,True,True,10,10,328.7334325,B3/结果/offline_logs/e12-risk-development-20260911T111939727609/27182904-T4.jsonl,,12266.671624994031,132,124,10,10,0,0,3287.334325,2453.334324998805,660.0,124.0,50.0,0.0
27182904,T6,10,7,7,True,5,random,fixed_field,34c613b2aa97bc9776ae3bfe4054a6ab9a6c725816ed7ec3ba1cc86b6aad5180,True,True,10,10,328.7334325,B3/结果/offline_logs/e12-risk-development-20260911T111939727609/27182904-T6.jsonl,,12266.671624994031,132,124,10,10,0,0,3287.334325,2453.334324998805,660.0,124.0,50.0,0.0
27182905,E11,11,5,6,False,15,random,fixed_field,2449afb54a331bbd8d9bbd0a4184aefde4223b019c69c1cbbb2204e6293a866a,True,True,11,11,283.1296223636364,B3/结果/offline_logs/e12-risk-development-20260911T111939727609/27182905-E11.jsonl,,11562.12923061713,125,116,13,11,2,0,3114.425846,2312.4258461234267,625.0,116.0,55.0,6.0
27182905,T2,11,5,7,True,20,random,fixed_field,2449afb54a331bbd8d9bbd0a4184aefde4223b019c69c1cbbb2204e6293a866a,True,True,11,11,271.85609654545453,B3/结果/offline_logs/e12-risk-development-20260911T111939727609/27182905-T2.jsonl,,10897.085310085371,127,121,11,11,0,0,2990.417062,2179.4170620170744,635.0,121.0,55.0,0.0
27182905,T4,11,5,7,True,20,random,fixed_field,2449afb54a331bbd8d9bbd0a4184aefde4223b019c69c1cbbb2204e6293a866a,True,True,11,11,271.85609654545453,B3/结果/offline_logs/e12-risk-development-20260911T111939727609/27182905-T4.jsonl,,10897.085310085371,127,121,11,11,0,0,2990.417062,2179.4170620170744,635.0,121.0,55.0,0.0
27182905,T6,11,5,6,True,15,random,fixed_field,2449afb54a331bbd8d9bbd0a4184aefde4223b019c69c1cbbb2204e6293a866a,True,True,11,11,283.1296223636364,B3/结果/offline_logs/e12-risk-development-20260911T111939727609/27182905-T6.jsonl,,11562.12923061713,125,116,13,11,2,0,3114.425846,2312.4258461234267,625.0,116.0,55.0,6.0
27182906,E11,12,3,6,False,35,random,fixed_field,173d8d24af42c70692a3f7f5c81bcae274c4699a63dd803104e60eafafac45ca,True,True,12,12,312.720376,B3/结果/offline_logs/e12-risk-development-20260911T111939727609/27182906-E11.jsonl,,14888.222561305394,120,109,14,12,2,0,3752.644512,2977.64451226108,600.0,109.0,60.0,6.0
27182906,T2,12,3,7,True,50,random,fixed_field,173d8d24af42c70692a3f7f5c81bcae274c4699a63dd803104e60eafafac45ca,True,True,12,12,326.9401185,B3/结果/offline_logs/e12-risk-development-20260911T111939727609/27182906-T2.jsonl,,14761.407107944126,154,141,12,12,0,0,3923.281422,2952.2814215888257,770.0,141.0,60.0,0.0
27182906,T4,12,3,6,True,35,random,fixed_field,173d8d24af42c70692a3f7f5c81bcae274c4699a63dd803104e60eafafac45ca,True,True,12,12,312.720376,B3/结果/offline_logs/e12-risk-development-20260911T111939727609/27182906-T4.jsonl,,14888.222561305394,120,109,14,12,2,0,3752.644512,2977.64451226108,600.0,109.0,60.0,6.0
27182906,T6,12,3,6,True,35,random,fixed_field,173d8d24af42c70692a3f7f5c81bcae274c4699a63dd803104e60eafafac45ca,True,True,12,12,312.720376,B3/结果/offline_logs/e12-risk-development-20260911T111939727609/27182906-T6.jsonl,,14888.222561305394,120,109,14,12,2,0,3752.644512,2977.64451226108,600.0,109.0,60.0,6.0
27182907,E11,13,4,6,False,25,random,fixed_field,789ae5ebad5a3ab511f35f7bcf3a7d29661ded3ceba3b6dce9161e530f52b7d6,True,True,13,13,318.2362223846154,B3/结果/offline_logs/e12-risk-development-20260911T111939727609/27182907-E11.jsonl,,16900.354457267505,117,107,13,13,0,0,4137.070891,3380.0708914535026,585.0,107.0,65.0,0.0
27182907,T2,13,4,7,True,35,random,fixed_field,789ae5ebad5a3ab511f35f7bcf3a7d29661ded3ceba3b6dce9161e530f52b7d6,True,True,13,13,304.77446323076924,B3/结果/offline_logs/e12-risk-development-20260911T111939727609/27182907-T2.jsonl,,15720.340109280287,127,118,13,13,0,0,3962.068022,3144.0680218560574,635.0,118.0,65.0,0.0
27182907,T4,13,4,7,True,35,random,fixed_field,789ae5ebad5a3ab511f35f7bcf3a7d29661ded3ceba3b6dce9161e530f52b7d6,True,True,13,13,304.77446323076924,B3/结果/offline_logs/e12-risk-development-20260911T111939727609/27182907-T4.jsonl,,15720.340109280287,127,118,13,13,0,0,3962.068022,3144.0680218560574,635.0,118.0,65.0,0.0
27182907,T6,13,4,6,True,25,random,fixed_field,789ae5ebad5a3ab511f35f7bcf3a7d29661ded3ceba3b6dce9161e530f52b7d6,True,True,13,13,318.2362223846154,B3/结果/offline_logs/e12-risk-development-20260911T111939727609/27182907-T6.jsonl,,16900.354457267505,117,107,13,13,0,0,4137.070891,3380.0708914535026,585.0,107.0,65.0,0.0
27182908,E11,14,5,6,False,15,random,fixed_field,c8f60d3afbdab7033996572ebc6874b576abe7567b41dfc9a09e912979dfc95f,True,True,14,14,291.34333192857144,B3/结果/offline_logs/e12-risk-development-20260911T111939727609/27182908-E11.jsonl,,16654.03323630243,114,105,15,14,1,0,4078.806647,3330.806647260487,570.0,105.0,70.0,3.0
27182908,T2,14,5,7,True,0,random,fixed_field,c8f60d3afbdab7033996572ebc6874b576abe7567b41dfc9a09e912979dfc95f,True,True,14,14,252.71640592857145,B3/结果/offline_logs/e12-risk-development-20260911T111939727609/27182908-T2.jsonl,,13305.148413531097,135,129,15,14,1,0,3538.029683,2661.0296827062193,675.0,129.0,70.0,3.0
27182908,T4,14,5,7,True,0,random,fixed_field,c8f60d3afbdab7033996572ebc6874b576abe7567b41dfc9a09e912979dfc95f,True,True,14,14,252.71640592857145,B3/结果/offline_logs/e12-risk-development-20260911T111939727609/27182908-T4.jsonl,,13305.148413531097,135,129,15,14,1,0,3538.029683,2661.0296827062193,675.0,129.0,70.0,3.0
27182908,T6,14,5,6,True,15,random,fixed_field,c8f60d3afbdab7033996572ebc6874b576abe7567b41dfc9a09e912979dfc95f,True,True,14,14,291.34333192857144,B3/结果/offline_logs/e12-risk-development-20260911T111939727609/27182908-T6.jsonl,,16654.03323630243,114,105,15,14,1,0,4078.806647,3330.806647260487,570.0,105.0,70.0,3.0
27182909,E11,15,7,6,False,35,random,fixed_field,1581ecae7a28f7fb3f6a0b04c1cf6c4241d4af020958b29c4ad034bb112e936c,True,True,15,15,251.95115326666667,B3/结果/offline_logs/e12-risk-development-20260911T111939727609/27182909-E11.jsonl,,15396.336495263013,105,94,17,15,2,0,3779.267299,3079.2672990526034,525.0,94.0,75.0,6.0
27182909,T2,15,7,7,True,35,random,fixed_field,1581ecae7a28f7fb3f6a0b04c1cf6c4241d4af020958b29c4ad034bb112e936c,True,True,15,15,233.83053993333334,B3/结果/offline_logs/e12-risk-development-20260911T111939727609/27182909-T2.jsonl,,13302.290493562183,130,116,17,15,2,0,3507.458099,2660.4580987124364,650.0,116.0,75.0,6.0
27182909,T4,15,7,7,True,35,random,fixed_field,1581ecae7a28f7fb3f6a0b04c1cf6c4241d4af020958b29c4ad034bb112e936c,True,True,15,15,233.83053993333334,B3/结果/offline_logs/e12-risk-development-20260911T111939727609/27182909-T4.jsonl,,13302.290493562183,130,116,17,15,2,0,3507.458099,2660.4580987124364,650.0,116.0,75.0,6.0
27182909,T6,15,7,7,True,35,random,fixed_field,1581ecae7a28f7fb3f6a0b04c1cf6c4241d4af020958b29c4ad034bb112e936c,True,True,15,15,233.83053993333334,B3/结果/offline_logs/e12-risk-development-20260911T111939727609/27182909-T6.jsonl,,13302.290493562183,130,116,17,15,2,0,3507.458099,2660.4580987124364,650.0,116.0,75.0,6.0
27182910,E11,16,5,6,False,30,random,fixed_field,def0eb95f1c99a0e31b9c932e1d7fea4e60d04d031b77f9dfdd012f82f41a421,True,True,16,16,241.207687625,B3/结果/offline_logs/e12-risk-development-20260911T111939727609/27182910-E11.jsonl,,15641.615008392024,110,92,19,16,3,0,3859.323002,3128.3230016784037,550.0,92.0,80.0,9.0
27182910,T2,16,5,7,True,50,random,fixed_field,def0eb95f1c99a0e31b9c932e1d7fea4e60d04d031b77f9dfdd012f82f41a421,True,True,16,16,236.0359553125,B3/结果/offline_logs/e12-risk-development-20260911T111939727609/27182910-T2.jsonl,,14582.87642651236,129,117,22,16,6,0,3776.575285,2916.5752853024724,645.0,117.0,80.0,18.0
27182910,T4,16,5,7,True,50,random,fixed_field,def0eb95f1c99a0e31b9c932e1d7fea4e60d04d031b77f9dfdd012f82f41a421,True,True,16,16,236.0359553125,B3/结果/offline_logs/e12-risk-development-20260911T111939727609/27182910-T4.jsonl,,14582.87642651236,129,117,22,16,6,0,3776.575285,2916.5752853024724,645.0,117.0,80.0,18.0
27182910,T6,16,5,6,True,30,random,fixed_field,def0eb95f1c99a0e31b9c932e1d7fea4e60d04d031b77f9dfdd012f82f41a421,True,True,16,16,241.207687625,B3/结果/offline_logs/e12-risk-development-20260911T111939727609/27182910-T6.jsonl,,15641.615008392024,110,92,19,16,3,0,3859.323002,3128.3230016784037,550.0,92.0,80.0,9.0
27182911,E11,10,9,6,False,30,random,fixed_field,0c86c931515f4449beec667e08617e10de29ef790517863df6e076d8c482c0c0,True,True,10,10,265.31009290000003,B3/结果/offline_logs/e12-risk-development-20260911T111939727609/27182911-E11.jsonl,,9505.504643315242,117,111,12,10,2,0,2653.100929,1901.1009286630485,585.0,111.0,50.0,6.0
27182911,T2,10,9,7,True,50,random,fixed_field,0c86c931515f4449beec667e08617e10de29ef790517863df6e076d8c482c0c0,True,True,10,10,276.8003382,B3/结果/offline_logs/e12-risk-development-20260911T111939727609/27182911-T2.jsonl,,9640.016909380232,133,122,11,10,1,0,2768.003382,1928.0033818760464,665.0,122.0,50.0,3.0
27182911,T4,10,9,7,True,50,random,fixed_field,0c86c931515f4449beec667e08617e10de29ef790517863df6e076d8c482c0c0,True,True,10,10,276.8003382,B3/结果/offline_logs/e12-risk-development-20260911T111939727609/27182911-T4.jsonl,,9640.016909380232,133,122,11,10,1,0,2768.003382,1928.0033818760464,665.0,122.0,50.0,3.0
27182911,T6,10,9,7,True,50,random,fixed_field,0c86c931515f4449beec667e08617e10de29ef790517863df6e076d8c482c0c0,True,True,10,10,276.8003382,B3/结果/offline_logs/e12-risk-development-20260911T111939727609/27182911-T6.jsonl,,9640.016909380232,133,122,11,10,1,0,2768.003382,1928.0033818760464,665.0,122.0,50.0,3.0
27182912,E11,11,3,6,False,10,random,fixed_field,e951b248c3e0d4800b5c6fc332ea69d8fd75b4e351a66fe9d82c78fa21477145,True,True,11,11,338.33934663636364,B3/结果/offline_logs/e12-risk-development-20260911T111939727609/27182912-E11.jsonl,,14603.664063828297,126,116,11,11,0,0,3721.732813,2920.7328127656588,630.0,116.0,55.0,0.0
27182912,T2,11,3,7,True,5,random,fixed_field,e951b248c3e0d4800b5c6fc332ea69d8fd75b4e351a66fe9d82c78fa21477145,True,True,11,11,327.43590163636367,B3/结果/offline_logs/e12-risk-development-20260911T111939727609/27182912-T2.jsonl,,13828.974591553591,131,123,12,11,1,0,3601.794918,2765.7949183107185,655.0,123.0,55.0,3.0
27182912,T4,11,3,6,True,10,random,fixed_field,e951b248c3e0d4800b5c6fc332ea69d8fd75b4e351a66fe9d82c78fa21477145,True,True,11,11,338.33934663636364,B3/结果/offline_logs/e12-risk-development-20260911T111939727609/27182912-T4.jsonl,,14603.664063828297,126,116,11,11,0,0,3721.732813,2920.7328127656588,630.0,116.0,55.0,0.0
27182912,T6,11,3,6,True,10,random,fixed_field,e951b248c3e0d4800b5c6fc332ea69d8fd75b4e351a66fe9d82c78fa21477145,True,True,11,11,338.33934663636364,B3/结果/offline_logs/e12-risk-development-20260911T111939727609/27182912-T6.jsonl,,14603.664063828297,126,116,11,11,0,0,3721.732813,2920.7328127656588,630.0,116.0,55.0,0.0
27182913,E11,12,5,6,False,0,random,fixed_field,0bc03d528c8bacdd57f5d3807a7271e52f36be97d59f808458d7b6b9dff0ba1c,True,True,12,12,264.29664983333333,B3/结果/offline_logs/e12-risk-development-20260911T111939727609/27182913-E11.jsonl,,12212.79899054768,113,104,12,12,0,0,3171.559798,2442.5597981095357,565.0,104.0,60.0,0.0
27182913,T2,12,5,7,True,5,random,fixed_field,0bc03d528c8bacdd57f5d3807a7271e52f36be97d59f808458d7b6b9dff0ba1c,True,True,12,12,261.83027,B3/结果/offline_logs/e12-risk-development-20260911T111939727609/27182913-T2.jsonl,,11604.81619937403,129,116,12,12,0,0,3141.96324,2320.963239874807,645.0,116.0,60.0,0.0
27182913,T4,12,5,7,True,5,random,fixed_field,0bc03d528c8bacdd57f5d3807a7271e52f36be97d59f808458d7b6b9dff0ba1c,True,True,12,12,261.83027,B3/结果/offline_logs/e12-risk-development-20260911T111939727609/27182913-T4.jsonl,,11604.81619937403,129,116,12,12,0,0,3141.96324,2320.963239874807,645.0,116.0,60.0,0.0
27182913,T6,12,5,6,True,0,random,fixed_field,0bc03d528c8bacdd57f5d3807a7271e52f36be97d59f808458d7b6b9dff0ba1c,True,True,12,12,264.29664983333333,B3/结果/offline_logs/e12-risk-development-20260911T111939727609/27182913-T6.jsonl,,12212.79899054768,113,104,12,12,0,0,3171.559798,2442.5597981095357,565.0,104.0,60.0,0.0
27182914,E11,13,4,6,False,10,random,fixed_field,a4e48881019d8dcf55c6f11ba2cc78f15820bf3c51cfe058780c511ee6798071,True,True,13,13,262.44793623076924,B3/结果/offline_logs/e12-risk-development-20260911T111939727609/27182914-E11.jsonl,,13319.115857047504,115,102,15,13,2,0,3411.823171,2663.8231714095014,575.0,102.0,65.0,6.0
27182914,T2,13,4,7,True,0,random,fixed_field,a4e48881019d8dcf55c6f11ba2cc78f15820bf3c51cfe058780c511ee6798071,True,True,13,13,295.36373515384616,B3/结果/offline_logs/e12-risk-development-20260911T111939727609/27182914-T2.jsonl,,15133.64278713732,126,112,15,13,2,0,3839.728557,3026.728557427463,630.0,112.0,65.0,6.0
27182914,T4,13,4,7,True,0,random,fixed_field,a4e48881019d8dcf55c6f11ba2cc78f15820bf3c51cfe058780c511ee6798071,True,True,13,13,295.36373515384616,B3/结果/offline_logs/e12-risk-development-20260911T111939727609/27182914-T4.jsonl,,15133.64278713732,126,112,15,13,2,0,3839.728557,3026.728557427463,630.0,112.0,65.0,6.0
27182914,T6,13,4,6,True,10,random,fixed_field,a4e48881019d8dcf55c6f11ba2cc78f15820bf3c51cfe058780c511ee6798071,True,True,13,13,262.44793623076924,B3/结果/offline_logs/e12-risk-development-20260911T111939727609/27182914-T6.jsonl,,13319.115857047504,115,102,15,13,2,0,3411.823171,2663.8231714095014,575.0,102.0,65.0,6.0
27182915,E11,14,8,6,False,55,random,fixed_field,01917d81c30808241c4ebcf73bb7d94ff1b3944813c8cc611b12f9d60b917ce1,True,True,14,14,268.0274524285714,B3/结果/offline_logs/e12-risk-development-20260911T111939727609/27182915-E11.jsonl,,15386.921671024207,102,89,16,14,2,0,3752.384334,3077.384334204842,510.0,89.0,70.0,6.0
27182915,T2,14,8,7,True,5,random,fixed_field,01917d81c30808241c4ebcf73bb7d94ff1b3944813c8cc611b12f9d60b917ce1,True,True,14,14,258.3802897857143,B3/结果/offline_logs/e12-risk-development-20260911T111939727609/27182915-T2.jsonl,,14106.620285988021,123,108,15,14,1,0,3617.324057,2821.324057197604,615.0,108.0,70.0,3.0
27182915,T4,14,8,7,True,5,random,fixed_field,01917d81c30808241c4ebcf73bb7d94ff1b3944813c8cc611b12f9d60b917ce1,True,True,14,14,258.3802897857143,B3/结果/offline_logs/e12-risk-development-20260911T111939727609/27182915-T4.jsonl,,14106.620285988021,123,108,15,14,1,0,3617.324057,2821.324057197604,615.0,108.0,70.0,3.0
27182915,T6,14,8,7,True,5,random,fixed_field,01917d81c30808241c4ebcf73bb7d94ff1b3944813c8cc611b12f9d60b917ce1,True,True,14,14,258.3802897857143,B3/结果/offline_logs/e12-risk-development-20260911T111939727609/27182915-T6.jsonl,,14106.620285988021,123,108,15,14,1,0,3617.324057,2821.324057197604,615.0,108.0,70.0,3.0
27182916,E11,15,8,6,False,50,random,fixed_field,01e4800dc2c09474d9fc5517264f65f31ec0bb73961846f9672d80e1095a8944,True,True,15,15,250.8555516,B3/结果/offline_logs/e12-risk-development-20260911T111939727609/27182916-E11.jsonl,,15149.166368767395,110,105,16,15,1,0,3762.833274,3029.8332737534797,550.0,105.0,75.0,3.0
27182916,T2,15,8,7,True,20,random,fixed_field,01e4800dc2c09474d9fc5517264f65f31ec0bb73961846f9672d80e1095a8944,True,True,15,15,231.52602446666666,B3/结果/offline_logs/e12-risk-development-20260911T111939727609/27182916-T2.jsonl,,13489.451836683853,117,109,17,15,2,0,3472.890367,2697.8903673367713,585.0,109.0,75.0,6.0
27182916,T4,15,8,7,True,20,random,fixed_field,01e4800dc2c09474d9fc5517264f65f31ec0bb73961846f9672d80e1095a8944,True,True,15,15,231.52602446666666,B3/结果/offline_logs/e12-risk-development-20260911T111939727609/27182916-T4.jsonl,,13489.451836683853,117,109,17,15,2,0,3472.890367,2697.8903673367713,585.0,109.0,75.0,6.0
27182916,T6,15,8,7,True,20,random,fixed_field,01e4800dc2c09474d9fc5517264f65f31ec0bb73961846f9672d80e1095a8944,True,True,15,15,231.52602446666666,B3/结果/offline_logs/e12-risk-development-20260911T111939727609/27182916-T6.jsonl,,13489.451836683853,117,109,17,15,2,0,3472.890367,2697.8903673367713,585.0,109.0,75.0,6.0
27182917,E11,16,11,6,False,0,random,fixed_field,2086ac4d3d4015443978d50bf3523961c86ef1a72295a8bd76f473fb331057ec,True,True,16,16,241.854225875,B3/结果/offline_logs/e12-risk-development-20260911T111939727609/27182917-E11.jsonl,,15623.338072207627,113,100,16,16,0,0,3869.667614,3124.667614441526,565.0,100.0,80.0,0.0
27182917,T2,16,11,7,True,10,random,fixed_field,2086ac4d3d4015443978d50bf3523961c86ef1a72295a8bd76f473fb331057ec,True,True,16,16,230.113811125,B3/结果/offline_logs/e12-risk-development-20260911T111939727609/27182917-T2.jsonl,,14269.104888366968,127,110,17,16,1,0,3681.820978,2853.8209776733956,635.0,110.0,80.0,3.0
27182917,T4,16,11,7,True,10,random,fixed_field,2086ac4d3d4015443978d50bf3523961c86ef1a72295a8bd76f473fb331057ec,True,True,16,16,230.113811125,B3/结果/offline_logs/e12-risk-development-20260911T111939727609/27182917-T4.jsonl,,14269.104888366968,127,110,17,16,1,0,3681.820978,2853.8209776733956,635.0,110.0,80.0,3.0
27182917,T6,16,11,7,True,10,random,fixed_field,2086ac4d3d4015443978d50bf3523961c86ef1a72295a8bd76f473fb331057ec,True,True,16,16,230.113811125,B3/结果/offline_logs/e12-risk-development-20260911T111939727609/27182917-T6.jsonl,,14269.104888366968,127,110,17,16,1,0,3681.820978,2853.8209776733956,635.0,110.0,80.0,3.0
27182918,E11,10,5,6,False,0,random,fixed_field,d0ddbd30da54da9465d81590c9f9d3797c349c611f84e2a78be159b102493c0a,True,True,10,10,290.8323149,B3/结果/offline_logs/e12-risk-development-20260911T111939727609/27182918-E11.jsonl,,10751.615746228334,119,107,12,10,2,0,2908.323149,2150.3231492456666,595.0,107.0,50.0,6.0
27182918,T2,10,5,7,True,40,random,fixed_field,d0ddbd30da54da9465d81590c9f9d3797c349c611f84e2a78be159b102493c0a,True,True,10,10,310.05363769999997,B3/结果/offline_logs/e12-risk-development-20260911T111939727609/27182918-T2.jsonl,,11267.681886675875,132,125,14,10,4,0,3100.536377,2253.536377335175,660.0,125.0,50.0,12.0
27182918,T4,10,5,7,True,40,random,fixed_field,d0ddbd30da54da9465d81590c9f9d3797c349c611f84e2a78be159b102493c0a,True,True,10,10,310.05363769999997,B3/结果/offline_logs/e12-risk-development-20260911T111939727609/27182918-T4.jsonl,,11267.681886675875,132,125,14,10,4,0,3100.536377,2253.536377335175,660.0,125.0,50.0,12.0
27182918,T6,10,5,6,True,0,random,fixed_field,d0ddbd30da54da9465d81590c9f9d3797c349c611f84e2a78be159b102493c0a,True,True,10,10,290.8323149,B3/结果/offline_logs/e12-risk-development-20260911T111939727609/27182918-T6.jsonl,,10751.615746228334,119,107,12,10,2,0,2908.323149,2150.3231492456666,595.0,107.0,50.0,6.0
27182919,E11,11,8,6,False,30,random,fixed_field,3ade7bb8b1b25759d6a5bd89b7279e1bd03680f7ac01278d37e7cb58bdf357e4,True,True,11,11,270.0137587272727,B3/结果/offline_logs/e12-risk-development-20260911T111939727609/27182919-E11.jsonl,,11035.756732128293,119,110,12,11,1,0,2970.151346,2207.1513464256577,595.0,110.0,55.0,3.0
27182919,T2,11,8,7,True,45,random,fixed_field,3ade7bb8b1b25759d6a5bd89b7279e1bd03680f7ac01278d37e7cb58bdf357e4,True,True,11,11,304.534834,B3/结果/offline_logs/e12-risk-development-20260911T111939727609/27182919-T2.jsonl,,12644.415872179201,128,123,12,11,1,0,3349.883174,2528.883174435841,640.0,123.0,55.0,3.0
27182919,T4,11,8,7,True,45,random,fixed_field,3ade7bb8b1b25759d6a5bd89b7279e1bd03680f7ac01278d37e7cb58bdf357e4,True,True,11,11,304.534834,B3/结果/offline_logs/e12-risk-development-20260911T111939727609/27182919-T4.jsonl,,12644.415872179201,128,123,12,11,1,0,3349.883174,2528.883174435841,640.0,123.0,55.0,3.0
27182919,T6,11,8,7,True,45,random,fixed_field,3ade7bb8b1b25759d6a5bd89b7279e1bd03680f7ac01278d37e7cb58bdf357e4,True,True,11,11,304.534834,B3/结果/offline_logs/e12-risk-development-20260911T111939727609/27182919-T6.jsonl,,12644.415872179201,128,123,12,11,1,0,3349.883174,2528.883174435841,640.0,123.0,55.0,3.0
27182920,E11,12,5,6,False,20,random,fixed_field,0b9a1c2a38cc002113b7a602717234df9590f840339738295afd2cf6091ab88b,True,True,12,12,280.47820575,B3/结果/offline_logs/e12-risk-development-20260911T111939727609/27182920-E11.jsonl,,12868.692344981062,124,112,12,12,0,0,3365.738469,2573.7384689962114,620.0,112.0,60.0,0.0
27182920,T2,12,5,7,True,5,random,fixed_field,0b9a1c2a38cc002113b7a602717234df9590f840339738295afd2cf6091ab88b,True,True,12,12,327.04401633333333,B3/结果/offline_logs/e12-risk-development-20260911T111939727609/27182920-T2.jsonl,,15492.64097943433,129,121,12,12,0,0,3924.528196,3098.528195886866,645.0,121.0,60.0,0.0
27182920,T4,12,5,7,True,5,random,fixed_field,0b9a1c2a38cc002113b7a602717234df9590f840339738295afd2cf6091ab88b,True,True,12,12,327.04401633333333,B3/结果/offline_logs/e12-risk-development-20260911T111939727609/27182920-T4.jsonl,,15492.64097943433,129,121,12,12,0,0,3924.528196,3098.528195886866,645.0,121.0,60.0,0.0
27182920,T6,12,5,6,True,20,random,fixed_field,0b9a1c2a38cc002113b7a602717234df9590f840339738295afd2cf6091ab88b,True,True,12,12,280.47820575,B3/结果/offline_logs/e12-risk-development-20260911T111939727609/27182920-T6.jsonl,,12868.692344981062,124,112,12,12,0,0,3365.738469,2573.7384689962114,620.0,112.0,60.0,0.0
27182921,E11,13,5,6,False,35,random,fixed_field,1102d7fda9208571c38a7d76f483cc66d892474d819caa7facf3d678769088e0,True,True,13,13,252.77530184615384,B3/结果/offline_logs/e12-risk-development-20260911T111939727609/27182921-E11.jsonl,,12235.394618488217,130,121,14,13,1,0,3286.078924,2447.078923697643,650.0,121.0,65.0,3.0
27182921,T2,13,5,7,True,30,random,fixed_field,1102d7fda9208571c38a7d76f483cc66d892474d819caa7facf3d678769088e0,True,True,13,13,242.80879361538462,B3/结果/offline_logs/e12-risk-development-20260911T111939727609/27182921-T2.jsonl,,11167.571585308771,144,129,16,13,3,0,3156.514317,2233.514317061754,720.0,129.0,65.0,9.0
27182921,T4,13,5,7,True,30,random,fixed_field,1102d7fda9208571c38a7d76f483cc66d892474d819caa7facf3d678769088e0,True,True,13,13,242.80879361538462,B3/结果/offline_logs/e12-risk-development-20260911T111939727609/27182921-T4.jsonl,,11167.571585308771,144,129,16,13,3,0,3156.514317,2233.514317061754,720.0,129.0,65.0,9.0
27182921,T6,13,5,6,True,35,random,fixed_field,1102d7fda9208571c38a7d76f483cc66d892474d819caa7facf3d678769088e0,True,True,13,13,252.77530184615384,B3/结果/offline_logs/e12-risk-development-20260911T111939727609/27182921-T6.jsonl,,12235.394618488217,130,121,14,13,1,0,3286.078924,2447.078923697643,650.0,121.0,65.0,3.0
27182922,E11,14,4,6,False,40,random,fixed_field,eff52bc0e1e0ca30333fcf6ea8755c32fc5a08c9a008e5a6f8bd0451c26eb627,True,True,14,14,250.54998521428573,B3/结果/offline_logs/e12-risk-development-20260911T111939727609/27182922-E11.jsonl,,13263.498962804584,133,120,14,14,0,0,3507.699793,2652.6997925609176,665.0,120.0,70.0,0.0
27182922,T2,14,4,7,True,40,random,fixed_field,eff52bc0e1e0ca30333fcf6ea8755c32fc5a08c9a008e5a6f8bd0451c26eb627,True,True,14,14,252.87772035714286,B3/结果/offline_logs/e12-risk-development-20260911T111939727609/27182922-T2.jsonl,,13781.440422725234,121,106,15,14,1,0,3540.288085,2756.2880845450463,605.0,106.0,70.0,3.0
27182922,T4,14,4,7,True,40,random,fixed_field,eff52bc0e1e0ca30333fcf6ea8755c32fc5a08c9a008e5a6f8bd0451c26eb627,True,True,14,14,252.87772035714286,B3/结果/offline_logs/e12-risk-development-20260911T111939727609/27182922-T4.jsonl,,13781.440422725234,121,106,15,14,1,0,3540.288085,2756.2880845450463,605.0,106.0,70.0,3.0
27182922,T6,14,4,6,True,40,random,fixed_field,eff52bc0e1e0ca30333fcf6ea8755c32fc5a08c9a008e5a6f8bd0451c26eb627,True,True,14,14,250.54998521428573,B3/结果/offline_logs/e12-risk-development-20260911T111939727609/27182922-T6.jsonl,,13263.498962804584,133,120,14,14,0,0,3507.699793,2652.6997925609176,665.0,120.0,70.0,0.0
27182923,E11,15,5,6,False,0,random,fixed_field,eefbfb4cc075e167f1bdc691b9168b603bf028c0180a91b5ffc6831363972592,True,True,15,15,247.41579166666668,B3/结果/offline_logs/e12-risk-development-20260911T111939727609/27182923-E11.jsonl,,14811.184376581976,113,100,18,15,3,0,3711.236875,2962.2368753163955,565.0,100.0,75.0,9.0
27182923,T2,15,5,7,True,15,random,fixed_field,eefbfb4cc075e167f1bdc691b9168b603bf028c0180a91b5ffc6831363972592,True,True,15,15,245.04672280000003,B3/结果/offline_logs/e12-risk-development-20260911T111939727609/27182923-T2.jsonl,,14408.50420891162,122,109,15,15,0,0,3675.700842,2881.700841782324,610.0,109.0,75.0,0.0
27182923,T4,15,5,7,True,15,random,fixed_field,eefbfb4cc075e167f1bdc691b9168b603bf028c0180a91b5ffc6831363972592,True,True,15,15,245.04672280000003,B3/结果/offline_logs/e12-risk-development-20260911T111939727609/27182923-T4.jsonl,,14408.50420891162,122,109,15,15,0,0,3675.700842,2881.700841782324,610.0,109.0,75.0,0.0
27182923,T6,15,5,6,True,0,random,fixed_field,eefbfb4cc075e167f1bdc691b9168b603bf028c0180a91b5ffc6831363972592,True,True,15,15,247.41579166666668,B3/结果/offline_logs/e12-risk-development-20260911T111939727609/27182923-T6.jsonl,,14811.184376581976,113,100,18,15,3,0,3711.236875,2962.2368753163955,565.0,100.0,75.0,9.0
27182924,E11,16,11,6,False,5,random,fixed_field,325befd4c900a371e68784d49b72487b654436a62c02d545982ec8ba2a405cbd,True,True,16,16,235.5947500625,B3/结果/offline_logs/e12-risk-development-20260911T111939727609/27182924-E11.jsonl,,15227.580003952593,108,98,18,16,2,0,3769.516001,3045.5160007905174,540.0,98.0,80.0,6.0
27182924,T2,16,11,7,True,50,random,fixed_field,325befd4c900a371e68784d49b72487b654436a62c02d545982ec8ba2a405cbd,True,True,16,16,216.9596954375,B3/结果/offline_logs/e12-risk-development-20260911T111939727609/27182924-T2.jsonl,,13751.775632742028,108,98,17,16,1,0,3471.355127,2750.3551265484057,540.0,98.0,80.0,3.0
27182924,T4,16,11,7,True,50,random,fixed_field,325befd4c900a371e68784d49b72487b654436a62c02d545982ec8ba2a405cbd,True,True,16,16,216.9596954375,B3/结果/offline_logs/e12-risk-development-20260911T111939727609/27182924-T4.jsonl,,13751.775632742028,108,98,17,16,1,0,3471.355127,2750.3551265484057,540.0,98.0,80.0,3.0
27182924,T6,16,11,7,True,50,random,fixed_field,325befd4c900a371e68784d49b72487b654436a62c02d545982ec8ba2a405cbd,True,True,16,16,216.9596954375,B3/结果/offline_logs/e12-risk-development-20260911T111939727609/27182924-T6.jsonl,,13751.775632742028,108,98,17,16,1,0,3471.355127,2750.3551265484057,540.0,98.0,80.0,3.0
27182925,E11,10,5,6,False,45,random,fixed_field,1f8b1045f8d6a67f7e7792beb12eef0d9de1fa9755fcc70a775a46f92122b5fd,True,True,10,10,335.2658568,B3/结果/offline_logs/e12-risk-development-20260911T111939727609/27182925-E11.jsonl,,12968.292841135302,119,108,12,10,2,0,3352.658568,2593.658568227061,595.0,108.0,50.0,6.0
27182925,T2,10,5,7,True,40,random,fixed_field,1f8b1045f8d6a67f7e7792beb12eef0d9de1fa9755fcc70a775a46f92122b5fd,True,True,10,10,337.8680268,B3/结果/offline_logs/e12-risk-development-20260911T111939727609/27182925-T2.jsonl,,12678.401337619236,134,123,10,10,0,0,3378.680268,2535.6802675238473,670.0,123.0,50.0,0.0
27182925,T4,10,5,7,True,40,random,fixed_field,1f8b1045f8d6a67f7e7792beb12eef0d9de1fa9755fcc70a775a46f92122b5fd,True,True,10,10,337.8680268,B3/结果/offline_logs/e12-risk-development-20260911T111939727609/27182925-T4.jsonl,,12678.401337619236,134,123,10,10,0,0,3378.680268,2535.6802675238473,670.0,123.0,50.0,0.0
27182925,T6,10,5,6,True,45,random,fixed_field,1f8b1045f8d6a67f7e7792beb12eef0d9de1fa9755fcc70a775a46f92122b5fd,True,True,10,10,335.2658568,B3/结果/offline_logs/e12-risk-development-20260911T111939727609/27182925-T6.jsonl,,12968.292841135302,119,108,12,10,2,0,3352.658568,2593.658568227061,595.0,108.0,50.0,6.0
27182926,E11,11,7,6,False,55,random,fixed_field,89ba6526b70d6af9295d4d6cac73c22684f8d27444ad2f8d9937b652d1c87776,True,True,11,11,261.33006890909087,B3/结果/offline_logs/e12-risk-development-20260911T111939727609/27182926-E11.jsonl,,10638.153792293935,117,107,11,11,0,0,2874.630758,2127.630758458786,585.0,107.0,55.0,0.0
27182926,T2,11,7,7,True,10,random,fixed_field,89ba6526b70d6af9295d4d6cac73c22684f8d27444ad2f8d9937b652d1c87776,True,True,11,11,279.21664736363635,B3/结果/offline_logs/e12-risk-development-20260911T111939727609/27182926-T2.jsonl,,10646.915604698153,149,139,12,11,1,0,3071.383121,2129.383120939631,745.0,139.0,55.0,3.0
27182926,T4,11,7,7,True,10,random,fixed_field,89ba6526b70d6af9295d4d6cac73c22684f8d27444ad2f8d9937b652d1c87776,True,True,11,11,279.21664736363635,B3/结果/offline_logs/e12-risk-development-20260911T111939727609/27182926-T4.jsonl,,10646.915604698153,149,139,12,11,1,0,3071.383121,2129.383120939631,745.0,139.0,55.0,3.0
27182926,T6,11,7,7,True,10,random,fixed_field,89ba6526b70d6af9295d4d6cac73c22684f8d27444ad2f8d9937b652d1c87776,True,True,11,11,279.21664736363635,B3/结果/offline_logs/e12-risk-development-20260911T111939727609/27182926-T6.jsonl,,10646.915604698153,149,139,12,11,1,0,3071.383121,2129.383120939631,745.0,139.0,55.0,3.0
27182927,E11,12,10,6,False,30,random,fixed_field,ff51fbf0990bca739fa1abc38cb3deed38141da7eba2d45f71c91cbac2f46042,True,True,12,12,246.36757775,B3/结果/offline_logs/e12-risk-development-20260911T111939727609/27182927-E11.jsonl,,11147.054662675862,112,104,13,12,1,0,2956.410933,2229.4109325351715,560.0,104.0,60.0,3.0
27182927,T2,12,10,7,True,15,random,fixed_field,ff51fbf0990bca739fa1abc38cb3deed38141da7eba2d45f71c91cbac2f46042,True,True,12,12,235.88078741666666,B3/结果/offline_logs/e12-risk-development-20260911T111939727609/27182927-T2.jsonl,,10537.847242853359,110,104,15,12,3,0,2830.569449,2107.5694485706713,550.0,104.0,60.0,9.0
27182927,T4,12,10,7,True,15,random,fixed_field,ff51fbf0990bca739fa1abc38cb3deed38141da7eba2d45f71c91cbac2f46042,True,True,12,12,235.88078741666666,B3/结果/offline_logs/e12-risk-development-20260911T111939727609/27182927-T4.jsonl,,10537.847242853359,110,104,15,12,3,0,2830.569449,2107.5694485706713,550.0,104.0,60.0,9.0
27182927,T6,12,10,7,True,15,random,fixed_field,ff51fbf0990bca739fa1abc38cb3deed38141da7eba2d45f71c91cbac2f46042,True,True,12,12,235.88078741666666,B3/结果/offline_logs/e12-risk-development-20260911T111939727609/27182927-T6.jsonl,,10537.847242853359,110,104,15,12,3,0,2830.569449,2107.5694485706713,550.0,104.0,60.0,9.0
27182928,E11,13,7,6,False,40,random,fixed_field,053c2803ac519cac0f70a6a630e6368346b23352ce2d20429e68d144f0ac9698,True,True,13,13,249.96004523076923,B3/结果/offline_logs/e12-risk-development-20260911T111939727609/27182928-E11.jsonl,,12307.402937512534,122,110,14,13,1,0,3249.480588,2461.4805875025063,610.0,110.0,65.0,3.0
27182928,T2,13,7,7,True,5,random,fixed_field,053c2803ac519cac0f70a6a630e6368346b23352ce2d20429e68d144f0ac9698,True,True,13,13,224.421484,B3/结果/offline_logs/e12-risk-development-20260911T111939727609/27182928-T2.jsonl,,10577.396458550591,125,103,16,13,3,0,2917.479292,2115.4792917101176,625.0,103.0,65.0,9.0
27182928,T4,13,7,7,True,5,random,fixed_field,053c2803ac519cac0f70a6a630e6368346b23352ce2d20429e68d144f0ac9698,True,True,13,13,224.421484,B3/结果/offline_logs/e12-risk-development-20260911T111939727609/27182928-T4.jsonl,,10577.396458550591,125,103,16,13,3,0,2917.479292,2115.4792917101176,625.0,103.0,65.0,9.0
27182928,T6,13,7,7,True,5,random,fixed_field,053c2803ac519cac0f70a6a630e6368346b23352ce2d20429e68d144f0ac9698,True,True,13,13,224.421484,B3/结果/offline_logs/e12-risk-development-20260911T111939727609/27182928-T6.jsonl,,10577.396458550591,125,103,16,13,3,0,2917.479292,2115.4792917101176,625.0,103.0,65.0,9.0
27182929,E11,14,10,6,False,0,random,fixed_field,07989024a989644d2f3d3f56414d48f1a498a4275843b3fe8f139480b6f23257,True,True,14,14,236.15025635714284,B3/结果/offline_logs/e12-risk-development-20260911T111939727609/27182929-E11.jsonl,,12925.517944422287,108,102,17,14,3,0,3306.103589,2585.1035888844576,540.0,102.0,70.0,9.0
27182929,T2,14,10,7,True,45,random,fixed_field,07989024a989644d2f3d3f56414d48f1a498a4275843b3fe8f139480b6f23257,True,True,14,14,226.5744862857143,B3/结果/offline_logs/e12-risk-development-20260911T111939727609/27182929-T2.jsonl,,11810.214040829607,126,110,14,14,0,0,3172.042808,2362.042808165921,630.0,110.0,70.0,0.0
27182929,T4,14,10,7,True,45,random,fixed_field,07989024a989644d2f3d3f56414d48f1a498a4275843b3fe8f139480b6f23257,True,True,14,14,226.5744862857143,B3/结果/offline_logs/e12-risk-development-20260911T111939727609/27182929-T4.jsonl,,11810.214040829607,126,110,14,14,0,0,3172.042808,2362.042808165921,630.0,110.0,70.0,0.0
27182929,T6,14,10,7,True,45,random,fixed_field,07989024a989644d2f3d3f56414d48f1a498a4275843b3fe8f139480b6f23257,True,True,14,14,226.5744862857143,B3/结果/offline_logs/e12-risk-development-20260911T111939727609/27182929-T6.jsonl,,11810.214040829607,126,110,14,14,0,0,3172.042808,2362.042808165921,630.0,110.0,70.0,0.0
27182930,E11,15,6,6,False,45,random,fixed_field,d1c7c7f9de524052afc8e8bbfe2678506819ad9a0f1f5a3a02a2288fb9fb305c,True,True,15,15,263.7197924,B3/结果/offline_logs/e12-risk-development-20260911T111939727609/27182930-E11.jsonl,,15853.98442847069,120,107,16,15,1,0,3955.796886,3170.7968856941384,600.0,107.0,75.0,3.0
27182930,T2,15,6,7,True,35,random,fixed_field,d1c7c7f9de524052afc8e8bbfe2678506819ad9a0f1f5a3a02a2288fb9fb305c,True,True,15,15,246.9328682,B3/结果/offline_logs/e12-risk-development-20260911T111939727609/27182930-T2.jsonl,,14629.96511576079,120,100,16,15,1,0,3703.993023,2925.9930231521585,600.0,100.0,75.0,3.0
27182930,T4,15,6,7,True,35,random,fixed_field,d1c7c7f9de524052afc8e8bbfe2678506819ad9a0f1f5a3a02a2288fb9fb305c,True,True,15,15,246.9328682,B3/结果/offline_logs/e12-risk-development-20260911T111939727609/27182930-T4.jsonl,,14629.96511576079,120,100,16,15,1,0,3703.993023,2925.9930231521585,600.0,100.0,75.0,3.0
27182930,T6,15,6,7,True,35,random,fixed_field,d1c7c7f9de524052afc8e8bbfe2678506819ad9a0f1f5a3a02a2288fb9fb305c,True,True,15,15,246.9328682,B3/结果/offline_logs/e12-risk-development-20260911T111939727609/27182930-T6.jsonl,,14629.96511576079,120,100,16,15,1,0,3703.993023,2925.9930231521585,600.0,100.0,75.0,3.0
27182931,E11,16,9,6,False,35,random,fixed_field,b66b89b2e8fbc9df20b30ffcb650c763ab6dfc8b49405e022af1c5f8e1f25951,True,True,16,16,205.503441,B3/结果/offline_logs/e12-risk-development-20260911T111939727609/27182931-E11.jsonl,,12480.275278400231,120,106,18,16,2,0,3288.055056,2496.0550556800454,600.0,106.0,80.0,6.0
27182931,T2,16,9,7,True,15,random,fixed_field,b66b89b2e8fbc9df20b30ffcb650c763ab6dfc8b49405e022af1c5f8e1f25951,True,True,16,16,174.4878524375,B3/结果/offline_logs/e12-risk-development-20260911T111939727609/27182931-T2.jsonl,,10644.02819298927,99,85,17,16,1,0,2791.805639,2128.805638597853,495.0,85.0,80.0,3.0
27182931,T4,16,9,7,True,15,random,fixed_field,b66b89b2e8fbc9df20b30ffcb650c763ab6dfc8b49405e022af1c5f8e1f25951,True,True,16,16,174.4878524375,B3/结果/offline_logs/e12-risk-development-20260911T111939727609/27182931-T4.jsonl,,10644.02819298927,99,85,17,16,1,0,2791.805639,2128.805638597853,495.0,85.0,80.0,3.0
27182931,T6,16,9,7,True,15,random,fixed_field,b66b89b2e8fbc9df20b30ffcb650c763ab6dfc8b49405e022af1c5f8e1f25951,True,True,16,16,174.4878524375,B3/结果/offline_logs/e12-risk-development-20260911T111939727609/27182931-T6.jsonl,,10644.02819298927,99,85,17,16,1,0,2791.805639,2128.805638597853,495.0,85.0,80.0,3.0
27182932,E11,10,7,6,False,40,random,fixed_field,20bce74f238f5fe4691ac096117318bb0a3baebdc79a964d478ceb29a687df6b,True,True,10,10,323.5517049,B3/结果/offline_logs/e12-risk-development-20260911T111939727609/27182932-E11.jsonl,,12442.5852441706,117,109,11,10,1,0,3235.517049,2488.5170488341205,585.0,109.0,50.0,3.0
27182932,T2,10,7,7,True,45,random,fixed_field,20bce74f238f5fe4691ac096117318bb0a3baebdc79a964d478ceb29a687df6b,True,True,10,10,298.06912320000004,B3/结果/offline_logs/e12-risk-development-20260911T111939727609/27182932-T2.jsonl,,10713.456161799108,133,123,10,10,0,0,2980.691232,2142.691232359822,665.0,123.0,50.0,0.0
27182932,T4,10,7,7,True,45,random,fixed_field,20bce74f238f5fe4691ac096117318bb0a3baebdc79a964d478ceb29a687df6b,True,True,10,10,298.06912320000004,B3/结果/offline_logs/e12-risk-development-20260911T111939727609/27182932-T4.jsonl,,10713.456161799108,133,123,10,10,0,0,2980.691232,2142.691232359822,665.0,123.0,50.0,0.0
27182932,T6,10,7,7,True,45,random,fixed_field,20bce74f238f5fe4691ac096117318bb0a3baebdc79a964d478ceb29a687df6b,True,True,10,10,298.06912320000004,B3/结果/offline_logs/e12-risk-development-20260911T111939727609/27182932-T6.jsonl,,10713.456161799108,133,123,10,10,0,0,2980.691232,2142.691232359822,665.0,123.0,50.0,0.0
27182933,E11,11,5,6,False,35,random,fixed_field,212288ceb370ce7a896a00333768470d47d88ca9b854f7701cbd681379b764df,True,True,11,11,292.00695,B3/结果/offline_logs/e12-risk-development-20260911T111939727609/27182933-E11.jsonl,,12110.382250265173,124,115,11,11,0,0,3212.07645,2422.0764500530345,620.0,115.0,55.0,0.0
27182933,T2,11,5,7,True,20,random,fixed_field,212288ceb370ce7a896a00333768470d47d88ca9b854f7701cbd681379b764df,True,True,11,11,300.896017,B3/结果/offline_logs/e12-risk-development-20260911T111939727609/27182933-T2.jsonl,,12069.280936697623,143,126,11,11,0,0,3309.856187,2413.8561873395242,715.0,126.0,55.0,0.0
27182933,T4,11,5,7,True,20,random,fixed_field,212288ceb370ce7a896a00333768470d47d88ca9b854f7701cbd681379b764df,True,True,11,11,300.896017,B3/结果/offline_logs/e12-risk-development-20260911T111939727609/27182933-T4.jsonl,,12069.280936697623,143,126,11,11,0,0,3309.856187,2413.8561873395242,715.0,126.0,55.0,0.0
27182933,T6,11,5,6,True,35,random,fixed_field,212288ceb370ce7a896a00333768470d47d88ca9b854f7701cbd681379b764df,True,True,11,11,292.00695,B3/结果/offline_logs/e12-risk-development-20260911T111939727609/27182933-T6.jsonl,,12110.382250265173,124,115,11,11,0,0,3212.07645,2422.0764500530345,620.0,115.0,55.0,0.0
27182934,E11,12,4,6,False,30,random,fixed_field,a65c7607b0d81fe918a10184c0ec8871f447adc20e2b1d066d3fbd1636b965ae,True,True,12,12,297.101992,B3/结果/offline_logs/e12-risk-development-20260911T111939727609/27182934-E11.jsonl,,14081.119522059777,116,106,13,12,1,0,3565.223904,2816.223904411955,580.0,106.0,60.0,3.0
27182934,T2,12,4,7,True,30,random,fixed_field,a65c7607b0d81fe918a10184c0ec8871f447adc20e2b1d066d3fbd1636b965ae,True,True,12,12,288.88748825,B3/结果/offline_logs/e12-risk-development-20260911T111939727609/27182934-T2.jsonl,,13043.249293610288,136,118,12,12,0,0,3466.649859,2608.649858722058,680.0,118.0,60.0,0.0
27182934,T4,12,4,7,True,30,random,fixed_field,a65c7607b0d81fe918a10184c0ec8871f447adc20e2b1d066d3fbd1636b965ae,True,True,12,12,288.88748825,B3/结果/offline_logs/e12-risk-development-20260911T111939727609/27182934-T4.jsonl,,13043.249293610288,136,118,12,12,0,0,3466.649859,2608.649858722058,680.0,118.0,60.0,0.0
27182934,T6,12,4,6,True,30,random,fixed_field,a65c7607b0d81fe918a10184c0ec8871f447adc20e2b1d066d3fbd1636b965ae,True,True,12,12,297.101992,B3/结果/offline_logs/e12-risk-development-20260911T111939727609/27182934-T6.jsonl,,14081.119522059777,116,106,13,12,1,0,3565.223904,2816.223904411955,580.0,106.0,60.0,3.0
27182935,E11,13,6,6,False,10,random,fixed_field,4890011564ed1619694e94d03c43e6312e8952fdc2bd79bfa3d579fa2ca13bdd,True,True,13,13,267.9876093846154,B3/结果/offline_logs/e12-risk-development-20260911T111939727609/27182935-E11.jsonl,,13649.194612282803,116,106,14,13,1,0,3483.838922,2729.8389224565612,580.0,106.0,65.0,3.0
27182935,T2,13,6,7,True,35,random,fixed_field,4890011564ed1619694e94d03c43e6312e8952fdc2bd79bfa3d579fa2ca13bdd,True,True,13,13,246.16864484615385,B3/结果/offline_logs/e12-risk-development-20260911T111939727609/27182935-T2.jsonl,,11720.961914141039,133,120,15,13,2,0,3200.192383,2344.192382828208,665.0,120.0,65.0,6.0
27182935,T4,13,6,7,True,35,random,fixed_field,4890011564ed1619694e94d03c43e6312e8952fdc2bd79bfa3d579fa2ca13bdd,True,True,13,13,246.16864484615385,B3/结果/offline_logs/e12-risk-development-20260911T111939727609/27182935-T4.jsonl,,11720.961914141039,133,120,15,13,2,0,3200.192383,2344.192382828208,665.0,120.0,65.0,6.0
27182935,T6,13,6,7,True,35,random,fixed_field,4890011564ed1619694e94d03c43e6312e8952fdc2bd79bfa3d579fa2ca13bdd,True,True,13,13,246.16864484615385,B3/结果/offline_logs/e12-risk-development-20260911T111939727609/27182935-T6.jsonl,,11720.961914141039,133,120,15,13,2,0,3200.192383,2344.192382828208,665.0,120.0,65.0,6.0
27182936,E11,14,9,6,False,40,random,fixed_field,8729e3d583ec9d3fe76427671e451adc2b27a1e945d9c2274325ba5fabaa382b,True,True,14,14,222.66158857142858,B3/结果/offline_logs/e12-risk-development-20260911T111939727609/27182936-E11.jsonl,,11991.3111976607,109,101,15,14,1,0,3117.26224,2398.262239532139,545.0,101.0,70.0,3.0
27182936,T2,14,9,7,True,40,random,fixed_field,8729e3d583ec9d3fe76427671e451adc2b27a1e945d9c2274325ba5fabaa382b,True,True,14,14,222.6056627857143,B3/结果/offline_logs/e12-risk-development-20260911T111939727609/27182936-T2.jsonl,,11862.396394131585,114,104,14,14,0,0,3116.479279,2372.479278826316,570.0,104.0,70.0,0.0
27182936,T4,14,9,7,True,40,random,fixed_field,8729e3d583ec9d3fe76427671e451adc2b27a1e945d9c2274325ba5fabaa382b,True,True,14,14,222.6056627857143,B3/结果/offline_logs/e12-risk-development-20260911T111939727609/27182936-T4.jsonl,,11862.396394131585,114,104,14,14,0,0,3116.479279,2372.479278826316,570.0,104.0,70.0,0.0
27182936,T6,14,9,7,True,40,random,fixed_field,8729e3d583ec9d3fe76427671e451adc2b27a1e945d9c2274325ba5fabaa382b,True,True,14,14,222.6056627857143,B3/结果/offline_logs/e12-risk-development-20260911T111939727609/27182936-T6.jsonl,,11862.396394131585,114,104,14,14,0,0,3116.479279,2372.479278826316,570.0,104.0,70.0,0.0
27182937,E11,15,6,6,False,0,random,fixed_field,f07a6dbc260486385629ac104dc90b1f35e60ff153730480cc4572b7900dfa75,True,True,15,15,230.5861888,B3/结果/offline_logs/e12-risk-development-20260911T111939727609/27182937-E11.jsonl,,13633.96416014187,111,99,16,15,1,0,3458.792832,2726.792832028374,555.0,99.0,75.0,3.0
27182937,T2,15,6,7,True,15,random,fixed_field,f07a6dbc260486385629ac104dc90b1f35e60ff153730480cc4572b7900dfa75,True,True,15,15,259.7581092,B3/结果/offline_logs/e12-risk-development-20260911T111939727609/27182937-T2.jsonl,,15476.8581914562,122,110,17,15,2,0,3896.371638,3095.3716382912407,610.0,110.0,75.0,6.0
27182937,T4,15,6,7,True,15,random,fixed_field,f07a6dbc260486385629ac104dc90b1f35e60ff153730480cc4572b7900dfa75,True,True,15,15,259.7581092,B3/结果/offline_logs/e12-risk-development-20260911T111939727609/27182937-T4.jsonl,,15476.8581914562,122,110,17,15,2,0,3896.371638,3095.3716382912407,610.0,110.0,75.0,6.0
27182937,T6,15,6,7,True,15,random,fixed_field,f07a6dbc260486385629ac104dc90b1f35e60ff153730480cc4572b7900dfa75,True,True,15,15,259.7581092,B3/结果/offline_logs/e12-risk-development-20260911T111939727609/27182937-T6.jsonl,,15476.8581914562,122,110,17,15,2,0,3896.371638,3095.3716382912407,610.0,110.0,75.0,6.0
27182938,E11,16,10,6,False,40,random,fixed_field,d280508aaadc96e93a943c67b279783f4e41162fe1d82f0d61617b16af99573c,True,True,16,16,211.540337625,B3/结果/offline_logs/e12-risk-development-20260911T111939727609/27182938-E11.jsonl,,13748.227008948084,92,80,21,16,5,0,3384.645402,2749.6454017896176,460.0,80.0,80.0,15.0
27182938,T2,16,10,7,True,20,random,fixed_field,d280508aaadc96e93a943c67b279783f4e41162fe1d82f0d61617b16af99573c,True,True,16,16,214.1830189375,B3/结果/offline_logs/e12-risk-development-20260911T111939727609/27182938-T2.jsonl,,13449.64151327599,109,100,20,16,4,0,3426.928303,2689.9283026551993,545.0,100.0,80.0,12.0
27182938,T4,16,10,7,True,20,random,fixed_field,d280508aaadc96e93a943c67b279783f4e41162fe1d82f0d61617b16af99573c,True,True,16,16,214.1830189375,B3/结果/offline_logs/e12-risk-development-20260911T111939727609/27182938-T4.jsonl,,13449.64151327599,109,100,20,16,4,0,3426.928303,2689.9283026551993,545.0,100.0,80.0,12.0
27182938,T6,16,10,7,True,20,random,fixed_field,d280508aaadc96e93a943c67b279783f4e41162fe1d82f0d61617b16af99573c,True,True,16,16,214.1830189375,B3/结果/offline_logs/e12-risk-development-20260911T111939727609/27182938-T6.jsonl,,13449.64151327599,109,100,20,16,4,0,3426.928303,2689.9283026551993,545.0,100.0,80.0,12.0
27182939,E11,10,7,6,False,10,random,fixed_field,03c17d676953da71b99cdb286d52cb7defe6d8b7d5a97149b1177e23c5928358,True,True,10,10,288.4760624,B3/结果/offline_logs/e12-risk-development-20260911T111939727609/27182939-E11.jsonl,,10873.803119395678,111,102,11,10,1,0,2884.760624,2174.760623879135,555.0,102.0,50.0,3.0
27182939,T2,10,7,7,True,40,random,fixed_field,03c17d676953da71b99cdb286d52cb7defe6d8b7d5a97149b1177e23c5928358,True,True,10,10,281.9520241,B3/结果/offline_logs/e12-risk-development-20260911T111939727609/27182939-T2.jsonl,,9952.601205059473,131,121,11,10,1,0,2819.520241,1990.5202410118948,655.0,121.0,50.0,3.0
27182939,T4,10,7,7,True,40,random,fixed_field,03c17d676953da71b99cdb286d52cb7defe6d8b7d5a97149b1177e23c5928358,True,True,10,10,281.9520241,B3/结果/offline_logs/e12-risk-development-20260911T111939727609/27182939-T4.jsonl,,9952.601205059473,131,121,11,10,1,0,2819.520241,1990.5202410118948,655.0,121.0,50.0,3.0
27182939,T6,10,7,7,True,40,random,fixed_field,03c17d676953da71b99cdb286d52cb7defe6d8b7d5a97149b1177e23c5928358,True,True,10,10,281.9520241,B3/结果/offline_logs/e12-risk-development-20260911T111939727609/27182939-T6.jsonl,,9952.601205059473,131,121,11,10,1,0,2819.520241,1990.5202410118948,655.0,121.0,50.0,3.0
27182940,E11,11,7,6,False,25,random,fixed_field,a0f2b9790d33d9b2f74d3d7104d178b17d451796c7e0c8a79456359ce4c37d12,True,True,11,11,287.4114804545454,B3/结果/offline_logs/e12-risk-development-20260911T111939727609/27182940-E11.jsonl,,12077.631426674196,115,107,14,11,3,0,3161.526285,2415.526285334839,575.0,107.0,55.0,9.0
27182940,T2,11,7,7,True,10,random,fixed_field,a0f2b9790d33d9b2f74d3d7104d178b17d451796c7e0c8a79456359ce4c37d12,True,True,11,11,299.97562527272726,B3/结果/offline_logs/e12-risk-development-20260911T111939727609/27182940-T2.jsonl,,12398.659390192544,129,120,11,11,0,0,3299.731878,2479.731878038509,645.0,120.0,55.0,0.0
27182940,T4,11,7,7,True,10,random,fixed_field,a0f2b9790d33d9b2f74d3d7104d178b17d451796c7e0c8a79456359ce4c37d12,True,True,11,11,299.97562527272726,B3/结果/offline_logs/e12-risk-development-20260911T111939727609/27182940-T4.jsonl,,12398.659390192544,129,120,11,11,0,0,3299.731878,2479.731878038509,645.0,120.0,55.0,0.0
27182940,T6,11,7,7,True,10,random,fixed_field,a0f2b9790d33d9b2f74d3d7104d178b17d451796c7e0c8a79456359ce4c37d12,True,True,11,11,299.97562527272726,B3/结果/offline_logs/e12-risk-development-20260911T111939727609/27182940-T6.jsonl,,12398.659390192544,129,120,11,11,0,0,3299.731878,2479.731878038509,645.0,120.0,55.0,0.0
27182941,E11,12,6,6,False,30,random,fixed_field,f1df7cdea79abe5e6cc05a9be3bdfaaca5991f9534eeca6a3e415c8cda8416ca,True,True,12,12,312.59264533333334,B3/结果/offline_logs/e12-risk-development-20260911T111939727609/27182941-E11.jsonl,,14960.558721236908,116,113,14,12,2,0,3751.111744,2992.111744247381,580.0,113.0,60.0,6.0
27182941,T2,12,6,7,True,50,random,fixed_field,f1df7cdea79abe5e6cc05a9be3bdfaaca5991f9534eeca6a3e415c8cda8416ca,True,True,12,12,322.42764041666663,B3/结果/offline_logs/e12-risk-development-20260911T111939727609/27182941-T2.jsonl,,15205.658426805814,129,120,13,12,1,0,3869.131685,3041.1316853611615,645.0,120.0,60.0,3.0
27182941,T4,12,6,7,True,50,random,fixed_field,f1df7cdea79abe5e6cc05a9be3bdfaaca5991f9534eeca6a3e415c8cda8416ca,True,True,12,12,322.42764041666663,B3/结果/offline_logs/e12-risk-development-20260911T111939727609/27182941-T4.jsonl,,15205.658426805814,129,120,13,12,1,0,3869.131685,3041.1316853611615,645.0,120.0,60.0,3.0
27182941,T6,12,6,7,True,50,random,fixed_field,f1df7cdea79abe5e6cc05a9be3bdfaaca5991f9534eeca6a3e415c8cda8416ca,True,True,12,12,322.42764041666663,B3/结果/offline_logs/e12-risk-development-20260911T111939727609/27182941-T6.jsonl,,15205.658426805814,129,120,13,12,1,0,3869.131685,3041.1316853611615,645.0,120.0,60.0,3.0
27182942,E11,13,5,6,False,20,random,fixed_field,31e7b2b3487bd4c2ce4f76db68fa9e37e78a24bb9636f50db98fb0ef627669e4,True,True,13,13,258.5174205384615,B3/结果/offline_logs/e12-risk-development-20260911T111939727609/27182942-E11.jsonl,,13103.63233508914,115,100,13,13,0,0,3360.726467,2620.726467017829,575.0,100.0,65.0,0.0
27182942,T2,13,5,7,True,40,random,fixed_field,31e7b2b3487bd4c2ce4f76db68fa9e37e78a24bb9636f50db98fb0ef627669e4,True,True,13,13,277.441517,B3/结果/offline_logs/e12-risk-development-20260911T111939727609/27182942-T2.jsonl,,13973.698605613597,126,117,13,13,0,0,3606.739721,2794.739721122719,630.0,117.0,65.0,0.0
27182942,T4,13,5,7,True,40,random,fixed_field,31e7b2b3487bd4c2ce4f76db68fa9e37e78a24bb9636f50db98fb0ef627669e4,True,True,13,13,277.441517,B3/结果/offline_logs/e12-risk-development-20260911T111939727609/27182942-T4.jsonl,,13973.698605613597,126,117,13,13,0,0,3606.739721,2794.739721122719,630.0,117.0,65.0,0.0
27182942,T6,13,5,6,True,20,random,fixed_field,31e7b2b3487bd4c2ce4f76db68fa9e37e78a24bb9636f50db98fb0ef627669e4,True,True,13,13,258.5174205384615,B3/结果/offline_logs/e12-risk-development-20260911T111939727609/27182942-T6.jsonl,,13103.63233508914,115,100,13,13,0,0,3360.726467,2620.726467017829,575.0,100.0,65.0,0.0
27182943,E11,14,5,6,False,20,random,fixed_field,efeda4eb68a579df629fd49ef8f0cd0f2b2e1d65d2b58683bcf19dba7c6366d9,True,True,14,14,266.23186235714286,B3/结果/offline_logs/e12-risk-development-20260911T111939727609/27182943-E11.jsonl,,14536.230362872533,127,115,14,14,0,0,3727.246073,2907.246072574508,635.0,115.0,70.0,0.0
27182943,T2,14,5,7,True,40,random,fixed_field,efeda4eb68a579df629fd49ef8f0cd0f2b2e1d65d2b58683bcf19dba7c6366d9,True,True,14,14,268.9036360714286,B3/结果/offline_logs/e12-risk-development-20260911T111939727609/27182943-T2.jsonl,,14968.25452624014,119,106,14,14,0,0,3764.650905,2993.6509052480274,595.0,106.0,70.0,0.0
27182943,T4,14,5,7,True,40,random,fixed_field,efeda4eb68a579df629fd49ef8f0cd0f2b2e1d65d2b58683bcf19dba7c6366d9,True,True,14,14,268.9036360714286,B3/结果/offline_logs/e12-risk-development-20260911T111939727609/27182943-T4.jsonl,,14968.25452624014,119,106,14,14,0,0,3764.650905,2993.6509052480274,595.0,106.0,70.0,0.0
27182943,T6,14,5,6,True,20,random,fixed_field,efeda4eb68a579df629fd49ef8f0cd0f2b2e1d65d2b58683bcf19dba7c6366d9,True,True,14,14,266.23186235714286,B3/结果/offline_logs/e12-risk-development-20260911T111939727609/27182943-T6.jsonl,,14536.230362872533,127,115,14,14,0,0,3727.246073,2907.246072574508,635.0,115.0,70.0,0.0
27182944,E11,15,6,6,False,15,random,fixed_field,f133253e135861aa67cea403bf78fbdc2267f1bf7eaa1832d5bf2cda41f9f288,True,True,15,15,267.37454206666666,B3/结果/offline_logs/e12-risk-development-20260911T111939727609/27182944-E11.jsonl,,16128.090653048237,119,109,17,15,2,0,4010.618131,3225.618130609646,595.0,109.0,75.0,6.0
27182944,T2,15,6,7,True,5,random,fixed_field,f133253e135861aa67cea403bf78fbdc2267f1bf7eaa1832d5bf2cda41f9f288,True,True,15,15,262.11397186666665,B3/结果/offline_logs/e12-risk-development-20260911T111939727609/27182944-T2.jsonl,,15353.54789032298,133,118,16,15,1,0,3931.709578,3070.7095780645964,665.0,118.0,75.0,3.0
27182944,T4,15,6,7,True,5,random,fixed_field,f133253e135861aa67cea403bf78fbdc2267f1bf7eaa1832d5bf2cda41f9f288,True,True,15,15,262.11397186666665,B3/结果/offline_logs/e12-risk-development-20260911T111939727609/27182944-T4.jsonl,,15353.54789032298,133,118,16,15,1,0,3931.709578,3070.7095780645964,665.0,118.0,75.0,3.0
27182944,T6,15,6,7,True,5,random,fixed_field,f133253e135861aa67cea403bf78fbdc2267f1bf7eaa1832d5bf2cda41f9f288,True,True,15,15,262.11397186666665,B3/结果/offline_logs/e12-risk-development-20260911T111939727609/27182944-T6.jsonl,,15353.54789032298,133,118,16,15,1,0,3931.709578,3070.7095780645964,665.0,118.0,75.0,3.0
27182945,E11,16,5,6,False,50,random,fixed_field,ede39f5129b84a0810f2e2093842513f8b4f7fb873600c14a3cf27c786cac0b4,True,True,16,16,225.40609,B3/结果/offline_logs/e12-risk-development-20260911T111939727609/27182945-E11.jsonl,,13752.487200313613,131,121,16,16,0,0,3606.49744,2750.4974400627216,655.0,121.0,80.0,0.0
27182945,T2,16,5,7,True,25,random,fixed_field,ede39f5129b84a0810f2e2093842513f8b4f7fb873600c14a3cf27c786cac0b4,True,True,16,16,243.5226485625,B3/结果/offline_logs/e12-risk-development-20260911T111939727609/27182945-T2.jsonl,,15326.811884470882,127,110,18,16,2,0,3896.362377,3065.362376894177,635.0,110.0,80.0,6.0
27182945,T4,16,5,7,True,25,random,fixed_field,ede39f5129b84a0810f2e2093842513f8b4f7fb873600c14a3cf27c786cac0b4,True,True,16,16,243.5226485625,B3/结果/offline_logs/e12-risk-development-20260911T111939727609/27182945-T4.jsonl,,15326.811884470882,127,110,18,16,2,0,3896.362377,3065.362376894177,635.0,110.0,80.0,6.0
27182945,T6,16,5,6,True,50,random,fixed_field,ede39f5129b84a0810f2e2093842513f8b4f7fb873600c14a3cf27c786cac0b4,True,True,16,16,225.40609,B3/结果/offline_logs/e12-risk-development-20260911T111939727609/27182945-T6.jsonl,,13752.487200313613,131,121,16,16,0,0,3606.49744,2750.4974400627216,655.0,121.0,80.0,0.0
27182946,E11,10,6,6,False,0,random,fixed_field,8e170b2d28efa599870246732343f21410fbe4e4243bf1c2277cb766ee81117c,True,True,10,10,303.61333989999997,B3/结果/offline_logs/e12-risk-development-20260911T111939727609/27182946-E11.jsonl,,11435.666996998158,117,111,11,10,1,0,3036.133399,2287.1333993996313,585.0,111.0,50.0,3.0
27182946,T2,10,6,7,True,35,random,fixed_field,8e170b2d28efa599870246732343f21410fbe4e4243bf1c2277cb766ee81117c,True,True,10,10,299.0983089,B3/结果/offline_logs/e12-risk-development-20260911T111939727609/27182946-T2.jsonl,,10964.915442561121,126,118,10,10,0,0,2990.983089,2192.9830885122246,630.0,118.0,50.0,0.0
27182946,T4,10,6,7,True,35,random,fixed_field,8e170b2d28efa599870246732343f21410fbe4e4243bf1c2277cb766ee81117c,True,True,10,10,299.0983089,B3/结果/offline_logs/e12-risk-development-20260911T111939727609/27182946-T4.jsonl,,10964.915442561121,126,118,10,10,0,0,2990.983089,2192.9830885122246,630.0,118.0,50.0,0.0
27182946,T6,10,6,7,True,35,random,fixed_field,8e170b2d28efa599870246732343f21410fbe4e4243bf1c2277cb766ee81117c,True,True,10,10,299.0983089,B3/结果/offline_logs/e12-risk-development-20260911T111939727609/27182946-T6.jsonl,,10964.915442561121,126,118,10,10,0,0,2990.983089,2192.9830885122246,630.0,118.0,50.0,0.0
27182947,E11,11,4,6,False,25,random,fixed_field,d991bd10b97c851d880bf31db9904b52e7b19d7d9afa5fa480d38c35eef78855,True,True,11,11,328.10847481818183,B3/结果/offline_logs/e12-risk-development-20260911T111939727609/27182947-E11.jsonl,,14090.966113997341,122,117,14,11,3,0,3609.193223,2818.1932227994675,610.0,117.0,55.0,9.0
27182947,T2,11,4,7,True,45,random,fixed_field,d991bd10b97c851d880bf31db9904b52e7b19d7d9afa5fa480d38c35eef78855,True,True,11,11,318.43713918181817,B3/结果/offline_logs/e12-risk-development-20260911T111939727609/27182947-T2.jsonl,,13289.042655297197,133,119,13,11,2,0,3502.808531,2657.8085310594397,665.0,119.0,55.0,6.0
27182947,T4,11,4,7,True,45,random,fixed_field,d991bd10b97c851d880bf31db9904b52e7b19d7d9afa5fa480d38c35eef78855,True,True,11,11,318.43713918181817,B3/结果/offline_logs/e12-risk-development-20260911T111939727609/27182947-T4.jsonl,,13289.042655297197,133,119,13,11,2,0,3502.808531,2657.8085310594397,665.0,119.0,55.0,6.0
27182947,T6,11,4,6,True,25,random,fixed_field,d991bd10b97c851d880bf31db9904b52e7b19d7d9afa5fa480d38c35eef78855,True,True,11,11,328.10847481818183,B3/结果/offline_logs/e12-risk-development-20260911T111939727609/27182947-T6.jsonl,,14090.966113997341,122,117,14,11,3,0,3609.193223,2818.1932227994675,610.0,117.0,55.0,9.0
27182948,E11,12,5,6,False,15,random,fixed_field,6c7a68d0dbf3f21c8022eab7acbb6abb03a9bc4811f525c7c1b5595cedff4984,True,True,12,12,251.13267825,B3/结果/offline_logs/e12-risk-development-20260911T111939727609/27182948-E11.jsonl,,11267.96069418022,118,107,13,12,1,0,3013.592139,2253.5921388360434,590.0,107.0,60.0,3.0
27182948,T2,12,5,7,True,50,random,fixed_field,6c7a68d0dbf3f21c8022eab7acbb6abb03a9bc4811f525c7c1b5595cedff4984,True,True,12,12,272.9963294166667,B3/结果/offline_logs/e12-risk-development-20260911T111939727609/27182948-T2.jsonl,,11744.779766682128,146,137,12,12,0,0,3275.955953,2348.955953336426,730.0,137.0,60.0,0.0
27182948,T4,12,5,7,True,50,random,fixed_field,6c7a68d0dbf3f21c8022eab7acbb6abb03a9bc4811f525c7c1b5595cedff4984,True,True,12,12,272.9963294166667,B3/结果/offline_logs/e12-risk-development-20260911T111939727609/27182948-T4.jsonl,,11744.779766682128,146,137,12,12,0,0,3275.955953,2348.955953336426,730.0,137.0,60.0,0.0
27182948,T6,12,5,6,True,15,random,fixed_field,6c7a68d0dbf3f21c8022eab7acbb6abb03a9bc4811f525c7c1b5595cedff4984,True,True,12,12,251.13267825,B3/结果/offline_logs/e12-risk-development-20260911T111939727609/27182948-T6.jsonl,,11267.96069418022,118,107,13,12,1,0,3013.592139,2253.5921388360434,590.0,107.0,60.0,3.0
27182949,E11,13,7,6,False,10,random,fixed_field,c518cbcc9900332f72a31494f786fdcca4f5e809fcb79655a0f90452821ae254,True,True,13,13,263.59154607692307,B3/结果/offline_logs/e12-risk-development-20260911T111939727609/27182949-E11.jsonl,,13478.45049523027,112,100,15,13,2,0,3426.690099,2695.6900990460535,560.0,100.0,65.0,6.0
27182949,T2,13,7,7,True,30,random,fixed_field,c518cbcc9900332f72a31494f786fdcca4f5e809fcb79655a0f90452821ae254,True,True,13,13,300.257293,B3/结果/offline_logs/e12-risk-development-20260911T111939727609/27182949-T2.jsonl,,15536.72404729586,124,108,14,13,1,0,3903.344809,3107.3448094591713,620.0,108.0,65.0,3.0
27182949,T4,13,7,7,True,30,random,fixed_field,c518cbcc9900332f72a31494f786fdcca4f5e809fcb79655a0f90452821ae254,True,True,13,13,300.257293,B3/结果/offline_logs/e12-risk-development-20260911T111939727609/27182949-T4.jsonl,,15536.72404729586,124,108,14,13,1,0,3903.344809,3107.3448094591713,620.0,108.0,65.0,3.0
27182949,T6,13,7,7,True,30,random,fixed_field,c518cbcc9900332f72a31494f786fdcca4f5e809fcb79655a0f90452821ae254,True,True,13,13,300.257293,B3/结果/offline_logs/e12-risk-development-20260911T111939727609/27182949-T6.jsonl,,15536.72404729586,124,108,14,13,1,0,3903.344809,3107.3448094591713,620.0,108.0,65.0,3.0
27182950,E11,14,6,6,False,20,random,fixed_field,25cb57cf1041f8d8453420d0fae7f1f68105bcb2cf74c21211f46a836103103b,True,True,14,14,238.76121571428573,B3/结果/offline_logs/e12-risk-development-20260911T111939727609/27182950-E11.jsonl,,12738.2850985233,121,111,17,14,3,0,3342.65702,2547.6570197046594,605.0,111.0,70.0,9.0
27182950,T2,14,6,7,True,50,random,fixed_field,25cb57cf1041f8d8453420d0fae7f1f68105bcb2cf74c21211f46a836103103b,True,True,14,14,251.40866664285713,B3/结果/offline_logs/e12-risk-development-20260911T111939727609/27182950-T2.jsonl,,13078.606666551781,141,129,14,14,0,0,3519.721333,2615.721333310358,705.0,129.0,70.0,0.0
27182950,T4,14,6,7,True,50,random,fixed_field,25cb57cf1041f8d8453420d0fae7f1f68105bcb2cf74c21211f46a836103103b,True,True,14,14,251.40866664285713,B3/结果/offline_logs/e12-risk-development-20260911T111939727609/27182950-T4.jsonl,,13078.606666551781,141,129,14,14,0,0,3519.721333,2615.721333310358,705.0,129.0,70.0,0.0
27182950,T6,14,6,7,True,50,random,fixed_field,25cb57cf1041f8d8453420d0fae7f1f68105bcb2cf74c21211f46a836103103b,True,True,14,14,251.40866664285713,B3/结果/offline_logs/e12-risk-development-20260911T111939727609/27182950-T6.jsonl,,13078.606666551781,141,129,14,14,0,0,3519.721333,2615.721333310358,705.0,129.0,70.0,0.0
27182951,E11,15,5,6,False,0,random,fixed_field,fe084f87bed1be492bbd6825fe56de71ed2db871e43216730039c88dbc5d58c0,True,True,15,15,232.58116520000002,B3/结果/offline_logs/e12-risk-development-20260911T111939727609/27182951-E11.jsonl,,13473.58739206941,120,110,18,15,3,0,3488.717478,2694.7174784138815,600.0,110.0,75.0,9.0
27182951,T2,15,5,7,True,10,random,fixed_field,fe084f87bed1be492bbd6825fe56de71ed2db871e43216730039c88dbc5d58c0,True,True,15,15,244.2290898,B3/结果/offline_logs/e12-risk-development-20260911T111939727609/27182951-T2.jsonl,,14182.18173642927,126,116,17,15,2,0,3663.436347,2836.4363472858527,630.0,116.0,75.0,6.0
27182951,T4,15,5,7,True,10,random,fixed_field,fe084f87bed1be492bbd6825fe56de71ed2db871e43216730039c88dbc5d58c0,True,True,15,15,244.2290898,B3/结果/offline_logs/e12-risk-development-20260911T111939727609/27182951-T4.jsonl,,14182.18173642927,126,116,17,15,2,0,3663.436347,2836.4363472858527,630.0,116.0,75.0,6.0
27182951,T6,15,5,6,True,0,random,fixed_field,fe084f87bed1be492bbd6825fe56de71ed2db871e43216730039c88dbc5d58c0,True,True,15,15,232.58116520000002,B3/结果/offline_logs/e12-risk-development-20260911T111939727609/27182951-T6.jsonl,,13473.58739206941,120,110,18,15,3,0,3488.717478,2694.7174784138815,600.0,110.0,75.0,9.0
27182952,E11,16,4,6,False,20,random,fixed_field,5057cb6ca08ada346012cff9e1aa38ea27f89eb35c9ad3fdd23562b9a07aae7d,True,True,16,16,234.182046875,B3/结果/offline_logs/e12-risk-development-20260911T111939727609/27182952-E11.jsonl,,15029.563751732136,112,95,18,16,2,0,3746.91275,3005.912750346428,560.0,95.0,80.0,6.0
27182952,T2,16,4,7,True,25,random,fixed_field,5057cb6ca08ada346012cff9e1aa38ea27f89eb35c9ad3fdd23562b9a07aae7d,True,True,16,16,254.204778375,B3/结果/offline_logs/e12-risk-development-20260911T111939727609/27182952-T2.jsonl,,16386.382269796333,120,107,17,16,1,0,4067.276454,3277.2764539592667,600.0,107.0,80.0,3.0
27182952,T4,16,4,7,True,25,random,fixed_field,5057cb6ca08ada346012cff9e1aa38ea27f89eb35c9ad3fdd23562b9a07aae7d,True,True,16,16,254.204778375,B3/结果/offline_logs/e12-risk-development-20260911T111939727609/27182952-T4.jsonl,,16386.382269796333,120,107,17,16,1,0,4067.276454,3277.2764539592667,600.0,107.0,80.0,3.0
27182952,T6,16,4,6,True,20,random,fixed_field,5057cb6ca08ada346012cff9e1aa38ea27f89eb35c9ad3fdd23562b9a07aae7d,True,True,16,16,234.182046875,B3/结果/offline_logs/e12-risk-development-20260911T111939727609/27182952-T6.jsonl,,15029.563751732136,112,95,18,16,2,0,3746.91275,3005.912750346428,560.0,95.0,80.0,6.0
27182953,E11,10,5,6,False,10,random,fixed_field,4030d8bf717b4a3156b3594a8231f0cfc463664b36bc058013ecc809661c7008,True,True,10,10,358.460638,B3/结果/offline_logs/e12-risk-development-20260911T111939727609/27182953-E11.jsonl,,14278.031901220202,114,109,10,10,0,0,3584.60638,2855.60638024404,570.0,109.0,50.0,0.0
27182953,T2,10,5,7,True,45,random,fixed_field,4030d8bf717b4a3156b3594a8231f0cfc463664b36bc058013ecc809661c7008,True,True,10,10,341.0207797,B3/结果/offline_logs/e12-risk-development-20260911T111939727609/27182953-T2.jsonl,,12801.03898392184,135,125,10,10,0,0,3410.207797,2560.2077967843684,675.0,125.0,50.0,0.0
27182953,T4,10,5,7,True,45,random,fixed_field,4030d8bf717b4a3156b3594a8231f0cfc463664b36bc058013ecc809661c7008,True,True,10,10,341.0207797,B3/结果/offline_logs/e12-risk-development-20260911T111939727609/27182953-T4.jsonl,,12801.03898392184,135,125,10,10,0,0,3410.207797,2560.2077967843684,675.0,125.0,50.0,0.0
27182953,T6,10,5,6,True,10,random,fixed_field,4030d8bf717b4a3156b3594a8231f0cfc463664b36bc058013ecc809661c7008,True,True,10,10,358.460638,B3/结果/offline_logs/e12-risk-development-20260911T111939727609/27182953-T6.jsonl,,14278.031901220202,114,109,10,10,0,0,3584.60638,2855.60638024404,570.0,109.0,50.0,0.0
27182954,E11,11,5,6,False,30,random,fixed_field,5d38c180b6341e361e5d176685182a36e6d60adfc1584d1da4e516b455c15df1,True,True,11,11,313.36525754545454,B3/结果/offline_logs/e12-risk-development-20260911T111939727609/27182954-E11.jsonl,,13555.089167129645,115,106,11,11,0,0,3447.017833,2711.01783342593,575.0,106.0,55.0,0.0
27182954,T2,11,5,7,True,45,random,fixed_field,5d38c180b6341e361e5d176685182a36e6d60adfc1584d1da4e516b455c15df1,True,True,11,11,339.6544746363636,B3/结果/offline_logs/e12-risk-development-20260911T111939727609/27182954-T2.jsonl,,14580.996105256552,129,117,12,11,1,0,3736.199221,2916.199221051309,645.0,117.0,55.0,3.0
27182954,T4,11,5,7,True,45,random,fixed_field,5d38c180b6341e361e5d176685182a36e6d60adfc1584d1da4e516b455c15df1,True,True,11,11,339.6544746363636,B3/结果/offline_logs/e12-risk-development-20260911T111939727609/27182954-T4.jsonl,,14580.996105256552,129,117,12,11,1,0,3736.199221,2916.199221051309,645.0,117.0,55.0,3.0
27182954,T6,11,5,6,True,30,random,fixed_field,5d38c180b6341e361e5d176685182a36e6d60adfc1584d1da4e516b455c15df1,True,True,11,11,313.36525754545454,B3/结果/offline_logs/e12-risk-development-20260911T111939727609/27182954-T6.jsonl,,13555.089167129645,115,106,11,11,0,0,3447.017833,2711.01783342593,575.0,106.0,55.0,0.0
27182955,E11,12,7,6,False,45,random,fixed_field,bf94f027a25fb827312f525cfd19d9bc322319dbf129e2924b3f36e58f26e879,True,True,12,12,241.92054399999998,B3/结果/offline_logs/e12-risk-development-20260911T111939727609/27182955-E11.jsonl,,10750.232639838898,114,105,18,12,6,0,2903.046528,2150.046527967779,570.0,105.0,60.0,18.0
27182955,T2,12,7,7,True,25,random,fixed_field,bf94f027a25fb827312f525cfd19d9bc322319dbf129e2924b3f36e58f26e879,True,True,12,12,267.87787175,B3/结果/offline_logs/e12-risk-development-20260911T111939727609/27182955-T2.jsonl,,11927.672305659711,129,121,13,12,1,0,3214.534461,2385.534461131942,645.0,121.0,60.0,3.0
27182955,T4,12,7,7,True,25,random,fixed_field,bf94f027a25fb827312f525cfd19d9bc322319dbf129e2924b3f36e58f26e879,True,True,12,12,267.87787175,B3/结果/offline_logs/e12-risk-development-20260911T111939727609/27182955-T4.jsonl,,11927.672305659711,129,121,13,12,1,0,3214.534461,2385.534461131942,645.0,121.0,60.0,3.0
27182955,T6,12,7,7,True,25,random,fixed_field,bf94f027a25fb827312f525cfd19d9bc322319dbf129e2924b3f36e58f26e879,True,True,12,12,267.87787175,B3/结果/offline_logs/e12-risk-development-20260911T111939727609/27182955-T6.jsonl,,11927.672305659711,129,121,13,12,1,0,3214.534461,2385.534461131942,645.0,121.0,60.0,3.0
27182956,E11,13,7,6,False,25,random,fixed_field,720ca3ab3bce1f9b77f33c9490deeff5ec27283aa1df7d84af906f0471d98356,True,True,13,13,242.98985507692308,B3/结果/offline_logs/e12-risk-development-20260911T111939727609/27182956-E11.jsonl,,11669.340580018681,128,120,13,13,0,0,3158.868116,2333.8681160037363,640.0,120.0,65.0,0.0
27182956,T2,13,7,7,True,35,random,fixed_field,720ca3ab3bce1f9b77f33c9490deeff5ec27283aa1df7d84af906f0471d98356,True,True,13,13,250.00477638461538,B3/结果/offline_logs/e12-risk-development-20260911T111939727609/27182956-T2.jsonl,,12435.310463149282,118,108,13,13,0,0,3250.062093,2487.062092629857,590.0,108.0,65.0,0.0
27182956,T4,13,7,7,True,35,random,fixed_field,720ca3ab3bce1f9b77f33c9490deeff5ec27283aa1df7d84af906f0471d98356,True,True,13,13,250.00477638461538,B3/结果/offline_logs/e12-risk-development-20260911T111939727609/27182956-T4.jsonl,,12435.310463149282,118,108,13,13,0,0,3250.062093,2487.062092629857,590.0,108.0,65.0,0.0
27182956,T6,13,7,7,True,35,random,fixed_field,720ca3ab3bce1f9b77f33c9490deeff5ec27283aa1df7d84af906f0471d98356,True,True,13,13,250.00477638461538,B3/结果/offline_logs/e12-risk-development-20260911T111939727609/27182956-T6.jsonl,,12435.310463149282,118,108,13,13,0,0,3250.062093,2487.062092629857,590.0,108.0,65.0,0.0
27182957,E11,14,9,6,False,35,random,fixed_field,1e792c3f30f4f21be74b11f2c6ad895ac679afa0a77d5ae0cbf0dce0d5016503,True,True,14,14,242.57506092857145,B3/结果/offline_logs/e12-risk-development-20260911T111939727609/27182957-E11.jsonl,,13130.254264684661,118,110,14,14,0,0,3396.050853,2626.0508529369326,590.0,110.0,70.0,0.0
27182957,T2,14,9,7,True,45,random,fixed_field,1e792c3f30f4f21be74b11f2c6ad895ac679afa0a77d5ae0cbf0dce0d5016503,True,True,14,14,245.95700842857144,B3/结果/offline_logs/e12-risk-development-20260911T111939727609/27182957-T2.jsonl,,13226.990591129645,123,107,16,14,2,0,3443.398118,2645.398118225928,615.0,107.0,70.0,6.0
27182957,T4,14,9,7,True,45,random,fixed_field,1e792c3f30f4f21be74b11f2c6ad895ac679afa0a77d5ae0cbf0dce0d5016503,True,True,14,14,245.95700842857144,B3/结果/offline_logs/e12-risk-development-20260911T111939727609/27182957-T4.jsonl,,13226.990591129645,123,107,16,14,2,0,3443.398118,2645.398118225928,615.0,107.0,70.0,6.0
27182957,T6,14,9,7,True,45,random,fixed_field,1e792c3f30f4f21be74b11f2c6ad895ac679afa0a77d5ae0cbf0dce0d5016503,True,True,14,14,245.95700842857144,B3/结果/offline_logs/e12-risk-development-20260911T111939727609/27182957-T6.jsonl,,13226.990591129645,123,107,16,14,2,0,3443.398118,2645.398118225928,615.0,107.0,70.0,6.0
27182958,E11,15,4,6,False,40,random,fixed_field,e2e6efe3b8cb18f93a860e428e23e930a3bb5be97f4438c65eff70ad7f5eedfd,True,True,15,15,281.72342206666667,B3/结果/offline_logs/e12-risk-development-20260911T111939727609/27182958-E11.jsonl,,17109.256657358117,125,104,15,15,0,0,4225.851331,3421.8513314716256,625.0,104.0,75.0,0.0
27182958,T2,15,4,7,True,15,random,fixed_field,e2e6efe3b8cb18f93a860e428e23e930a3bb5be97f4438c65eff70ad7f5eedfd,True,True,15,15,268.51469026666666,B3/结果/offline_logs/e12-risk-development-20260911T111939727609/27182958-T2.jsonl,,15878.601767696176,131,119,16,15,1,0,4027.720354,3175.7203535392355,655.0,119.0,75.0,3.0
27182958,T4,15,4,7,True,15,random,fixed_field,e2e6efe3b8cb18f93a860e428e23e930a3bb5be97f4438c65eff70ad7f5eedfd,True,True,15,15,268.51469026666666,B3/结果/offline_logs/e12-risk-development-20260911T111939727609/27182958-T4.jsonl,,15878.601767696176,131,119,16,15,1,0,4027.720354,3175.7203535392355,655.0,119.0,75.0,3.0
27182958,T6,15,4,6,True,40,random,fixed_field,e2e6efe3b8cb18f93a860e428e23e930a3bb5be97f4438c65eff70ad7f5eedfd,True,True,15,15,281.72342206666667,B3/结果/offline_logs/e12-risk-development-20260911T111939727609/27182958-T6.jsonl,,17109.256657358117,125,104,15,15,0,0,4225.851331,3421.8513314716256,625.0,104.0,75.0,0.0
27182959,E11,16,6,6,False,15,random,fixed_field,8f1f2df5e30b8486aedddeb5bbe7c015a0b826fc7297a920560086008a4fdea0,True,True,16,16,212.586603625,B3/结果/offline_logs/e12-risk-development-20260911T111939727609/27182959-E11.jsonl,,13256.928290637872,113,102,17,16,1,0,3401.385658,2651.3856581275722,565.0,102.0,80.0,3.0
27182959,T2,16,6,7,True,35,random,fixed_field,8f1f2df5e30b8486aedddeb5bbe7c015a0b826fc7297a920560086008a4fdea0,True,True,16,16,185.827479625,B3/结果/offline_logs/e12-risk-development-20260911T111939727609/27182959-T2.jsonl,,11121.198369004465,114,93,18,16,2,0,2973.239674,2224.239673800893,570.0,93.0,80.0,6.0
27182959,T4,16,6,7,True,35,random,fixed_field,8f1f2df5e30b8486aedddeb5bbe7c015a0b826fc7297a920560086008a4fdea0,True,True,16,16,185.827479625,B3/结果/offline_logs/e12-risk-development-20260911T111939727609/27182959-T4.jsonl,,11121.198369004465,114,93,18,16,2,0,2973.239674,2224.239673800893,570.0,93.0,80.0,6.0
27182959,T6,16,6,7,True,35,random,fixed_field,8f1f2df5e30b8486aedddeb5bbe7c015a0b826fc7297a920560086008a4fdea0,True,True,16,16,185.827479625,B3/结果/offline_logs/e12-risk-development-20260911T111939727609/27182959-T6.jsonl,,11121.198369004465,114,93,18,16,2,0,2973.239674,2224.239673800893,570.0,93.0,80.0,6.0
27182960,E11,10,7,6,False,0,random,fixed_field,7b413f706888e1265fc867463bab88fdffcb7293cfdc7a61e507e1b7958f9f12,True,True,10,10,322.70181779999996,B3/结果/offline_logs/e12-risk-development-20260911T111939727609/27182960-E11.jsonl,,12075.090890614683,128,119,11,10,1,0,3227.018178,2415.018178122936,640.0,119.0,50.0,3.0
27182960,T2,10,7,7,True,35,random,fixed_field,7b413f706888e1265fc867463bab88fdffcb7293cfdc7a61e507e1b7958f9f12,True,True,10,10,321.6043065,B3/结果/offline_logs/e12-risk-development-20260911T111939727609/27182960-T2.jsonl,,12395.215323968026,116,107,10,10,0,0,3216.043065,2479.043064793605,580.0,107.0,50.0,0.0
27182960,T4,10,7,7,True,35,random,fixed_field,7b413f706888e1265fc867463bab88fdffcb7293cfdc7a61e507e1b7958f9f12,True,True,10,10,321.6043065,B3/结果/offline_logs/e12-risk-development-20260911T111939727609/27182960-T4.jsonl,,12395.215323968026,116,107,10,10,0,0,3216.043065,2479.043064793605,580.0,107.0,50.0,0.0
27182960,T6,10,7,7,True,35,random,fixed_field,7b413f706888e1265fc867463bab88fdffcb7293cfdc7a61e507e1b7958f9f12,True,True,10,10,321.6043065,B3/结果/offline_logs/e12-risk-development-20260911T111939727609/27182960-T6.jsonl,,12395.215323968026,116,107,10,10,0,0,3216.043065,2479.043064793605,580.0,107.0,50.0,0.0
27182961,E11,11,8,6,False,15,random,fixed_field,44a538d08864ce026322f294e29dcd6bf6c54c74b984f67a9d02969d6b966687,True,True,11,11,260.7460079090909,B3/结果/offline_logs/e12-risk-development-20260911T111939727609/27182961-E11.jsonl,,10821.03043712774,110,99,11,11,0,0,2868.206087,2164.206087425547,550.0,99.0,55.0,0.0
27182961,T2,11,8,7,True,30,random,fixed_field,44a538d08864ce026322f294e29dcd6bf6c54c74b984f67a9d02969d6b966687,True,True,11,11,264.48847145454545,B3/结果/offline_logs/e12-risk-development-20260911T111939727609/27182961-T2.jsonl,,10436.865929767258,130,117,11,11,0,0,2909.373186,2087.373185953451,650.0,117.0,55.0,0.0
27182961,T4,11,8,7,True,30,random,fixed_field,44a538d08864ce026322f294e29dcd6bf6c54c74b984f67a9d02969d6b966687,True,True,11,11,264.48847145454545,B3/结果/offline_logs/e12-risk-development-20260911T111939727609/27182961-T4.jsonl,,10436.865929767258,130,117,11,11,0,0,2909.373186,2087.373185953451,650.0,117.0,55.0,0.0
27182961,T6,11,8,7,True,30,random,fixed_field,44a538d08864ce026322f294e29dcd6bf6c54c74b984f67a9d02969d6b966687,True,True,11,11,264.48847145454545,B3/结果/offline_logs/e12-risk-development-20260911T111939727609/27182961-T6.jsonl,,10436.865929767258,130,117,11,11,0,0,2909.373186,2087.373185953451,650.0,117.0,55.0,0.0
27182962,E11,12,5,6,False,15,random,fixed_field,c78b77d0ae52c0cd05bb7e30c33fcd267fb53f7731a4e5b34633c5d1b2d3e18a,True,True,12,12,287.009519,B3/结果/offline_logs/e12-risk-development-20260911T111939727609/27182962-E11.jsonl,,13465.571141922248,115,110,14,12,2,0,3444.114228,2693.1142283844492,575.0,110.0,60.0,6.0
27182962,T2,12,5,7,True,0,random,fixed_field,c78b77d0ae52c0cd05bb7e30c33fcd267fb53f7731a4e5b34633c5d1b2d3e18a,True,True,12,12,292.57365483333336,B3/结果/offline_logs/e12-risk-development-20260911T111939727609/27182962-T2.jsonl,,13674.41928776222,121,111,12,12,0,0,3510.883858,2734.883857552444,605.0,111.0,60.0,0.0
27182962,T4,12,5,7,True,0,random,fixed_field,c78b77d0ae52c0cd05bb7e30c33fcd267fb53f7731a4e5b34633c5d1b2d3e18a,True,True,12,12,292.57365483333336,B3/结果/offline_logs/e12-risk-development-20260911T111939727609/27182962-T4.jsonl,,13674.41928776222,121,111,12,12,0,0,3510.883858,2734.883857552444,605.0,111.0,60.0,0.0
27182962,T6,12,5,6,True,15,random,fixed_field,c78b77d0ae52c0cd05bb7e30c33fcd267fb53f7731a4e5b34633c5d1b2d3e18a,True,True,12,12,287.009519,B3/结果/offline_logs/e12-risk-development-20260911T111939727609/27182962-T6.jsonl,,13465.571141922248,115,110,14,12,2,0,3444.114228,2693.1142283844492,575.0,110.0,60.0,6.0
27182963,E11,13,8,6,False,40,random,fixed_field,bfc7c5d3fc4b1ec953deed193c3283a261567270e9abf7078443d7642d717501,True,True,13,13,247.1463096153846,B3/结果/offline_logs/e12-risk-development-20260911T111939727609/27182963-E11.jsonl,,12374.510125103654,113,102,15,13,2,0,3212.902025,2474.902025020731,565.0,102.0,65.0,6.0
27182963,T2,13,8,7,True,5,random,fixed_field,bfc7c5d3fc4b1ec953deed193c3283a261567270e9abf7078443d7642d717501,True,True,13,13,230.6549326923077,B3/结果/offline_logs/e12-risk-development-20260911T111939727609/27182963-T2.jsonl,,10447.570622724228,141,133,15,13,2,0,2998.514125,2089.5141245448463,705.0,133.0,65.0,6.0
27182963,T4,13,8,7,True,5,random,fixed_field,bfc7c5d3fc4b1ec953deed193c3283a261567270e9abf7078443d7642d717501,True,True,13,13,230.6549326923077,B3/结果/offline_logs/e12-risk-development-20260911T111939727609/27182963-T4.jsonl,,10447.570622724228,141,133,15,13,2,0,2998.514125,2089.5141245448463,705.0,133.0,65.0,6.0
27182963,T6,13,8,7,True,5,random,fixed_field,bfc7c5d3fc4b1ec953deed193c3283a261567270e9abf7078443d7642d717501,True,True,13,13,230.6549326923077,B3/结果/offline_logs/e12-risk-development-20260911T111939727609/27182963-T6.jsonl,,10447.570622724228,141,133,15,13,2,0,2998.514125,2089.5141245448463,705.0,133.0,65.0,6.0
27182964,E11,14,9,6,False,25,random,fixed_field,e2fae481f67dac2a01001ebbad664980cbf4c859238d20f386678899a4615aa9,True,True,14,14,256.6347987857143,B3/结果/offline_logs/e12-risk-development-20260911T111939727609/27182964-E11.jsonl,,14554.435916963843,103,97,14,14,0,0,3592.887183,2910.887183392769,515.0,97.0,70.0,0.0
27182964,T2,14,9,7,True,20,random,fixed_field,e2fae481f67dac2a01001ebbad664980cbf4c859238d20f386678899a4615aa9,True,True,14,14,226.68172685714285,B3/结果/offline_logs/e12-risk-development-20260911T111939727609/27182964-T2.jsonl,,11422.720879073082,138,120,17,14,3,0,3173.544176,2284.5441758146158,690.0,120.0,70.0,9.0
27182964,T4,14,9,7,True,20,random,fixed_field,e2fae481f67dac2a01001ebbad664980cbf4c859238d20f386678899a4615aa9,True,True,14,14,226.68172685714285,B3/结果/offline_logs/e12-risk-development-20260911T111939727609/27182964-T4.jsonl,,11422.720879073082,138,120,17,14,3,0,3173.544176,2284.5441758146158,690.0,120.0,70.0,9.0
27182964,T6,14,9,7,True,20,random,fixed_field,e2fae481f67dac2a01001ebbad664980cbf4c859238d20f386678899a4615aa9,True,True,14,14,226.68172685714285,B3/结果/offline_logs/e12-risk-development-20260911T111939727609/27182964-T6.jsonl,,11422.720879073082,138,120,17,14,3,0,3173.544176,2284.5441758146158,690.0,120.0,70.0,9.0
27182965,E11,15,8,6,False,20,random,fixed_field,c6960d029351be33c73ecb6e9c14e452a627babd5bfd39df65cab8558f72ec84,True,True,15,15,222.37943546666665,B3/结果/offline_logs/e12-risk-development-20260911T111939727609/27182965-E11.jsonl,,12758.457659817599,119,108,17,15,2,0,3335.691532,2551.6915319635195,595.0,108.0,75.0,6.0
27182965,T2,15,8,7,True,30,random,fixed_field,c6960d029351be33c73ecb6e9c14e452a627babd5bfd39df65cab8558f72ec84,True,True,15,15,211.52486406666668,B3/结果/offline_logs/e12-risk-development-20260911T111939727609/27182965-T2.jsonl,,12199.364804918538,110,99,18,15,3,0,3172.872961,2439.872960983708,550.0,99.0,75.0,9.0
27182965,T4,15,8,7,True,30,random,fixed_field,c6960d029351be33c73ecb6e9c14e452a627babd5bfd39df65cab8558f72ec84,True,True,15,15,211.52486406666668,B3/结果/offline_logs/e12-risk-development-20260911T111939727609/27182965-T4.jsonl,,12199.364804918538,110,99,18,15,3,0,3172.872961,2439.872960983708,550.0,99.0,75.0,9.0
27182965,T6,15,8,7,True,30,random,fixed_field,c6960d029351be33c73ecb6e9c14e452a627babd5bfd39df65cab8558f72ec84,True,True,15,15,211.52486406666668,B3/结果/offline_logs/e12-risk-development-20260911T111939727609/27182965-T6.jsonl,,12199.364804918538,110,99,18,15,3,0,3172.872961,2439.872960983708,550.0,99.0,75.0,9.0
27182966,E11,16,7,6,False,20,random,fixed_field,e4ceb1336c5a505599757fd137a304f3711d72896558db6e67e0d6a26b13dd32,True,True,16,16,203.2596925625,B3/结果/offline_logs/e12-risk-development-20260911T111939727609/27182966-E11.jsonl,,12400.775403816018,117,104,17,16,1,0,3252.155081,2480.1550807632034,585.0,104.0,80.0,3.0
27182966,T2,16,7,7,True,40,random,fixed_field,e4ceb1336c5a505599757fd137a304f3711d72896558db6e67e0d6a26b13dd32,True,True,16,16,213.499338125,B3/结果/offline_logs/e12-risk-development-20260911T111939727609/27182966-T2.jsonl,,13284.9470504493,114,106,17,16,1,0,3415.98941,2656.9894100898596,570.0,106.0,80.0,3.0
27182966,T4,16,7,7,True,40,random,fixed_field,e4ceb1336c5a505599757fd137a304f3711d72896558db6e67e0d6a26b13dd32,True,True,16,16,213.499338125,B3/结果/offline_logs/e12-risk-development-20260911T111939727609/27182966-T4.jsonl,,13284.9470504493,114,106,17,16,1,0,3415.98941,2656.9894100898596,570.0,106.0,80.0,3.0
27182966,T6,16,7,7,True,40,random,fixed_field,e4ceb1336c5a505599757fd137a304f3711d72896558db6e67e0d6a26b13dd32,True,True,16,16,213.499338125,B3/结果/offline_logs/e12-risk-development-20260911T111939727609/27182966-T6.jsonl,,13284.9470504493,114,106,17,16,1,0,3415.98941,2656.9894100898596,570.0,106.0,80.0,3.0
27182967,E11,10,5,6,False,15,random,fixed_field,448dbb7aa6f325f7d1a68538378e0fd99c5f35c97083ca63f10f79e4440c77d1,True,True,10,10,281.9840396,B3/结果/offline_logs/e12-risk-development-20260911T111939727609/27182967-E11.jsonl,,10439.201978251003,114,106,12,10,2,0,2819.840396,2087.8403956502007,570.0,106.0,50.0,6.0
27182967,T2,10,5,7,True,45,random,fixed_field,448dbb7aa6f325f7d1a68538378e0fd99c5f35c97083ca63f10f79e4440c77d1,True,True,10,10,273.2430742,B3/结果/offline_logs/e12-risk-development-20260911T111939727609/27182967-T2.jsonl,,9177.153707751902,143,132,10,10,0,0,2732.430742,1835.4307415503804,715.0,132.0,50.0,0.0
27182967,T4,10,5,7,True,45,random,fixed_field,448dbb7aa6f325f7d1a68538378e0fd99c5f35c97083ca63f10f79e4440c77d1,True,True,10,10,273.2430742,B3/结果/offline_logs/e12-risk-development-20260911T111939727609/27182967-T4.jsonl,,9177.153707751902,143,132,10,10,0,0,2732.430742,1835.4307415503804,715.0,132.0,50.0,0.0
27182967,T6,10,5,6,True,15,random,fixed_field,448dbb7aa6f325f7d1a68538378e0fd99c5f35c97083ca63f10f79e4440c77d1,True,True,10,10,281.9840396,B3/结果/offline_logs/e12-risk-development-20260911T111939727609/27182967-T6.jsonl,,10439.201978251003,114,106,12,10,2,0,2819.840396,2087.8403956502007,570.0,106.0,50.0,6.0
27182968,E11,11,5,6,False,20,random,fixed_field,2374fa3ae74a6184d4d0f72f937f2c5b77f3ddec71c21d46dd837bd6dd10d271,True,True,11,11,299.64768363636364,B3/结果/offline_logs/e12-risk-development-20260911T111939727609/27182968-E11.jsonl,,12795.622600112412,115,104,12,11,1,0,3296.12452,2559.1245200224826,575.0,104.0,55.0,3.0
27182968,T2,11,5,7,True,20,random,fixed_field,2374fa3ae74a6184d4d0f72f937f2c5b77f3ddec71c21d46dd837bd6dd10d271,True,True,11,11,294.99470481818184,B3/结果/offline_logs/e12-risk-development-20260911T111939727609/27182968-T2.jsonl,,12034.708763862802,131,122,13,11,2,0,3244.941753,2406.94175277256,655.0,122.0,55.0,6.0
27182968,T4,11,5,7,True,20,random,fixed_field,2374fa3ae74a6184d4d0f72f937f2c5b77f3ddec71c21d46dd837bd6dd10d271,True,True,11,11,294.99470481818184,B3/结果/offline_logs/e12-risk-development-20260911T111939727609/27182968-T4.jsonl,,12034.708763862802,131,122,13,11,2,0,3244.941753,2406.94175277256,655.0,122.0,55.0,6.0
27182968,T6,11,5,6,True,20,random,fixed_field,2374fa3ae74a6184d4d0f72f937f2c5b77f3ddec71c21d46dd837bd6dd10d271,True,True,11,11,299.64768363636364,B3/结果/offline_logs/e12-risk-development-20260911T111939727609/27182968-T6.jsonl,,12795.622600112412,115,104,12,11,1,0,3296.12452,2559.1245200224826,575.0,104.0,55.0,3.0
27182969,E11,12,6,6,False,40,random,fixed_field,55feb2229ebcadd28c9427da5683c42c2f8744edd00453b7305b32308fc205d1,True,True,12,12,285.3361259166667,B3/结果/offline_logs/e12-risk-development-20260911T111939727609/27182969-E11.jsonl,,13290.167557047998,116,108,18,12,6,0,3424.033511,2658.033511409599,580.0,108.0,60.0,18.0
27182969,T2,12,6,7,True,10,random,fixed_field,55feb2229ebcadd28c9427da5683c42c2f8744edd00453b7305b32308fc205d1,True,True,12,12,310.978749,B3/结果/offline_logs/e12-risk-development-20260911T111939727609/27182969-T2.jsonl,,13983.724940535338,147,137,13,12,1,0,3731.744988,2796.744988107066,735.0,137.0,60.0,3.0
27182969,T4,12,6,7,True,10,random,fixed_field,55feb2229ebcadd28c9427da5683c42c2f8744edd00453b7305b32308fc205d1,True,True,12,12,310.978749,B3/结果/offline_logs/e12-risk-development-20260911T111939727609/27182969-T4.jsonl,,13983.724940535338,147,137,13,12,1,0,3731.744988,2796.744988107066,735.0,137.0,60.0,3.0
27182969,T6,12,6,7,True,10,random,fixed_field,55feb2229ebcadd28c9427da5683c42c2f8744edd00453b7305b32308fc205d1,True,True,12,12,310.978749,B3/结果/offline_logs/e12-risk-development-20260911T111939727609/27182969-T6.jsonl,,13983.724940535338,147,137,13,12,1,0,3731.744988,2796.744988107066,735.0,137.0,60.0,3.0
27182970,E11,13,7,6,False,45,random,fixed_field,b03631abf3befe3e1cdac35e3d3e7dded2b0cbc662da1b33fc281bd778ed9bac,True,True,13,13,253.11283623076923,B3/结果/offline_logs/e12-risk-development-20260911T111939727609/27182970-E11.jsonl,,12552.334355285642,122,99,15,13,2,0,3290.466871,2510.4668710571286,610.0,99.0,65.0,6.0
27182970,T2,13,7,7,True,40,random,fixed_field,b03631abf3befe3e1cdac35e3d3e7dded2b0cbc662da1b33fc281bd778ed9bac,True,True,13,13,258.1122285384615,B3/结果/offline_logs/e12-risk-development-20260911T111939727609/27182970-T2.jsonl,,13162.29485507848,112,98,13,13,0,0,3355.458971,2632.4589710156965,560.0,98.0,65.0,0.0
27182970,T4,13,7,7,True,40,random,fixed_field,b03631abf3befe3e1cdac35e3d3e7dded2b0cbc662da1b33fc281bd778ed9bac,True,True,13,13,258.1122285384615,B3/结果/offline_logs/e12-risk-development-20260911T111939727609/27182970-T4.jsonl,,13162.29485507848,112,98,13,13,0,0,3355.458971,2632.4589710156965,560.0,98.0,65.0,0.0
27182970,T6,13,7,7,True,40,random,fixed_field,b03631abf3befe3e1cdac35e3d3e7dded2b0cbc662da1b33fc281bd778ed9bac,True,True,13,13,258.1122285384615,B3/结果/offline_logs/e12-risk-development-20260911T111939727609/27182970-T6.jsonl,,13162.29485507848,112,98,13,13,0,0,3355.458971,2632.4589710156965,560.0,98.0,65.0,0.0
27182971,E11,14,7,6,False,40,random,fixed_field,7cbad53cdff3815d09ae1f9ab018ec574635884c58b3a036eb4f87bf5cc0e6d2,True,True,14,14,240.31018557142858,B3/结果/offline_logs/e12-risk-development-20260911T111939727609/27182971-E11.jsonl,,13036.712987872019,118,97,14,14,0,0,3364.342598,2607.342597574403,590.0,97.0,70.0,0.0
27182971,T2,14,7,7,True,15,random,fixed_field,7cbad53cdff3815d09ae1f9ab018ec574635884c58b3a036eb4f87bf5cc0e6d2,True,True,14,14,274.2703267142857,B3/结果/offline_logs/e12-risk-development-20260911T111939727609/27182971-T2.jsonl,,14978.922870271283,131,119,14,14,0,0,3839.784574,2995.7845740542575,655.0,119.0,70.0,0.0
27182971,T4,14,7,7,True,15,random,fixed_field,7cbad53cdff3815d09ae1f9ab018ec574635884c58b3a036eb4f87bf5cc0e6d2,True,True,14,14,274.2703267142857,B3/结果/offline_logs/e12-risk-development-20260911T111939727609/27182971-T4.jsonl,,14978.922870271283,131,119,14,14,0,0,3839.784574,2995.7845740542575,655.0,119.0,70.0,0.0
27182971,T6,14,7,7,True,15,random,fixed_field,7cbad53cdff3815d09ae1f9ab018ec574635884c58b3a036eb4f87bf5cc0e6d2,True,True,14,14,274.2703267142857,B3/结果/offline_logs/e12-risk-development-20260911T111939727609/27182971-T6.jsonl,,14978.922870271283,131,119,14,14,0,0,3839.784574,2995.7845740542575,655.0,119.0,70.0,0.0
27182972,E11,15,10,6,False,40,random,fixed_field,3f9659c1197fc16015c686c93c1339dd81a522e939e8aca08815d1966a9980cb,True,True,15,15,210.48331439999998,B3/结果/offline_logs/e12-risk-development-20260911T111939727609/27182972-E11.jsonl,,12056.248578635792,113,103,16,15,1,0,3157.249716,2411.249715727158,565.0,103.0,75.0,3.0
27182972,T2,15,10,7,True,50,random,fixed_field,3f9659c1197fc16015c686c93c1339dd81a522e939e8aca08815d1966a9980cb,True,True,15,15,221.0409532,B3/结果/offline_logs/e12-risk-development-20260911T111939727609/27182972-T2.jsonl,,12518.07149036866,124,114,16,15,1,0,3315.614298,2503.6142980737327,620.0,114.0,75.0,3.0
27182972,T4,15,10,7,True,50,random,fixed_field,3f9659c1197fc16015c686c93c1339dd81a522e939e8aca08815d1966a9980cb,True,True,15,15,221.0409532,B3/结果/offline_logs/e12-risk-development-20260911T111939727609/27182972-T4.jsonl,,12518.07149036866,124,114,16,15,1,0,3315.614298,2503.6142980737327,620.0,114.0,75.0,3.0
27182972,T6,15,10,7,True,50,random,fixed_field,3f9659c1197fc16015c686c93c1339dd81a522e939e8aca08815d1966a9980cb,True,True,15,15,221.0409532,B3/结果/offline_logs/e12-risk-development-20260911T111939727609/27182972-T6.jsonl,,12518.07149036866,124,114,16,15,1,0,3315.614298,2503.6142980737327,620.0,114.0,75.0,3.0
27182973,E11,16,8,6,False,0,random,fixed_field,8b9892dd343bb9a7c787dbbb862308ad307f348122da9f14d3b4509657b2ac49,True,True,16,16,227.90393575,B3/结果/offline_logs/e12-risk-development-20260911T111939727609/27182973-E11.jsonl,,14782.314860594292,101,90,21,16,5,0,3646.462972,2956.4629721188585,505.0,90.0,80.0,15.0
27182973,T2,16,8,7,True,30,random,fixed_field,8b9892dd343bb9a7c787dbbb862308ad307f348122da9f14d3b4509657b2ac49,True,True,16,16,224.147922125,B3/结果/offline_logs/e12-risk-development-20260911T111939727609/27182973-T2.jsonl,,14326.833769904722,109,93,17,16,1,0,3586.366754,2865.366753980944,545.0,93.0,80.0,3.0
27182973,T4,16,8,7,True,30,random,fixed_field,8b9892dd343bb9a7c787dbbb862308ad307f348122da9f14d3b4509657b2ac49,True,True,16,16,224.147922125,B3/结果/offline_logs/e12-risk-development-20260911T111939727609/27182973-T4.jsonl,,14326.833769904722,109,93,17,16,1,0,3586.366754,2865.366753980944,545.0,93.0,80.0,3.0
27182973,T6,16,8,7,True,30,random,fixed_field,8b9892dd343bb9a7c787dbbb862308ad307f348122da9f14d3b4509657b2ac49,True,True,16,16,224.147922125,B3/结果/offline_logs/e12-risk-development-20260911T111939727609/27182973-T6.jsonl,,14326.833769904722,109,93,17,16,1,0,3586.366754,2865.366753980944,545.0,93.0,80.0,3.0
27182974,E11,10,5,6,False,40,random,fixed_field,2e359dbf5c683f89b22958a627f2d178439c1e98f40fc45b1f02e70ef36d6d9b,True,True,10,10,316.1857394,B3/结果/offline_logs/e12-risk-development-20260911T111939727609/27182974-E11.jsonl,,11944.2869698557,121,109,13,10,3,0,3161.857394,2388.8573939711405,605.0,109.0,50.0,9.0
27182974,T2,10,5,7,True,15,random,fixed_field,2e359dbf5c683f89b22958a627f2d178439c1e98f40fc45b1f02e70ef36d6d9b,True,True,10,10,315.0218698,B3/结果/offline_logs/e12-risk-development-20260911T111939727609/27182974-T2.jsonl,,11431.093488226896,136,125,13,10,3,0,3150.218698,2286.2186976453795,680.0,125.0,50.0,9.0
27182974,T4,10,5,7,True,15,random,fixed_field,2e359dbf5c683f89b22958a627f2d178439c1e98f40fc45b1f02e70ef36d6d9b,True,True,10,10,315.0218698,B3/结果/offline_logs/e12-risk-development-20260911T111939727609/27182974-T4.jsonl,,11431.093488226896,136,125,13,10,3,0,3150.218698,2286.2186976453795,680.0,125.0,50.0,9.0
27182974,T6,10,5,6,True,40,random,fixed_field,2e359dbf5c683f89b22958a627f2d178439c1e98f40fc45b1f02e70ef36d6d9b,True,True,10,10,316.1857394,B3/结果/offline_logs/e12-risk-development-20260911T111939727609/27182974-T6.jsonl,,11944.2869698557,121,109,13,10,3,0,3161.857394,2388.8573939711405,605.0,109.0,50.0,9.0
27182975,E11,11,4,6,False,30,random,fixed_field,650d12f4a007c8023ba41a42fa478c7e1a974fe0622eff4a09eb067d4006c60e,True,True,11,11,291.000628,B3/结果/offline_logs/e12-risk-development-20260911T111939727609/27182975-E11.jsonl,,11665.034540314642,137,125,12,11,1,0,3201.006908,2333.006908062928,685.0,125.0,55.0,3.0
27182975,T2,11,4,7,True,20,random,fixed_field,650d12f4a007c8023ba41a42fa478c7e1a974fe0622eff4a09eb067d4006c60e,True,True,11,11,254.27616354545455,B3/结果/offline_logs/e12-risk-development-20260911T111939727609/27182975-T2.jsonl,,10055.188996439543,124,111,11,11,0,0,2797.037799,2011.0377992879085,620.0,111.0,55.0,0.0
27182975,T4,11,4,7,True,20,random,fixed_field,650d12f4a007c8023ba41a42fa478c7e1a974fe0622eff4a09eb067d4006c60e,True,True,11,11,254.27616354545455,B3/结果/offline_logs/e12-risk-development-20260911T111939727609/27182975-T4.jsonl,,10055.188996439543,124,111,11,11,0,0,2797.037799,2011.0377992879085,620.0,111.0,55.0,0.0
27182975,T6,11,4,6,True,30,random,fixed_field,650d12f4a007c8023ba41a42fa478c7e1a974fe0622eff4a09eb067d4006c60e,True,True,11,11,291.000628,B3/结果/offline_logs/e12-risk-development-20260911T111939727609/27182975-T6.jsonl,,11665.034540314642,137,125,12,11,1,0,3201.006908,2333.006908062928,685.0,125.0,55.0,3.0
27182976,E11,12,7,6,False,30,random,fixed_field,adc15aecd169ca37128980f802d689a2cd106b82da7233d67e500a268eb7bbbf,True,True,12,12,276.89131308333333,B3/结果/offline_logs/e12-risk-development-20260911T111939727609/27182976-E11.jsonl,,12453.478785724817,131,117,12,12,0,0,3322.695757,2490.695757144965,655.0,117.0,60.0,0.0
27182976,T2,12,7,7,True,0,random,fixed_field,adc15aecd169ca37128980f802d689a2cd106b82da7233d67e500a268eb7bbbf,True,True,12,12,269.20232849999996,B3/结果/offline_logs/e12-risk-development-20260911T111939727609/27182976-T2.jsonl,,12187.1397121991,123,112,14,12,2,0,3230.427942,2437.4279424398187,615.0,112.0,60.0,6.0
27182976,T4,12,7,7,True,0,random,fixed_field,adc15aecd169ca37128980f802d689a2cd106b82da7233d67e500a268eb7bbbf,True,True,12,12,269.20232849999996,B3/结果/offline_logs/e12-risk-development-20260911T111939727609/27182976-T4.jsonl,,12187.1397121991,123,112,14,12,2,0,3230.427942,2437.4279424398187,615.0,112.0,60.0,6.0
27182976,T6,12,7,7,True,0,random,fixed_field,adc15aecd169ca37128980f802d689a2cd106b82da7233d67e500a268eb7bbbf,True,True,12,12,269.20232849999996,B3/结果/offline_logs/e12-risk-development-20260911T111939727609/27182976-T6.jsonl,,12187.1397121991,123,112,14,12,2,0,3230.427942,2437.4279424398187,615.0,112.0,60.0,6.0
27182977,E11,13,9,6,False,35,random,fixed_field,0d9ab678abcb9758431911ec6070f125ce5b6d0b5f5a0de8ba4f394863c6e903,True,True,13,13,273.9806716153846,B3/结果/offline_logs/e12-risk-development-20260911T111939727609/27182977-E11.jsonl,,14253.743657316838,109,101,13,13,0,0,3561.748731,2850.748731463368,545.0,101.0,65.0,0.0
27182977,T2,13,9,7,True,15,random,fixed_field,0d9ab678abcb9758431911ec6070f125ce5b6d0b5f5a0de8ba4f394863c6e903,True,True,13,13,259.779926,B3/结果/offline_logs/e12-risk-development-20260911T111939727609/27182977-T2.jsonl,,12290.695189882124,144,128,15,13,2,0,3377.139038,2458.139037976425,720.0,128.0,65.0,6.0
27182977,T4,13,9,7,True,15,random,fixed_field,0d9ab678abcb9758431911ec6070f125ce5b6d0b5f5a0de8ba4f394863c6e903,True,True,13,13,259.779926,B3/结果/offline_logs/e12-risk-development-20260911T111939727609/27182977-T4.jsonl,,12290.695189882124,144,128,15,13,2,0,3377.139038,2458.139037976425,720.0,128.0,65.0,6.0
27182977,T6,13,9,7,True,15,random,fixed_field,0d9ab678abcb9758431911ec6070f125ce5b6d0b5f5a0de8ba4f394863c6e903,True,True,13,13,259.779926,B3/结果/offline_logs/e12-risk-development-20260911T111939727609/27182977-T6.jsonl,,12290.695189882124,144,128,15,13,2,0,3377.139038,2458.139037976425,720.0,128.0,65.0,6.0
27182978,E11,14,3,6,False,25,random,fixed_field,df245f36e934f84d66d502436aeaac494ae608a93ff49b422958f09e407786c7,True,True,14,14,272.54508500000003,B3/结果/offline_logs/e12-risk-development-20260911T111939727609/27182978-E11.jsonl,,14853.155948953874,131,120,14,14,0,0,3815.63119,2970.631189790773,655.0,120.0,70.0,0.0
27182978,T2,14,3,7,True,50,random,fixed_field,df245f36e934f84d66d502436aeaac494ae608a93ff49b422958f09e407786c7,True,True,14,14,274.38834035714285,B3/结果/offline_logs/e12-risk-development-20260911T111939727609/27182978-T2.jsonl,,15022.18382446746,130,114,15,14,1,0,3841.436765,3004.436764893491,650.0,114.0,70.0,3.0
27182978,T4,14,3,6,True,25,random,fixed_field,df245f36e934f84d66d502436aeaac494ae608a93ff49b422958f09e407786c7,True,True,14,14,272.54508500000003,B3/结果/offline_logs/e12-risk-development-20260911T111939727609/27182978-T4.jsonl,,14853.155948953874,131,120,14,14,0,0,3815.63119,2970.631189790773,655.0,120.0,70.0,0.0
27182978,T6,14,3,6,True,25,random,fixed_field,df245f36e934f84d66d502436aeaac494ae608a93ff49b422958f09e407786c7,True,True,14,14,272.54508500000003,B3/结果/offline_logs/e12-risk-development-20260911T111939727609/27182978-T6.jsonl,,14853.155948953874,131,120,14,14,0,0,3815.63119,2970.631189790773,655.0,120.0,70.0,0.0
27182979,E11,15,5,6,False,40,random,fixed_field,94abfa81372a4761b2db5706a06933556e7cb3f078ef7411b57d29d181b3cc8b,True,True,15,15,254.9652588,B3/结果/offline_logs/e12-risk-development-20260911T111939727609/27182979-E11.jsonl,,15427.394408554788,113,99,15,15,0,0,3824.478882,3085.478881710957,565.0,99.0,75.0,0.0
27182979,T2,15,5,7,True,10,random,fixed_field,94abfa81372a4761b2db5706a06933556e7cb3f078ef7411b57d29d181b3cc8b,True,True,15,15,270.10209953333333,B3/结果/offline_logs/e12-risk-development-20260911T111939727609/27182979-T2.jsonl,,16227.65746537836,123,116,15,15,0,0,4051.531493,3245.531493075672,615.0,116.0,75.0,0.0
27182979,T4,15,5,7,True,10,random,fixed_field,94abfa81372a4761b2db5706a06933556e7cb3f078ef7411b57d29d181b3cc8b,True,True,15,15,270.10209953333333,B3/结果/offline_logs/e12-risk-development-20260911T111939727609/27182979-T4.jsonl,,16227.65746537836,123,116,15,15,0,0,4051.531493,3245.531493075672,615.0,116.0,75.0,0.0
27182979,T6,15,5,6,True,40,random,fixed_field,94abfa81372a4761b2db5706a06933556e7cb3f078ef7411b57d29d181b3cc8b,True,True,15,15,254.9652588,B3/结果/offline_logs/e12-risk-development-20260911T111939727609/27182979-T6.jsonl,,15427.394408554788,113,99,15,15,0,0,3824.478882,3085.478881710957,565.0,99.0,75.0,0.0
27182980,E11,16,12,6,False,40,random,fixed_field,69dcff8fedb0e99ab2e991bf73b473c89a5e5df2d0ce9534d167cd054be4955f,True,True,16,16,185.6689451875,B3/结果/offline_logs/e12-risk-development-20260911T111939727609/27182980-E11.jsonl,,11603.515612810894,96,84,18,16,2,0,2970.703123,2320.703122562179,480.0,84.0,80.0,6.0
27182980,T2,16,12,7,True,35,random,fixed_field,69dcff8fedb0e99ab2e991bf73b473c89a5e5df2d0ce9534d167cd054be4955f,True,True,16,16,187.175407,B3/结果/offline_logs/e12-risk-development-20260911T111939727609/27182980-T2.jsonl,,11529.032558405763,103,88,18,16,2,0,2994.806512,2305.8065116811536,515.0,88.0,80.0,6.0
27182980,T4,16,12,7,True,35,random,fixed_field,69dcff8fedb0e99ab2e991bf73b473c89a5e5df2d0ce9534d167cd054be4955f,True,True,16,16,187.175407,B3/结果/offline_logs/e12-risk-development-20260911T111939727609/27182980-T4.jsonl,,11529.032558405763,103,88,18,16,2,0,2994.806512,2305.8065116811536,515.0,88.0,80.0,6.0
27182980,T6,16,12,7,True,35,random,fixed_field,69dcff8fedb0e99ab2e991bf73b473c89a5e5df2d0ce9534d167cd054be4955f,True,True,16,16,187.175407,B3/结果/offline_logs/e12-risk-development-20260911T111939727609/27182980-T6.jsonl,,11529.032558405763,103,88,18,16,2,0,2994.806512,2305.8065116811536,515.0,88.0,80.0,6.0
27182981,E11,10,3,6,False,50,random,fixed_field,ddcfc10f9e9aafbe75a9746b2603028eb470bff38aa718428b012fc5ed1e6c05,True,True,10,10,339.97303320000003,B3/结果/offline_logs/e12-risk-development-20260911T111939727609/27182981-E11.jsonl,,13293.651660210142,115,107,13,10,3,0,3399.730332,2658.730332042028,575.0,107.0,50.0,9.0
27182981,T2,10,3,7,True,30,random,fixed_field,ddcfc10f9e9aafbe75a9746b2603028eb470bff38aa718428b012fc5ed1e6c05,True,True,10,10,329.7278452,B3/结果/offline_logs/e12-risk-development-20260911T111939727609/27182981-T2.jsonl,,11706.392257698984,153,141,10,10,0,0,3297.278452,2341.278451539796,765.0,141.0,50.0,0.0
27182981,T4,10,3,6,True,50,random,fixed_field,ddcfc10f9e9aafbe75a9746b2603028eb470bff38aa718428b012fc5ed1e6c05,True,True,10,10,339.97303320000003,B3/结果/offline_logs/e12-risk-development-20260911T111939727609/27182981-T4.jsonl,,13293.651660210142,115,107,13,10,3,0,3399.730332,2658.730332042028,575.0,107.0,50.0,9.0
27182981,T6,10,3,6,True,50,random,fixed_field,ddcfc10f9e9aafbe75a9746b2603028eb470bff38aa718428b012fc5ed1e6c05,True,True,10,10,339.97303320000003,B3/结果/offline_logs/e12-risk-development-20260911T111939727609/27182981-T6.jsonl,,13293.651660210142,115,107,13,10,3,0,3399.730332,2658.730332042028,575.0,107.0,50.0,9.0
27182982,E11,11,4,6,False,35,random,fixed_field,f3a9027fa5ad65092cb7d0eec313f9d40a3f593bfd2b55c70cff9a3106ec9d07,True,True,11,11,290.705142,B3/结果/offline_logs/e12-risk-development-20260911T111939727609/27182982-E11.jsonl,,12233.782811927556,117,111,11,11,0,0,3197.756562,2446.7565623855126,585.0,111.0,55.0,0.0
27182982,T2,11,4,7,True,5,random,fixed_field,f3a9027fa5ad65092cb7d0eec313f9d40a3f593bfd2b55c70cff9a3106ec9d07,True,True,11,11,302.2451728181818,B3/结果/offline_logs/e12-risk-development-20260911T111939727609/27182982-T2.jsonl,,12173.484507141407,142,125,11,11,0,0,3324.696901,2434.6969014282818,710.0,125.0,55.0,0.0
27182982,T4,11,4,7,True,5,random,fixed_field,f3a9027fa5ad65092cb7d0eec313f9d40a3f593bfd2b55c70cff9a3106ec9d07,True,True,11,11,302.2451728181818,B3/结果/offline_logs/e12-risk-development-20260911T111939727609/27182982-T4.jsonl,,12173.484507141407,142,125,11,11,0,0,3324.696901,2434.6969014282818,710.0,125.0,55.0,0.0
27182982,T6,11,4,6,True,35,random,fixed_field,f3a9027fa5ad65092cb7d0eec313f9d40a3f593bfd2b55c70cff9a3106ec9d07,True,True,11,11,290.705142,B3/结果/offline_logs/e12-risk-development-20260911T111939727609/27182982-T6.jsonl,,12233.782811927556,117,111,11,11,0,0,3197.756562,2446.7565623855126,585.0,111.0,55.0,0.0
27182983,E11,12,3,6,False,40,random,fixed_field,da30661dc646a76ffaa196e695bd893370a5ef70d1dfd8052bd02e7fe37fc3e8,True,True,12,12,245.86297850000003,B3/结果/offline_logs/e12-risk-development-20260911T111939727609/27182983-E11.jsonl,,10541.778708151598,130,123,15,12,3,0,2950.355742,2108.3557416303206,650.0,123.0,60.0,9.0
27182983,T2,12,3,7,True,5,random,fixed_field,da30661dc646a76ffaa196e695bd893370a5ef70d1dfd8052bd02e7fe37fc3e8,True,True,12,12,273.68484666666666,B3/结果/offline_logs/e12-risk-development-20260911T111939727609/27182983-T2.jsonl,,12486.09079991362,123,112,12,12,0,0,3284.21816,2497.218159982724,615.0,112.0,60.0,0.0
27182983,T4,12,3,6,True,40,random,fixed_field,da30661dc646a76ffaa196e695bd893370a5ef70d1dfd8052bd02e7fe37fc3e8,True,True,12,12,245.86297850000003,B3/结果/offline_logs/e12-risk-development-20260911T111939727609/27182983-T4.jsonl,,10541.778708151598,130,123,15,12,3,0,2950.355742,2108.3557416303206,650.0,123.0,60.0,9.0
27182983,T6,12,3,6,True,40,random,fixed_field,da30661dc646a76ffaa196e695bd893370a5ef70d1dfd8052bd02e7fe37fc3e8,True,True,12,12,245.86297850000003,B3/结果/offline_logs/e12-risk-development-20260911T111939727609/27182983-T6.jsonl,,10541.778708151598,130,123,15,12,3,0,2950.355742,2108.3557416303206,650.0,123.0,60.0,9.0
27182984,E11,13,5,6,False,20,random,fixed_field,3e392b1a59f17fe24a6e4bf468f073b05d7172b2222d89e794162129bfa4b473,True,True,13,13,303.49735646153846,B3/结果/offline_logs/e12-risk-development-20260911T111939727609/27182984-E11.jsonl,,15827.328167672556,119,111,16,13,3,0,3945.465634,3165.465633534511,595.0,111.0,65.0,9.0
27182984,T2,13,5,7,True,10,random,fixed_field,3e392b1a59f17fe24a6e4bf468f073b05d7172b2222d89e794162129bfa4b473,True,True,13,13,291.3737674615385,B3/结果/offline_logs/e12-risk-development-20260911T111939727609/27182984-T2.jsonl,,14869.294886791913,126,116,14,13,1,0,3787.858977,2973.8589773583826,630.0,116.0,65.0,3.0
27182984,T4,13,5,7,True,10,random,fixed_field,3e392b1a59f17fe24a6e4bf468f073b05d7172b2222d89e794162129bfa4b473,True,True,13,13,291.3737674615385,B3/结果/offline_logs/e12-risk-development-20260911T111939727609/27182984-T4.jsonl,,14869.294886791913,126,116,14,13,1,0,3787.858977,2973.8589773583826,630.0,116.0,65.0,3.0
27182984,T6,13,5,6,True,20,random,fixed_field,3e392b1a59f17fe24a6e4bf468f073b05d7172b2222d89e794162129bfa4b473,True,True,13,13,303.49735646153846,B3/结果/offline_logs/e12-risk-development-20260911T111939727609/27182984-T6.jsonl,,15827.328167672556,119,111,16,13,3,0,3945.465634,3165.465633534511,595.0,111.0,65.0,9.0
27182985,E11,14,6,6,False,35,random,fixed_field,8c02080201eeee36616454990b4f367d732b95a6841e34dc695008de0a37fce9,True,True,14,14,236.23770314285713,B3/结果/offline_logs/e12-risk-development-20260911T111939727609/27182985-E11.jsonl,,12866.63922027293,112,104,14,14,0,0,3307.327844,2573.3278440545855,560.0,104.0,70.0,0.0
27182985,T2,14,6,7,True,40,random,fixed_field,8c02080201eeee36616454990b4f367d732b95a6841e34dc695008de0a37fce9,True,True,14,14,234.60064207142858,B3/结果/offline_logs/e12-risk-development-20260911T111939727609/27182985-T2.jsonl,,12397.044945595451,125,104,16,14,2,0,3284.408989,2479.4089891190906,625.0,104.0,70.0,6.0
27182985,T4,14,6,7,True,40,random,fixed_field,8c02080201eeee36616454990b4f367d732b95a6841e34dc695008de0a37fce9,True,True,14,14,234.60064207142858,B3/结果/offline_logs/e12-risk-development-20260911T111939727609/27182985-T4.jsonl,,12397.044945595451,125,104,16,14,2,0,3284.408989,2479.4089891190906,625.0,104.0,70.0,6.0
27182985,T6,14,6,7,True,40,random,fixed_field,8c02080201eeee36616454990b4f367d732b95a6841e34dc695008de0a37fce9,True,True,14,14,234.60064207142858,B3/结果/offline_logs/e12-risk-development-20260911T111939727609/27182985-T6.jsonl,,12397.044945595451,125,104,16,14,2,0,3284.408989,2479.4089891190906,625.0,104.0,70.0,6.0
27182986,E11,15,6,6,False,50,random,fixed_field,9e098e3d78efe614d4460ef3d673d5492ab36b5cc4be3f3b5ec88434cdad4d5e,True,True,15,15,246.72445573333334,B3/结果/offline_logs/e12-risk-development-20260911T111939727609/27182986-E11.jsonl,,14239.334179642092,132,118,15,15,0,0,3700.866836,2847.8668359284156,660.0,118.0,75.0,0.0
27182986,T2,15,6,7,True,50,random,fixed_field,9e098e3d78efe614d4460ef3d673d5492ab36b5cc4be3f3b5ec88434cdad4d5e,True,True,15,15,254.8137102,B3/结果/offline_logs/e12-risk-development-20260911T111939727609/27182986-T2.jsonl,,15216.028263691467,118,105,18,15,3,0,3822.205653,3043.205652738294,590.0,105.0,75.0,9.0
27182986,T4,15,6,7,True,50,random,fixed_field,9e098e3d78efe614d4460ef3d673d5492ab36b5cc4be3f3b5ec88434cdad4d5e,True,True,15,15,254.8137102,B3/结果/offline_logs/e12-risk-development-20260911T111939727609/27182986-T4.jsonl,,15216.028263691467,118,105,18,15,3,0,3822.205653,3043.205652738294,590.0,105.0,75.0,9.0
27182986,T6,15,6,7,True,50,random,fixed_field,9e098e3d78efe614d4460ef3d673d5492ab36b5cc4be3f3b5ec88434cdad4d5e,True,True,15,15,254.8137102,B3/结果/offline_logs/e12-risk-development-20260911T111939727609/27182986-T6.jsonl,,15216.028263691467,118,105,18,15,3,0,3822.205653,3043.205652738294,590.0,105.0,75.0,9.0
27182987,E11,16,9,6,False,10,random,fixed_field,1f293d15dbd131a3762844238c16d8fa6aec980999639dd350120b107f08ac05,True,True,16,16,216.124812125,B3/结果/offline_logs/e12-risk-development-20260911T111939727609/27182987-E11.jsonl,,13204.984968521028,124,114,17,16,1,0,3457.996994,2640.9969937042074,620.0,114.0,80.0,3.0
27182987,T2,16,9,7,True,15,random,fixed_field,1f293d15dbd131a3762844238c16d8fa6aec980999639dd350120b107f08ac05,True,True,16,16,225.4829978125,B3/结果/offline_logs/e12-risk-development-20260911T111939727609/27182987-T2.jsonl,,14123.63982451463,118,104,19,16,3,0,3607.727965,2824.727964902927,590.0,104.0,80.0,9.0
27182987,T4,16,9,7,True,15,random,fixed_field,1f293d15dbd131a3762844238c16d8fa6aec980999639dd350120b107f08ac05,True,True,16,16,225.4829978125,B3/结果/offline_logs/e12-risk-development-20260911T111939727609/27182987-T4.jsonl,,14123.63982451463,118,104,19,16,3,0,3607.727965,2824.727964902927,590.0,104.0,80.0,9.0
27182987,T6,16,9,7,True,15,random,fixed_field,1f293d15dbd131a3762844238c16d8fa6aec980999639dd350120b107f08ac05,True,True,16,16,225.4829978125,B3/结果/offline_logs/e12-risk-development-20260911T111939727609/27182987-T6.jsonl,,14123.63982451463,118,104,19,16,3,0,3607.727965,2824.727964902927,590.0,104.0,80.0,9.0
27182988,E11,10,2,6,False,10,random,fixed_field,ebb42d19c48cd5592528f9e564ff327edc4eede0a64373597a269012ea305f29,True,True,10,10,365.96988369999997,B3/结果/offline_logs/e12-risk-development-20260911T111939727609/27182988-E11.jsonl,,14503.494184043979,117,112,14,10,4,0,3659.698837,2900.698836808796,585.0,112.0,50.0,12.0
27182988,T2,10,2,7,True,35,random,fixed_field,ebb42d19c48cd5592528f9e564ff327edc4eede0a64373597a269012ea305f29,True,True,10,10,315.35453440000003,B3/结果/offline_logs/e12-risk-development-20260911T111939727609/27182988-T2.jsonl,,11212.726719657587,145,133,11,10,1,0,3153.545344,2242.545343931517,725.0,133.0,50.0,3.0
27182988,T4,10,2,6,True,10,random,fixed_field,ebb42d19c48cd5592528f9e564ff327edc4eede0a64373597a269012ea305f29,True,True,10,10,365.96988369999997,B3/结果/offline_logs/e12-risk-development-20260911T111939727609/27182988-T4.jsonl,,14503.494184043979,117,112,14,10,4,0,3659.698837,2900.698836808796,585.0,112.0,50.0,12.0
27182988,T6,10,2,6,True,10,random,fixed_field,ebb42d19c48cd5592528f9e564ff327edc4eede0a64373597a269012ea305f29,True,True,10,10,365.96988369999997,B3/结果/offline_logs/e12-risk-development-20260911T111939727609/27182988-T6.jsonl,,14503.494184043979,117,112,14,10,4,0,3659.698837,2900.698836808796,585.0,112.0,50.0,12.0
27182989,E11,11,6,6,False,5,random,fixed_field,7ce3484f22a78c4c5569d9226b4091aff4df290734704a006772f6899f90e315,True,True,11,11,296.496553,B3/结果/offline_logs/e12-risk-development-20260911T111939727609/27182989-E11.jsonl,,12602.31041299743,115,108,12,11,1,0,3261.462083,2520.462082599487,575.0,108.0,55.0,3.0
27182989,T2,11,6,7,True,5,random,fixed_field,7ce3484f22a78c4c5569d9226b4091aff4df290734704a006772f6899f90e315,True,True,11,11,285.8557631818182,B3/结果/offline_logs/e12-risk-development-20260911T111939727609/27182989-T2.jsonl,,11787.066976269016,123,114,12,11,1,0,3144.413395,2357.4133952538027,615.0,114.0,55.0,3.0
27182989,T4,11,6,7,True,5,random,fixed_field,7ce3484f22a78c4c5569d9226b4091aff4df290734704a006772f6899f90e315,True,True,11,11,285.8557631818182,B3/结果/offline_logs/e12-risk-development-20260911T111939727609/27182989-T4.jsonl,,11787.066976269016,123,114,12,11,1,0,3144.413395,2357.4133952538027,615.0,114.0,55.0,3.0
27182989,T6,11,6,7,True,5,random,fixed_field,7ce3484f22a78c4c5569d9226b4091aff4df290734704a006772f6899f90e315,True,True,11,11,285.8557631818182,B3/结果/offline_logs/e12-risk-development-20260911T111939727609/27182989-T6.jsonl,,11787.066976269016,123,114,12,11,1,0,3144.413395,2357.4133952538027,615.0,114.0,55.0,3.0
27182990,E11,12,7,6,False,35,random,fixed_field,9206b1664bc6ba4068a51841f0e5ba06ddd2dfce899b9f035354155f4b94c16e,True,True,12,12,270.77497191666663,B3/结果/offline_logs/e12-risk-development-20260911T111939727609/27182990-E11.jsonl,,12611.498315106284,113,102,12,12,0,0,3249.299663,2522.2996630212565,565.0,102.0,60.0,0.0
27182990,T2,12,7,7,True,30,random,fixed_field,9206b1664bc6ba4068a51841f0e5ba06ddd2dfce899b9f035354155f4b94c16e,True,True,12,12,240.53485508333333,B3/结果/offline_logs/e12-risk-development-20260911T111939727609/27182990-T2.jsonl,,10392.091307116207,126,112,14,12,2,0,2886.418261,2078.4182614232413,630.0,112.0,60.0,6.0
27182990,T4,12,7,7,True,30,random,fixed_field,9206b1664bc6ba4068a51841f0e5ba06ddd2dfce899b9f035354155f4b94c16e,True,True,12,12,240.53485508333333,B3/结果/offline_logs/e12-risk-development-20260911T111939727609/27182990-T4.jsonl,,10392.091307116207,126,112,14,12,2,0,2886.418261,2078.4182614232413,630.0,112.0,60.0,6.0
27182990,T6,12,7,7,True,30,random,fixed_field,9206b1664bc6ba4068a51841f0e5ba06ddd2dfce899b9f035354155f4b94c16e,True,True,12,12,240.53485508333333,B3/结果/offline_logs/e12-risk-development-20260911T111939727609/27182990-T6.jsonl,,10392.091307116207,126,112,14,12,2,0,2886.418261,2078.4182614232413,630.0,112.0,60.0,6.0
27182991,E11,13,6,6,False,0,random,fixed_field,fb6cc2244d68781ef253d026fc25ac6058dbdd15ccc89a90ba44ebe792cc5f68,True,True,13,13,245.72864323076922,B3/结果/offline_logs/e12-risk-development-20260911T111939727609/27182991-E11.jsonl,,12437.361809469965,109,94,14,13,1,0,3194.472362,2487.472361893993,545.0,94.0,65.0,3.0
27182991,T2,13,6,7,True,50,random,fixed_field,fb6cc2244d68781ef253d026fc25ac6058dbdd15ccc89a90ba44ebe792cc5f68,True,True,13,13,266.4482116153846,B3/结果/offline_logs/e12-risk-development-20260911T111939727609/27182991-T2.jsonl,,13104.133753458658,132,118,13,13,0,0,3463.826751,2620.8267506917314,660.0,118.0,65.0,0.0
27182991,T4,13,6,7,True,50,random,fixed_field,fb6cc2244d68781ef253d026fc25ac6058dbdd15ccc89a90ba44ebe792cc5f68,True,True,13,13,266.4482116153846,B3/结果/offline_logs/e12-risk-development-20260911T111939727609/27182991-T4.jsonl,,13104.133753458658,132,118,13,13,0,0,3463.826751,2620.8267506917314,660.0,118.0,65.0,0.0
27182991,T6,13,6,7,True,50,random,fixed_field,fb6cc2244d68781ef253d026fc25ac6058dbdd15ccc89a90ba44ebe792cc5f68,True,True,13,13,266.4482116153846,B3/结果/offline_logs/e12-risk-development-20260911T111939727609/27182991-T6.jsonl,,13104.133753458658,132,118,13,13,0,0,3463.826751,2620.8267506917314,660.0,118.0,65.0,0.0
27182992,E11,14,6,6,False,5,random,fixed_field,8dcb7a0472262d0daf0b2067f03e17f637400cbf67932b4646cea70d39bca3f5,True,True,14,14,251.97023035714284,B3/结果/offline_logs/e12-risk-development-20260911T111939727609/27182992-E11.jsonl,,13897.916124343636,115,103,14,14,0,0,3527.583225,2779.583224868727,575.0,103.0,70.0,0.0
27182992,T2,14,6,7,True,45,random,fixed_field,8dcb7a0472262d0daf0b2067f03e17f637400cbf67932b4646cea70d39bca3f5,True,True,14,14,236.76455257142857,B3/结果/offline_logs/e12-risk-development-20260911T111939727609/27182992-T2.jsonl,,12003.518679823608,141,130,17,14,3,0,3314.703736,2400.7037359647215,705.0,130.0,70.0,9.0
27182992,T4,14,6,7,True,45,random,fixed_field,8dcb7a0472262d0daf0b2067f03e17f637400cbf67932b4646cea70d39bca3f5,True,True,14,14,236.76455257142857,B3/结果/offline_logs/e12-risk-development-20260911T111939727609/27182992-T4.jsonl,,12003.518679823608,141,130,17,14,3,0,3314.703736,2400.7037359647215,705.0,130.0,70.0,9.0
27182992,T6,14,6,7,True,45,random,fixed_field,8dcb7a0472262d0daf0b2067f03e17f637400cbf67932b4646cea70d39bca3f5,True,True,14,14,236.76455257142857,B3/结果/offline_logs/e12-risk-development-20260911T111939727609/27182992-T6.jsonl,,12003.518679823608,141,130,17,14,3,0,3314.703736,2400.7037359647215,705.0,130.0,70.0,9.0
27182993,E11,15,8,6,False,25,random,fixed_field,1d16730acd193dfba9216a103b6f70821881538458da3ef744cb7e01230bf418,True,True,15,15,261.21322653333334,B3/结果/offline_logs/e12-risk-development-20260911T111939727609/27182993-E11.jsonl,,15765.991991213703,116,110,15,15,0,0,3918.198398,3153.198398242741,580.0,110.0,75.0,0.0
27182993,T2,15,8,7,True,0,random,fixed_field,1d16730acd193dfba9216a103b6f70821881538458da3ef744cb7e01230bf418,True,True,15,15,254.1049104,B3/结果/offline_logs/e12-risk-development-20260911T111939727609/27182993-T2.jsonl,,14647.868280337703,136,127,15,15,0,0,3811.573656,2929.573656067541,680.0,127.0,75.0,0.0
27182993,T4,15,8,7,True,0,random,fixed_field,1d16730acd193dfba9216a103b6f70821881538458da3ef744cb7e01230bf418,True,True,15,15,254.1049104,B3/结果/offline_logs/e12-risk-development-20260911T111939727609/27182993-T4.jsonl,,14647.868280337703,136,127,15,15,0,0,3811.573656,2929.573656067541,680.0,127.0,75.0,0.0
27182993,T6,15,8,7,True,0,random,fixed_field,1d16730acd193dfba9216a103b6f70821881538458da3ef744cb7e01230bf418,True,True,15,15,254.1049104,B3/结果/offline_logs/e12-risk-development-20260911T111939727609/27182993-T6.jsonl,,14647.868280337703,136,127,15,15,0,0,3811.573656,2929.573656067541,680.0,127.0,75.0,0.0
27182994,E11,16,10,6,False,15,random,fixed_field,b5e4c600b69048f0306a0e8bf506a592d7e656e4fad8cdcc3d5c95149ced1825,True,True,16,16,213.767726375,B3/结果/offline_logs/e12-risk-development-20260911T111939727609/27182994-E11.jsonl,,13301.418112343878,114,104,18,16,2,0,3420.283622,2660.283622468776,570.0,104.0,80.0,6.0
27182994,T2,16,10,7,True,35,random,fixed_field,b5e4c600b69048f0306a0e8bf506a592d7e656e4fad8cdcc3d5c95149ced1825,True,True,16,16,211.487726625,B3/结果/offline_logs/e12-risk-development-20260911T111939727609/27182994-T2.jsonl,,13194.018128177326,111,101,19,16,3,0,3383.803626,2638.8036256354653,555.0,101.0,80.0,9.0
27182994,T4,16,10,7,True,35,random,fixed_field,b5e4c600b69048f0306a0e8bf506a592d7e656e4fad8cdcc3d5c95149ced1825,True,True,16,16,211.487726625,B3/结果/offline_logs/e12-risk-development-20260911T111939727609/27182994-T4.jsonl,,13194.018128177326,111,101,19,16,3,0,3383.803626,2638.8036256354653,555.0,101.0,80.0,9.0
27182994,T6,16,10,7,True,35,random,fixed_field,b5e4c600b69048f0306a0e8bf506a592d7e656e4fad8cdcc3d5c95149ced1825,True,True,16,16,211.487726625,B3/结果/offline_logs/e12-risk-development-20260911T111939727609/27182994-T6.jsonl,,13194.018128177326,111,101,19,16,3,0,3383.803626,2638.8036256354653,555.0,101.0,80.0,9.0
27182995,E11,10,3,6,False,0,random,fixed_field,a2b446103548577de61fc883ee9c635fc6a031fa26bf6eb57cb0bd8f6e99d7de,True,True,10,10,351.085214,B3/结果/offline_logs/e12-risk-development-20260911T111939727609/27182995-E11.jsonl,,13519.26070106942,128,114,11,10,1,0,3510.85214,2703.8521402138845,640.0,114.0,50.0,3.0
27182995,T2,10,3,7,True,40,random,fixed_field,a2b446103548577de61fc883ee9c635fc6a031fa26bf6eb57cb0bd8f6e99d7de,True,True,10,10,337.1557375,B3/结果/offline_logs/e12-risk-development-20260911T111939727609/27182995-T2.jsonl,,12707.786875674568,131,119,12,10,2,0,3371.557375,2541.5573751349148,655.0,119.0,50.0,6.0
27182995,T4,10,3,6,True,0,random,fixed_field,a2b446103548577de61fc883ee9c635fc6a031fa26bf6eb57cb0bd8f6e99d7de,True,True,10,10,351.085214,B3/结果/offline_logs/e12-risk-development-20260911T111939727609/27182995-T4.jsonl,,13519.26070106942,128,114,11,10,1,0,3510.85214,2703.8521402138845,640.0,114.0,50.0,3.0
27182995,T6,10,3,6,True,0,random,fixed_field,a2b446103548577de61fc883ee9c635fc6a031fa26bf6eb57cb0bd8f6e99d7de,True,True,10,10,351.085214,B3/结果/offline_logs/e12-risk-development-20260911T111939727609/27182995-T6.jsonl,,13519.26070106942,128,114,11,10,1,0,3510.85214,2703.8521402138845,640.0,114.0,50.0,3.0
27182996,E11,11,9,6,False,0,random,fixed_field,b6ead03318e4674bb3964f4f7374a9a1b669632441da2a37acce0324b9555817,True,True,11,11,253.63829709090908,B3/结果/offline_logs/e12-risk-development-20260911T111939727609/27182996-E11.jsonl,,9850.10633875774,129,117,12,11,1,0,2790.021268,1970.0212677515483,645.0,117.0,55.0,3.0
27182996,T2,11,9,7,True,0,random,fixed_field,b6ead03318e4674bb3964f4f7374a9a1b669632441da2a37acce0324b9555817,True,True,11,11,261.34452727272725,B3/结果/offline_logs/e12-risk-development-20260911T111939727609/27182996-T2.jsonl,,10423.948998522987,124,112,12,11,1,0,2874.7898,2084.789799704597,620.0,112.0,55.0,3.0
27182996,T4,11,9,7,True,0,random,fixed_field,b6ead03318e4674bb3964f4f7374a9a1b669632441da2a37acce0324b9555817,True,True,11,11,261.34452727272725,B3/结果/offline_logs/e12-risk-development-20260911T111939727609/27182996-T4.jsonl,,10423.948998522987,124,112,12,11,1,0,2874.7898,2084.789799704597,620.0,112.0,55.0,3.0
27182996,T6,11,9,7,True,0,random,fixed_field,b6ead03318e4674bb3964f4f7374a9a1b669632441da2a37acce0324b9555817,True,True,11,11,261.34452727272725,B3/结果/offline_logs/e12-risk-development-20260911T111939727609/27182996-T6.jsonl,,10423.948998522987,124,112,12,11,1,0,2874.7898,2084.789799704597,620.0,112.0,55.0,3.0
27182997,E11,12,6,6,False,20,random,fixed_field,bcc1dc6cf405a17d5364b9db6c503e20dd1999878106473154c00720b2d96e72,True,True,12,12,277.86963675,B3/结果/offline_logs/e12-risk-development-20260911T111939727609/27182997-E11.jsonl,,12972.17820492651,114,104,14,12,2,0,3334.435641,2594.435640985302,570.0,104.0,60.0,6.0
27182997,T2,12,6,7,True,5,random,fixed_field,bcc1dc6cf405a17d5364b9db6c503e20dd1999878106473154c00720b2d96e72,True,True,12,12,287.61709625,B3/结果/offline_logs/e12-risk-development-20260911T111939727609/27182997-T2.jsonl,,12997.025772836494,133,121,14,12,2,0,3451.405155,2599.4051545672983,665.0,121.0,60.0,6.0
27182997,T4,12,6,7,True,5,random,fixed_field,bcc1dc6cf405a17d5364b9db6c503e20dd1999878106473154c00720b2d96e72,True,True,12,12,287.61709625,B3/结果/offline_logs/e12-risk-development-20260911T111939727609/27182997-T4.jsonl,,12997.025772836494,133,121,14,12,2,0,3451.405155,2599.4051545672983,665.0,121.0,60.0,6.0
27182997,T6,12,6,7,True,5,random,fixed_field,bcc1dc6cf405a17d5364b9db6c503e20dd1999878106473154c00720b2d96e72,True,True,12,12,287.61709625,B3/结果/offline_logs/e12-risk-development-20260911T111939727609/27182997-T6.jsonl,,12997.025772836494,133,121,14,12,2,0,3451.405155,2599.4051545672983,665.0,121.0,60.0,6.0
27182998,E11,13,8,6,False,15,random,fixed_field,6e78bc36039d62c59e68bde715830a15c30ba0aeabb917df8c4ea2b7cb67925e,True,True,13,13,266.626557,B3/结果/offline_logs/e12-risk-development-20260911T111939727609/27182998-E11.jsonl,,14030.726206030886,101,90,13,13,0,0,3466.145241,2806.1452412061763,505.0,90.0,65.0,0.0
27182998,T2,13,8,7,True,45,random,fixed_field,6e78bc36039d62c59e68bde715830a15c30ba0aeabb917df8c4ea2b7cb67925e,True,True,13,13,286.87715492307694,B3/结果/offline_logs/e12-risk-development-20260911T111939727609/27182998-T2.jsonl,,14582.015069798492,122,108,23,13,10,0,3729.403014,2916.4030139596985,610.0,108.0,65.0,30.0
27182998,T4,13,8,7,True,45,random,fixed_field,6e78bc36039d62c59e68bde715830a15c30ba0aeabb917df8c4ea2b7cb67925e,True,True,13,13,286.87715492307694,B3/结果/offline_logs/e12-risk-development-20260911T111939727609/27182998-T4.jsonl,,14582.015069798492,122,108,23,13,10,0,3729.403014,2916.4030139596985,610.0,108.0,65.0,30.0
27182998,T6,13,8,7,True,45,random,fixed_field,6e78bc36039d62c59e68bde715830a15c30ba0aeabb917df8c4ea2b7cb67925e,True,True,13,13,286.87715492307694,B3/结果/offline_logs/e12-risk-development-20260911T111939727609/27182998-T6.jsonl,,14582.015069798492,122,108,23,13,10,0,3729.403014,2916.4030139596985,610.0,108.0,65.0,30.0
27182999,E11,14,5,6,False,25,random,fixed_field,c78f3b5709126a2f44aedbf800d1d5dbfa2960da54d5a15d166b213cbcc7bd26,True,True,14,14,253.42070028571428,B3/结果/offline_logs/e12-risk-development-20260911T111939727609/27182999-E11.jsonl,,13984.449020849277,114,102,17,14,3,0,3547.889804,2796.889804169855,570.0,102.0,70.0,9.0
27182999,T2,14,5,7,True,45,random,fixed_field,c78f3b5709126a2f44aedbf800d1d5dbfa2960da54d5a15d166b213cbcc7bd26,True,True,14,14,261.42861335714286,B3/结果/offline_logs/e12-risk-development-20260911T111939727609/27182999-T2.jsonl,,14105.002936763769,130,116,15,14,1,0,3660.000587,2821.000587352754,650.0,116.0,70.0,3.0
27182999,T4,14,5,7,True,45,random,fixed_field,c78f3b5709126a2f44aedbf800d1d5dbfa2960da54d5a15d166b213cbcc7bd26,True,True,14,14,261.42861335714286,B3/结果/offline_logs/e12-risk-development-20260911T111939727609/27182999-T4.jsonl,,14105.002936763769,130,116,15,14,1,0,3660.000587,2821.000587352754,650.0,116.0,70.0,3.0
27182999,T6,14,5,6,True,25,random,fixed_field,c78f3b5709126a2f44aedbf800d1d5dbfa2960da54d5a15d166b213cbcc7bd26,True,True,14,14,253.42070028571428,B3/结果/offline_logs/e12-risk-development-20260911T111939727609/27182999-T6.jsonl,,13984.449020849277,114,102,17,14,3,0,3547.889804,2796.889804169855,570.0,102.0,70.0,9.0
